snapshot_id,hour,date,num_vertices,num_edges,density,global_cc,avg_cc
hour-000100,100,2009-01-07 22:00:00,7,6,0.14285714285714285,0.0,0.0
hour-000200,200,2009-01-12 02:00:00,8,7,0.125,0.0,0.0
hour-000300,300,2009-01-16 06:00:00,2,1,1.0,0.0,0.0
hour-000400,400,2009-01-20 10:00:00,4,3,0.25,0.0,0.0
hour-000500,500,2009-01-24 14:00:00,6,5,0.16666666666666666,0.0,0.0
hour-000600,600,2009-01-28 18:00:00,6,5,0.16666666666666666,0.0,0.0
hour-000700,700,2009-02-01 22:00:00,8,7,0.125,0.0,0.0
hour-000800,800,2009-02-06 02:00:00,8,7,0.125,0.0,0.0
hour-000900,900,2009-02-10 06:00:00,6,5,0.16666666666666666,0.0,0.0
hour-001000,1000,2009-02-14 10:00:00,6,5,0.16666666666666666,0.0,0.0
hour-001100,1100,2009-02-18 14:00:00,4,3,0.25,0.0,0.0
hour-001200,1200,2009-02-22 18:00:00,5,4,0.2,0.0,0.0
hour-001300,1300,2009-02-26 22:00:00,4,3,0.25,0.0,0.0
hour-001400,1400,2009-03-03 02:00:00,6,5,0.16666666666666666,0.0,0.0
hour-001500,1500,2009-03-07 06:00:00,6,5,0.16666666666666666,0.0,0.0
hour-001600,1600,2009-03-11 10:00:00,6,5,0.16666666666666666,0.0,0.0
hour-001700,1700,2009-03-15 14:00:00,8,7,0.125,0.0,0.0
hour-001800,1800,2009-03-19 18:00:00,5,4,0.2,0.0,0.0
hour-001900,1900,2009-03-23 22:00:00,7,6,0.14285714285714285,0.0,0.0
hour-002000,2000,2009-03-28 02:00:00,5,4,0.2,0.0,0.0
hour-002100,2100,2009-04-01 06:00:00,6,5,0.16666666666666666,0.0,0.0
hour-002200,2200,2009-04-05 10:00:00,5,4,0.2,0.0,0.0
hour-002300,2300,2009-04-09 14:00:00,5,4,0.2,0.0,0.0
hour-002400,2400,2009-04-13 18:00:00,6,5,0.16666666666666666,0.0,0.0
hour-002500,2500,2009-04-17 22:00:00,8,7,0.125,0.0,0.0
hour-002600,2600,2009-04-22 02:00:00,7,6,0.14285714285714285,0.0,0.0
hour-002700,2700,2009-04-26 06:00:00,6,5,0.16666666666666666,0.0,0.0
hour-002800,2800,2009-04-30 10:00:00,5,4,0.2,0.0,0.0
hour-002900,2900,2009-05-04 14:00:00,6,5,0.16666666666666666,0.0,0.0
hour-003000,3000,2009-05-08 18:00:00,5,4,0.2,0.0,0.0
hour-003100,3100,2009-05-12 22:00:00,6,5,0.16666666666666666,0.0,0.0
hour-003200,3200,2009-05-17 02:00:00,4,3,0.25,0.0,0.0
hour-003300,3300,2009-05-21 06:00:00,9,8,0.1111111111111111,0.0,0.0
hour-003400,3400,2009-05-25 10:00:00,3,2,0.3333333333333333,0.0,0.0
hour-003500,3500,2009-05-29 14:00:00,3,2,0.3333333333333333,0.0,0.0
hour-003600,3600,2009-06-02 18:00:00,5,4,0.2,0.0,0.0
hour-003700,3700,2009-06-06 22:00:00,5,4,0.2,0.0,0.0
hour-003800,3800,2009-06-11 02:00:00,4,3,0.25,0.0,0.0
hour-003900,3900,2009-06-15 06:00:00,2,1,1.0,0.0,0.0
hour-004000,4000,2009-06-19 10:00:00,6,5,0.16666666666666666,0.0,0.0
hour-004100,4100,2009-06-23 14:00:00,4,3,0.25,0.0,0.0
hour-004200,4200,2009-06-27 18:00:00,6,5,0.16666666666666666,0.0,0.0
hour-004300,4300,2009-07-01 22:00:00,4,3,0.25,0.0,0.0
hour-004400,4400,2009-07-06 02:00:00,5,4,0.2,0.0,0.0
hour-004500,4500,2009-07-10 06:00:00,5,4,0.2,0.0,0.0
hour-004600,4600,2009-07-14 10:00:00,2,1,1.0,0.0,0.0
hour-004700,4700,2009-07-18 14:00:00,4,3,0.25,0.0,0.0
hour-004800,4800,2009-07-22 18:00:00,4,3,0.25,0.0,0.0
hour-004900,4900,2009-07-26 22:00:00,2,1,1.0,0.0,0.0
hour-005000,5000,2009-07-31 02:00:00,3,2,0.3333333333333333,0.0,0.0
hour-005100,5100,2009-08-04 06:00:00,4,3,0.25,0.0,0.0
hour-005200,5200,2009-08-08 10:00:00,3,2,0.3333333333333333,0.0,0.0
hour-005300,5300,2009-08-12 14:00:00,5,4,0.2,0.0,0.0
hour-005400,5400,2009-08-16 18:00:00,3,2,0.3333333333333333,0.0,0.0
hour-005500,5500,2009-08-20 22:00:00,3,2,0.3333333333333333,0.0,0.0
hour-005600,5600,2009-08-25 02:00:00,4,3,0.25,0.0,0.0
hour-005700,5700,2009-08-29 06:00:00,4,3,0.25,0.0,0.0
hour-005800,5800,2009-09-02 10:00:00,3,2,0.3333333333333333,0.0,0.0
hour-005900,5900,2009-09-06 14:00:00,2,1,1.0,0.0,0.0
hour-006000,6000,2009-09-10 18:00:00,4,3,0.25,0.0,0.0
hour-006100,6100,2009-09-14 22:00:00,3,2,0.3333333333333333,0.0,0.0
hour-006200,6200,2009-09-19 02:00:00,5,3,0.15,0.0,0.0
hour-006300,6300,2009-09-23 06:00:00,5,4,0.2,0.0,0.0
hour-006400,6400,2009-09-27 10:00:00,8,7,0.125,0.0,0.0
hour-006500,6500,2009-10-01 14:00:00,2,1,1.0,0.0,0.0
hour-006600,6600,2009-10-05 18:00:00,3,2,0.3333333333333333,0.0,0.0
hour-006700,6700,2009-10-09 22:00:00,3,2,0.3333333333333333,0.0,0.0
hour-006800,6800,2009-10-14 02:00:00,4,3,0.25,0.0,0.0
hour-006900,6900,2009-10-18 06:00:00,6,5,0.16666666666666666,0.0,0.0
hour-007000,7000,2009-10-22 10:00:00,4,3,0.25,0.0,0.0
hour-007100,7100,2009-10-26 14:00:00,4,3,0.25,0.0,0.0
hour-007200,7200,2009-10-30 18:00:00,4,3,0.25,0.0,0.0
hour-007300,7300,2009-11-03 22:00:00,7,6,0.14285714285714285,0.0,0.0
hour-007400,7400,2009-11-08 02:00:00,9,8,0.1111111111111111,0.0,0.0
hour-007500,7500,2009-11-12 06:00:00,2,1,1.0,0.0,0.0
hour-007600,7600,2009-11-16 10:00:00,7,6,0.14285714285714285,0.0,0.0
hour-007700,7700,2009-11-20 14:00:00,5,4,0.2,0.0,0.0
hour-007800,7800,2009-11-24 18:00:00,10,9,0.1,0.0,0.0
hour-007900,7900,2009-11-28 22:00:00,9,8,0.1111111111111111,0.0,0.0
hour-008000,8000,2009-12-03 02:00:00,10,9,0.1,0.0,0.0
hour-008100,8100,2009-12-07 06:00:00,7,6,0.14285714285714285,0.0,0.0
hour-008200,8200,2009-12-11 10:00:00,7,6,0.14285714285714285,0.0,0.0
hour-008300,8300,2009-12-15 14:00:00,3,2,0.3333333333333333,0.0,0.0
hour-008400,8400,2009-12-19 18:00:00,6,5,0.16666666666666666,0.0,0.0
hour-008500,8500,2009-12-23 22:00:00,10,9,0.1,0.0,0.0
hour-008600,8600,2009-12-28 02:00:00,7,6,0.14285714285714285,0.0,0.0
hour-008700,8700,2010-01-01 06:00:00,7,6,0.14285714285714285,0.0,0.0
hour-008800,8800,2010-01-05 10:00:00,13,12,0.07692307692307693,0.0,0.0
hour-008900,8900,2010-01-09 14:00:00,11,10,0.09090909090909091,0.0,0.0
hour-009000,9000,2010-01-13 18:00:00,10,9,0.1,0.0,0.0
hour-009100,9100,2010-01-17 22:00:00,10,9,0.1,0.0,0.0
hour-009200,9200,2010-01-22 02:00:00,8,7,0.125,0.0,0.0
hour-009300,9300,2010-01-26 06:00:00,4,3,0.25,0.0,0.0
hour-009400,9400,2010-01-30 10:00:00,12,11,0.08333333333333333,0.0,0.0
hour-009500,9500,2010-02-03 14:00:00,7,6,0.14285714285714285,0.0,0.0
hour-009600,9600,2010-02-07 18:00:00,4,3,0.25,0.0,0.0
hour-009700,9700,2010-02-11 22:00:00,7,6,0.14285714285714285,0.0,0.0
hour-009800,9800,2010-02-16 02:00:00,8,6,0.10714285714285714,0.0,0.0
hour-009900,9900,2010-02-20 06:00:00,10,9,0.1,0.0,0.0
hour-010000,10000,2010-02-24 10:00:00,7,6,0.14285714285714285,0.0,0.0
hour-010100,10100,2010-02-28 14:00:00,7,6,0.14285714285714285,0.0,0.0
hour-010200,10200,2010-03-04 18:00:00,6,5,0.16666666666666666,0.0,0.0
hour-010300,10300,2010-03-08 22:00:00,10,9,0.1,0.0,0.0
hour-010400,10400,2010-03-13 02:00:00,20,15,0.039473684210526314,0.0,0.0
hour-010500,10500,2010-03-17 06:00:00,12,10,0.07575757575757576,0.0,0.0
hour-010600,10600,2010-03-21 10:00:00,16,13,0.05416666666666667,0.0,0.0
hour-010700,10700,2010-03-25 14:00:00,9,7,0.09722222222222222,0.0,0.0
hour-010800,10800,2010-03-29 18:00:00,10,7,0.07777777777777778,0.0,0.0
hour-010900,10900,2010-04-02 22:00:00,7,6,0.14285714285714285,0.0,0.0
hour-011000,11000,2010-04-07 02:00:00,10,7,0.07777777777777778,0.0,0.0
hour-011100,11100,2010-04-11 06:00:00,4,3,0.25,0.0,0.0
hour-011200,11200,2010-04-15 10:00:00,4,3,0.25,0.0,0.0
hour-011300,11300,2010-04-19 14:00:00,13,10,0.0641025641025641,0.0,0.0
hour-011400,11400,2010-04-23 18:00:00,14,11,0.06043956043956044,0.0,0.0
hour-011500,11500,2010-04-27 22:00:00,19,13,0.038011695906432746,0.0,0.0
hour-011600,11600,2010-05-02 02:00:00,9,7,0.09722222222222222,0.0,0.0
hour-011700,11700,2010-05-06 06:00:00,11,7,0.06363636363636363,0.0,0.0
hour-011800,11800,2010-05-10 10:00:00,4,3,0.25,0.0,0.0
hour-011900,11900,2010-05-14 14:00:00,7,5,0.11904761904761904,0.0,0.0
hour-012000,12000,2010-05-18 18:00:00,24,20,0.036231884057971016,0.0,0.0
hour-012100,12100,2010-05-22 22:00:00,7,4,0.09523809523809523,0.0,0.0
hour-012200,12200,2010-05-27 02:00:00,9,7,0.09722222222222222,0.0,0.0
hour-012300,12300,2010-05-31 06:00:00,11,9,0.08181818181818182,0.0,0.0
hour-012400,12400,2010-06-04 10:00:00,11,8,0.07272727272727272,0.0,0.0
hour-012500,12500,2010-06-08 14:00:00,17,13,0.04779411764705882,0.0,0.0
hour-012600,12600,2010-06-12 18:00:00,178,184,0.005840157430330731,0.009911894273127754,0.012172284644194755
hour-012700,12700,2010-06-16 22:00:00,61,52,0.014207650273224045,0.4251968503937008,0.08028583438419505
hour-012800,12800,2010-06-21 02:00:00,44,44,0.023255813953488372,0.4368932038834951,0.13668831168831166
hour-012900,12900,2010-06-25 06:00:00,17,13,0.04779411764705882,0.0,0.0
hour-013000,13000,2010-06-29 10:00:00,23,18,0.03557312252964427,0.0,0.0
hour-013100,13100,2010-07-03 14:00:00,20,21,0.05526315789473684,0.24,0.04348484848484848
hour-013200,13200,2010-07-07 18:00:00,16,11,0.04583333333333333,0.0,0.0
hour-013300,13300,2010-07-11 22:00:00,20,14,0.03684210526315789,0.0,0.0
hour-013400,13400,2010-07-16 02:00:00,25,19,0.03166666666666667,0.0,0.0
hour-013500,13500,2010-07-20 06:00:00,22,18,0.03896103896103896,0.3333333333333333,0.07575757575757575
hour-013600,13600,2010-07-24 10:00:00,23,18,0.03557312252964427,0.0,0.0
hour-013700,13700,2010-07-28 14:00:00,15,12,0.05714285714285714,0.6923076923076923,0.15555555555555553
hour-013800,13800,2010-08-01 18:00:00,25,20,0.03333333333333333,0.0,0.0
hour-013900,13900,2010-08-05 22:00:00,16,12,0.05,0.0,0.0
hour-014000,14000,2010-08-10 02:00:00,13,10,0.0641025641025641,0.0,0.0
hour-014100,14100,2010-08-14 06:00:00,28,26,0.03439153439153439,0.6923076923076923,0.1130952380952381
hour-014200,14200,2010-08-18 10:00:00,21,17,0.04047619047619048,0.0,0.0
hour-014300,14300,2010-08-22 14:00:00,24,23,0.041666666666666664,0.34615384615384615,0.09285714285714286
hour-014400,14400,2010-08-26 18:00:00,20,18,0.04736842105263158,0.0,0.0
hour-014500,14500,2010-08-30 22:00:00,30,26,0.029885057471264367,0.0,0.0
hour-014600,14600,2010-09-04 02:00:00,27,24,0.03418803418803419,0.16363636363636364,0.08024691358024692
hour-014700,14700,2010-09-08 06:00:00,42,35,0.02032520325203252,0.0,0.0
hour-014800,14800,2010-09-12 10:00:00,23,18,0.03557312252964427,0.36,0.07246376811594202
hour-014900,14900,2010-09-16 14:00:00,15,11,0.05238095238095238,0.0,0.0
hour-015000,15000,2010-09-20 18:00:00,23,18,0.03557312252964427,0.0,0.0
hour-015100,15100,2010-09-24 22:00:00,8,5,0.08928571428571429,0.0,0.0
hour-015200,15200,2010-09-29 02:00:00,16,12,0.05,0.0,0.0
hour-015300,15300,2010-10-03 06:00:00,22,16,0.03463203463203463,0.0,0.0
hour-015400,15400,2010-10-07 10:00:00,12,9,0.06818181818181818,0.0,0.0
hour-015500,15500,2010-10-11 14:00:00,26,22,0.033846153846153845,0.0,0.0
hour-015600,15600,2010-10-15 18:00:00,30,25,0.028735632183908046,0.0,0.0
hour-015700,15700,2010-10-19 22:00:00,17,12,0.04411764705882353,0.0,0.0
hour-015800,15800,2010-10-24 02:00:00,8,6,0.10714285714285714,0.0,0.0
hour-015900,15900,2010-10-28 06:00:00,23,18,0.03557312252964427,0.0,0.0
hour-016000,16000,2010-11-01 10:00:00,31,31,0.03333333333333333,0.44554455445544555,0.1129032258064516
hour-016100,16100,2010-11-05 14:00:00,25,19,0.03166666666666667,0.0,0.0
hour-016200,16200,2010-11-09 18:00:00,15,11,0.05238095238095238,0.0,0.0
hour-016300,16300,2010-11-13 22:00:00,51,49,0.019215686274509803,0.45454545454545453,0.11895424836601307
hour-016400,16400,2010-11-18 02:00:00,36,31,0.024603174603174603,0.0,0.0
hour-016500,16500,2010-11-22 06:00:00,36,34,0.026984126984126985,0.0,0.0
hour-016600,16600,2010-11-26 10:00:00,60,64,0.01807909604519774,0.07627118644067797,0.011904761904761902
hour-016700,16700,2010-11-30 14:00:00,81,70,0.010802469135802469,0.0,0.0
hour-016800,16800,2010-12-04 18:00:00,73,61,0.011605783866057838,0.25,0.030136986301369864
hour-016900,16900,2010-12-08 22:00:00,34,28,0.024955436720142603,0.0,0.0
hour-017000,17000,2010-12-13 02:00:00,97,72,0.007731958762886598,0.0,0.0
hour-017100,17100,2010-12-17 06:00:00,72,84,0.01643192488262911,0.0962566844919786,0.06636839408578539
hour-017200,17200,2010-12-21 10:00:00,122,99,0.0067064083457526085,0.0,0.0
hour-017300,17300,2010-12-25 14:00:00,110,104,0.008673894912427023,0.2334293948126801,0.06355840238193179
hour-017400,17400,2010-12-29 18:00:00,131,108,0.006341749853200235,0.11612903225806452,0.012995274445656126
hour-017500,17500,2011-01-02 22:00:00,133,110,0.006265664160401002,0.225,0.03007518796992481
hour-017600,17600,2011-01-07 02:00:00,72,53,0.010367762128325509,0.16666666666666666,0.020833333333333332
hour-017700,17700,2011-01-11 06:00:00,179,157,0.004927499843073254,0.038461538461538464,0.01675977653631285
hour-017800,17800,2011-01-15 10:00:00,289,289,0.003472222222222222,0.10331632653061225,0.021194020150869325
hour-017900,17900,2011-01-19 14:00:00,145,129,0.00617816091954023,0.0,0.0
hour-018000,18000,2011-01-23 18:00:00,222,211,0.004300680771269006,0.1005586592178771,0.013963963963963964
hour-018100,18100,2011-01-27 22:00:00,216,198,0.004263565891472868,0.0,0.0
hour-018200,18200,2011-02-01 02:00:00,841,1341,0.0018982503821980635,0.06516762951774396,0.2659448809313354
hour-018300,18300,2011-02-05 06:00:00,170,164,0.005708318830490776,0.29482758620689653,0.04692355574708514
hour-018400,18400,2011-02-09 10:00:00,158,120,0.004837539305006853,0.1469387755102041,0.011768842558120293
hour-018500,18500,2011-02-13 14:00:00,150,132,0.005906040268456376,0.041474654377880185,0.0034814814814814817
hour-018600,18600,2011-02-17 18:00:00,113,92,0.007269279393173199,0.17880794701986755,0.0164923572003218
hour-018700,18700,2011-02-21 22:00:00,220,248,0.00514736405147364,0.21573736321000522,0.09968977563317183
hour-018800,18800,2011-02-26 02:00:00,71,61,0.01227364185110664,0.5526315789473685,0.07339593114241001
hour-018900,18900,2011-03-02 06:00:00,312,313,0.0032257399620743673,0.023732786404922355,0.025334606913554276
hour-019000,19000,2011-03-06 10:00:00,166,186,0.006790799561883899,0.24347014925373134,0.061252703120173
hour-019100,19100,2011-03-10 14:00:00,211,206,0.004649063416835929,0.02754165249914995,0.03801873241807303
hour-019200,19200,2011-03-14 18:00:00,289,469,0.005634851980007689,0.11748127271378773,0.2101425156202172
hour-019300,19300,2011-03-18 22:00:00,81,61,0.009413580246913581,0.0,0.0
hour-019400,19400,2011-03-23 02:00:00,125,97,0.0062580645161290326,0.2155688622754491,0.013743589743589742
hour-019500,19500,2011-03-27 06:00:00,204,200,0.004829518014102193,0.11790393013100436,0.02811126213939513
hour-019600,19600,2011-03-31 10:00:00,339,362,0.0031593094901467946,0.10607647983237296,0.04637271171911195
hour-019700,19700,2011-04-04 14:00:00,340,317,0.002750303661287524,0.03537735849056604,0.00721701074642251
hour-019800,19800,2011-04-08 18:00:00,472,558,0.0025099859656698693,0.06986271832099475,0.17543159973925085
hour-019900,19900,2011-04-12 22:00:00,263,255,0.0037006936986619453,0.014411529223378704,0.01685678073510773
hour-020000,20000,2011-04-17 02:00:00,487,497,0.0020998639524763183,0.052974864778873684,0.028675709567260503
hour-020100,20100,2011-04-21 06:00:00,577,771,0.002319829578278452,0.07076001497566455,0.09078256289802693
hour-020200,20200,2011-04-25 10:00:00,517,570,0.0021366560208717555,0.03413246647704185,0.020905867182462925
hour-020300,20300,2011-04-29 14:00:00,251,254,0.004047808764940239,0.018810961449140733,0.014444488407460048
hour-020400,20400,2011-05-03 18:00:00,491,541,0.0022486387630408578,0.03617616218105558,0.026438849353786993
hour-020500,20500,2011-05-07 22:00:00,642,676,0.0016426825297310957,0.01991150442477876,0.01869561669630369
hour-020600,20600,2011-05-12 02:00:00,999,1161,0.0011644911444510643,0.056491416309012873,0.04459575692847357
hour-020700,20700,2011-05-16 06:00:00,1649,1918,0.0007057822628601035,0.011705787253698323,0.04255297218734677
hour-020800,20800,2011-05-20 10:00:00,1378,1580,0.0008326719388502593,0.02870169668884072,0.030616984063022188
hour-020900,20900,2011-05-24 14:00:00,1258,1478,0.0009346704559395841,0.04103795404982708,0.05949423988032622
hour-021000,21000,2011-05-28 18:00:00,916,1002,0.0011955043310186843,0.0343482317021457,0.04042808558329166
hour-021100,21100,2011-06-01 22:00:00,650,625,0.0014815692781794476,0.034652702910827046,0.019635686023572595
hour-021200,21200,2011-06-06 02:00:00,1317,1566,0.000903545637709356,0.02298770360238391,0.049196445291444624
hour-021300,21300,2011-06-10 06:00:00,1034,1141,0.0010682300336478418,0.02738336713995943,0.030633573134195412
hour-021400,21400,2011-06-14 10:00:00,877,966,0.0012573999156526765,0.024867405595960238,0.03305352413301571
hour-021500,21500,2011-06-18 14:00:00,1278,1441,0.0008829624400890683,0.01833252377744003,0.03739623052525333
hour-021600,21600,2011-06-22 18:00:00,803,867,0.0013462607491234553,0.0289738430583501,0.0516306050497894
hour-021700,21700,2011-06-26 22:00:00,1362,1613,0.0008701600382374108,0.02417556061877923,0.05493904768868642
hour-021800,21800,2011-07-01 02:00:00,832,980,0.0014174303434231232,0.03348139922265408,0.057924274345571486
hour-021900,21900,2011-07-05 06:00:00,776,845,0.0014050548719654141,0.04014272970561998,0.04651102319095754
hour-022000,22000,2011-07-09 10:00:00,865,949,0.0012698030400342538,0.02749427202666111,0.04189320234057965
hour-022100,22100,2011-07-13 14:00:00,599,674,0.001881619868119106,0.05016515276630883,0.04974699128749902
hour-022200,22200,2011-07-17 18:00:00,940,1132,0.0012824870278476423,0.050103964048561274,0.06747015421555468
hour-022300,22300,2011-07-21 22:00:00,1054,1150,0.001036164856531713,0.011242638748438522,0.025724255765064236
hour-022400,22400,2011-07-26 02:00:00,798,902,0.0014182256142237651,0.03584913489066844,0.05684152695410519
hour-022500,22500,2011-07-30 06:00:00,598,639,0.0017898858842708527,0.051193499238191977,0.035538357732826736
hour-022600,22600,2011-08-03 10:00:00,457,455,0.002183385158739299,0.040344827586206895,0.03897646027254644
hour-022700,22700,2011-08-07 14:00:00,799,855,0.0013409619166815663,0.0174484052532833,0.03177315815887565
hour-022800,22800,2011-08-11 18:00:00,557,671,0.002166668819343089,0.08030353569046031,0.05463371016145512
hour-022900,22900,2011-08-15 22:00:00,606,610,0.0016638027439107546,0.05977358490566038,0.029401565712731715
hour-023000,23000,2011-08-20 02:00:00,837,1042,0.0014891415570532718,0.03851885819098934,0.056103994802149
hour-023100,23100,2011-08-24 06:00:00,1238,1547,0.001010182799336035,0.027975731340877955,0.0977260865877939
hour-023200,23200,2011-08-28 10:00:00,875,985,0.0012880026152337365,0.03264696468579964,0.057421596658810393
hour-023300,23300,2011-09-01 14:00:00,478,488,0.002140294553652097,0.021176470588235293,0.018990216541912915
hour-023400,23400,2011-09-05 18:00:00,434,515,0.0027404987175530275,0.10496057818659658,0.0729085957879362
hour-023500,23500,2011-09-09 22:00:00,273,311,0.004188213747037276,0.10847457627118644,0.05670271384557097
hour-023600,23600,2011-09-14 02:00:00,801,918,0.0014325842696629213,0.04254427955959789,0.04423116589823196
hour-023700,23700,2011-09-18 06:00:00,312,333,0.003431857531535988,0.05478693967902601,0.041086822566755665
hour-023800,23800,2011-09-22 10:00:00,235,275,0.005000909256228405,0.10933186085035891,0.0718449568872186
hour-023900,23900,2011-09-26 14:00:00,292,319,0.003754177846820129,0.03390362580442631,0.0404564061896858
hour-024000,24000,2011-09-30 18:00:00,632,760,0.001905755381251379,0.07800337051600995,0.0784700778786652
hour-024100,24100,2011-10-04 22:00:00,429,465,0.0025325142147572055,0.06176605154796401,0.05030700011771572
hour-024200,24200,2011-10-09 02:00:00,700,859,0.0017555691804618844,0.04746100232326585,0.11046555115499436
hour-024300,24300,2011-10-13 06:00:00,591,623,0.001786687315380424,0.03835351089588378,0.029454846095734285
hour-024400,24400,2011-10-17 10:00:00,504,516,0.0020354066079712203,0.049697185607410044,0.03395716071153493
hour-024500,24500,2011-10-21 14:00:00,433,457,0.0024431186382687536,0.016289592760180997,0.027020244256326806
hour-024600,24600,2011-10-25 18:00:00,475,539,0.0023939595825005554,0.02467354447731044,0.04213886850781851
hour-024700,24700,2011-10-29 22:00:00,467,525,0.0024124399187582138,0.06430485263471271,0.04812115407839631
hour-024800,24800,2011-11-03 02:00:00,739,833,0.001527369806850978,0.016213407240602808,0.02214282710703743
hour-024900,24900,2011-11-07 06:00:00,662,824,0.0018830756292534884,0.0374331550802139,0.06525213685594743
hour-025000,25000,2011-11-11 10:00:00,34,29,0.025846702317290554,0.0,0.0
hour-025100,25100,2011-11-15 14:00:00,252,291,0.004600645038892051,0.05385885266198927,0.051370723390868275
hour-025200,25200,2011-11-19 18:00:00,412,485,0.0028641957810691425,0.0749798441279226,0.04765878680200234
hour-025300,25300,2011-11-23 22:00:00,393,405,0.002628914161084281,0.02761795166858458,0.02252438051082782
hour-025400,25400,2011-11-28 02:00:00,349,419,0.0034499226031683298,0.03041274438812455,0.04498559603738163
hour-025500,25500,2011-12-02 06:00:00,468,592,0.002708687933527334,0.07084468664850137,0.07501765919651848
hour-025600,25600,2011-12-06 10:00:00,285,324,0.004002965159377317,0.04705614912480109,0.03000726239210382
hour-025700,25700,2011-12-10 14:00:00,333,392,0.003545714389087883,0.062326869806094184,0.05524869968598146
hour-025800,25800,2011-12-14 18:00:00,649,807,0.001918906579923529,0.044257930932485395,0.08511168150056383
hour-025900,25900,2011-12-18 22:00:00,239,331,0.005819064027284554,0.1348245434024215,0.11161430701130146
hour-026000,26000,2011-12-23 02:00:00,396,515,0.0032924178493798748,0.06641275886693644,0.06977768851791252
hour-026100,26100,2011-12-27 06:00:00,526,610,0.002208944414267608,0.025805130305667914,0.046681594585805807
hour-026200,26200,2011-12-31 10:00:00,470,560,0.0025404890441409972,0.04172328351051075,0.05493893447359473
hour-026300,26300,2012-01-04 14:00:00,457,583,0.002797612192406618,0.0848199259508583,0.09713948270244491
hour-026400,26400,2012-01-08 18:00:00,409,463,0.0027745817153267175,0.05218934911242604,0.052722798409461834
hour-026500,26500,2012-01-12 22:00:00,826,1049,0.0015393645902120477,0.02196585926525052,0.08768162273910318
hour-026600,26600,2012-01-17 02:00:00,315,385,0.00389242745930644,0.08284970982589554,0.06526551202263754
hour-026700,26700,2012-01-21 06:00:00,370,460,0.0033692228814180035,0.07754376367614879,0.06724927318722998
hour-026800,26800,2012-01-25 10:00:00,668,742,0.0016653349971720726,0.009673027777114334,0.03139212832356927
hour-026900,26900,2012-01-29 14:00:00,591,672,0.0019272132840058504,0.014125560538116592,0.05637547453852414
hour-027000,27000,2012-02-02 18:00:00,598,711,0.0019915631670055964,0.06945895972345044,0.06724159664504498
hour-027100,27100,2012-02-06 22:00:00,443,550,0.0028089026893966477,0.05244215938303342,0.05963089993963164
hour-027200,27200,2012-02-11 02:00:00,440,518,0.002681714640712363,0.06826672704630364,0.069533669452859
hour-027300,27300,2012-02-15 06:00:00,649,707,0.0016811238562650993,0.007861168792643133,0.03477786576028702
hour-027400,27400,2012-02-19 10:00:00,422,496,0.0027918181715842444,0.05182125422455877,0.054627595476336575
hour-027500,27500,2012-02-23 14:00:00,488,594,0.0024994109132527686,0.05623514916835343,0.06957450625799229
hour-027600,27600,2012-02-27 18:00:00,586,713,0.002079869315364196,0.05601536118651924,0.09085828499360651
hour-027700,27700,2012-03-02 22:00:00,1061,1276,0.0011345651130119324,0.028399893449173208,0.04367697552964376
hour-027800,27800,2012-03-07 02:00:00,511,649,0.0024903111929703388,0.024392309646819682,0.0831784342338448
hour-027900,27900,2012-03-11 06:00:00,679,779,0.001692146615055109,0.015941708097663092,0.052121667073284035
hour-028000,28000,2012-03-15 10:00:00,487,587,0.002480121006244666,0.06668783740870117,0.07289669003306641
hour-028100,28100,2012-03-19 14:00:00,990,1177,0.0012021121222334568,0.013072821639239722,0.061043442588690176
hour-028200,28200,2012-03-23 18:00:00,864,1075,0.0014417299686708726,0.01855694319383001,0.06138599637831038
hour-028300,28300,2012-03-27 22:00:00,346,440,0.003686018262545028,0.08228874797227548,0.07380486237403659
hour-028400,28400,2012-04-01 02:00:00,627,849,0.0021630463029487746,0.06770606192760575,0.1068045460278323
hour-028500,28500,2012-04-05 06:00:00,502,580,0.0023061446827460615,0.00847247683694198,0.027436716004389048
hour-028600,28600,2012-04-09 10:00:00,583,730,0.0021514503132865318,0.05715708859971359,0.06297150156935967
hour-028700,28700,2012-04-13 14:00:00,498,707,0.0028564964081678828,0.08205447647092134,0.11778240456041275
hour-028800,28800,2012-04-17 18:00:00,436,632,0.00333227881472108,0.07450867468144842,0.07984376651702582
hour-028900,28900,2012-04-21 22:00:00,575,802,0.0024299348583547947,0.09794014768752429,0.07776041310833924
hour-029000,29000,2012-04-26 02:00:00,408,579,0.003486775545599075,0.08476232785428699,0.0658223790312898
hour-029100,29100,2012-04-30 06:00:00,736,942,0.0017413487133984028,0.01410174145315088,0.03101396037693174
hour-029200,29200,2012-05-04 10:00:00,659,1000,0.0023061560529677922,0.07986657435961986,0.10189863529861078
hour-029300,29300,2012-05-08 14:00:00,899,1436,0.0017787643285907876,0.05109214160180768,0.09862540715168255
hour-029400,29400,2012-05-12 18:00:00,539,710,0.0024484278334517317,0.07023041474654378,0.07045382562552305
hour-029500,29500,2012-05-16 22:00:00,621,867,0.0022518310737104567,0.10972222222222222,0.12132455277335537
hour-029600,29600,2012-05-21 02:00:00,761,1042,0.001801646033612283,0.07218729676999783,0.07491949091948844
hour-029700,29700,2012-05-25 06:00:00,942,1456,0.0016425585105062826,0.04980215987861839,0.11462771156933678
hour-029800,29800,2012-05-29 10:00:00,1476,2440,0.0011207569702815672,0.03304237233403051,0.14311604057790753
hour-029900,29900,2012-06-02 14:00:00,757,1056,0.0018452118848420037,0.05683596912614023,0.09886908100806445
hour-030000,30000,2012-06-06 18:00:00,625,1066,0.0027333333333333333,0.10538538636419195,0.15696259959676243
hour-030100,30100,2012-06-10 22:00:00,1428,2908,0.0014270599620366717,0.044543960121681554,0.35459270238165913
hour-030200,30200,2012-06-15 02:00:00,1218,2415,0.0016292182585781884,0.05458593998515534,0.23694418393305225
hour-030300,30300,2012-06-19 06:00:00,1352,2330,0.001275627521143663,0.028219844357976653,0.17446242307969342
hour-030400,30400,2012-06-23 10:00:00,1969,2696,0.0006957433718572839,0.032713739770703694,0.0910894709731992
hour-030500,30500,2012-06-27 14:00:00,715,1307,0.0025601849131260896,0.041839478601704574,0.13616138481954518
hour-030600,30600,2012-07-01 18:00:00,1417,2593,0.0012923180587618467,0.029127082815220095,0.147901714890982
hour-030700,30700,2012-07-05 22:00:00,1671,2892,0.0010363474128941398,0.023214599869607062,0.13815646771194656
hour-030800,30800,2012-07-10 02:00:00,777,1203,0.001995183696214624,0.050744992672203226,0.11434904709237613
hour-030900,30900,2012-07-14 06:00:00,852,1483,0.0020453705389406555,0.05460840551226089,0.1627133083270405
hour-031000,31000,2012-07-18 10:00:00,998,1490,0.0014974784071653839,0.04304362296152946,0.1224039394419177
hour-031100,31100,2012-07-22 14:00:00,1298,1907,0.001132755095615935,0.04841075794621027,0.1244832932637794
hour-031200,31200,2012-07-26 18:00:00,1321,2073,0.0011888376574220633,0.03099123234291281,0.11377374917918247
hour-031300,31300,2012-07-30 22:00:00,900,1362,0.0016833518724508713,0.051141388006419285,0.10848960998357114
hour-031400,31400,2012-08-04 02:00:00,2225,3079,0.000622221324064344,0.006991440453522277,0.054679631454706175
hour-031500,31500,2012-08-08 06:00:00,1496,2625,0.0011736984243378105,0.03136767195218848,0.17390534586637857
hour-031600,31600,2012-08-12 10:00:00,1204,1934,0.0013352554383697457,0.05039638179822987,0.10406715566640465
hour-031700,31700,2012-08-16 14:00:00,620,870,0.0022669237584032518,0.06922199213962726,0.08176895914766769
hour-031800,31800,2012-08-20 18:00:00,822,1173,0.0017381331294397966,0.06516454505057898,0.07286248644014637
hour-031900,31900,2012-08-24 22:00:00,1582,2318,0.0009267766484269985,0.009562808389654119,0.030896237464637447
hour-032000,32000,2012-08-29 02:00:00,1084,1564,0.0013322293887758822,0.021908598255426435,0.029890914867396284
hour-032100,32100,2012-09-02 06:00:00,1719,2663,0.0009017208884337958,0.008754994035418606,0.04228072688499915
hour-032200,32200,2012-09-06 10:00:00,1961,3030,0.0007883316508653436,0.03251351351351351,0.08140180257782129
hour-032300,32300,2012-09-10 14:00:00,1746,2388,0.0007837808564479761,0.007359009892628322,0.05312978264268825
hour-032400,32400,2012-09-14 18:00:00,766,1425,0.0024317821123227357,0.06304137901214996,0.11168004425522554
hour-032500,32500,2012-09-18 22:00:00,1198,1919,0.001338209184619869,0.05298856290402785,0.11325164245548747
hour-032600,32600,2012-09-23 02:00:00,1453,2493,0.0011816532338336755,0.028293105567881793,0.07799490031302458
hour-032700,32700,2012-09-27 06:00:00,1496,2238,0.001000661742349722,0.031098876571683653,0.06741632965433295
hour-032800,32800,2012-10-01 10:00:00,1982,2927,0.0007454775972138952,0.01916012689931541,0.08964681977171293
hour-032900,32900,2012-10-05 14:00:00,802,1289,0.002006531735579902,0.05134284126690128,0.10264613649297553
hour-033000,33000,2012-10-09 18:00:00,993,1783,0.0018100493779033883,0.04220509365786227,0.10497637127570568
hour-033100,33100,2012-10-13 22:00:00,993,1454,0.0014760582139492578,0.04485369609856263,0.05976445365709718
hour-033200,33200,2012-10-18 02:00:00,753,1257,0.002219844028142748,0.03660035938337379,0.08435966991185519
hour-033300,33300,2012-10-22 06:00:00,557,775,0.002502486341268099,0.05987135081642751,0.04787742330816593
hour-033400,33400,2012-10-26 10:00:00,1458,2955,0.0013910425334203265,0.02550707170479852,0.26230963850030165
hour-033500,33500,2012-10-30 14:00:00,1455,2347,0.0011093936858624389,0.021713630224425982,0.09974392627245751
hour-033600,33600,2012-11-03 18:00:00,1406,1977,0.001000794763671707,0.013468519364377238,0.049841269779180436
hour-033700,33700,2012-11-07 22:00:00,732,1245,0.002326702697853827,0.05265257279617072,0.08774677467692159
hour-033800,33800,2012-11-12 02:00:00,901,1685,0.0020779380934763843,0.04374240583232078,0.16338639788704987
hour-033900,33900,2012-11-16 06:00:00,2281,4601,0.0008846920018151473,0.016534542680845633,0.22295232286909747
hour-034000,34000,2012-11-20 10:00:00,1986,3284,0.0008330352771668683,0.012136518455015177,0.05731806236806387
hour-034100,34100,2012-11-24 14:00:00,675,1240,0.0027255742389273546,0.06586682663467307,0.10264310391678519
hour-034200,34200,2012-11-28 18:00:00,1524,4268,0.0018388213620375588,0.014316969028078852,0.3284663287199739
hour-034300,34300,2012-12-02 22:00:00,1464,2250,0.0010505025604249073,0.025266766185658207,0.07191216257774054
hour-034400,34400,2012-12-07 02:00:00,1984,2935,0.0007460084101963463,0.017850603044231472,0.06735100258981842
hour-034500,34500,2012-12-11 06:00:00,2159,3362,0.0007215951846721335,0.018318759026177668,0.0762504833205649
hour-034600,34600,2012-12-15 10:00:00,1919,2980,0.0008096413614798722,0.019180415668655252,0.0566283095391368
hour-034700,34700,2012-12-19 14:00:00,931,1667,0.0019253202129748334,0.048304354880986555,0.07318809270664406
hour-034800,34800,2012-12-23 18:00:00,1277,1963,0.0012046994940630347,0.028690654401327884,0.07853247531160223
hour-034900,34900,2012-12-27 22:00:00,1523,2686,0.0011587545502470657,0.027609972369015474,0.11412658135804443
hour-035000,35000,2013-01-01 02:00:00,1415,2417,0.001208010755643964,0.02626982115704873,0.09742742966848762
hour-035100,35100,2013-01-05 06:00:00,1584,2508,0.0010002105706464518,0.02520869720682684,0.08692746298062712
hour-035200,35200,2013-01-09 10:00:00,1849,3969,0.0011615615320320566,0.021230326932291474,0.2054945345199386
hour-035300,35300,2013-01-13 14:00:00,883,1524,0.0019568416267979447,0.04010886841257804,0.09843909906439664
hour-035400,35400,2013-01-17 18:00:00,1149,2160,0.0016375396875938173,0.03344680703498419,0.10935659606728496
hour-035500,35500,2013-01-21 22:00:00,2334,4480,0.0008227396422037522,0.01697347683110511,0.13092979674917296
hour-035600,35600,2013-01-26 02:00:00,2911,4824,0.0005694716450576732,0.015156112007094717,0.0874812852759023
hour-035700,35700,2013-01-30 06:00:00,833,1622,0.0023403592206113215,0.044959279026390145,0.12754032231861673
hour-035800,35800,2013-02-03 10:00:00,793,1357,0.0021606353573566687,0.03534167833493004,0.12315619716912836
hour-035900,35900,2013-02-07 14:00:00,2399,3633,0.0006315183453211149,0.014234453671614465,0.14904797145877255
hour-036000,36000,2013-02-11 18:00:00,3078,4743,0.000500791573777907,0.015109865103493474,0.05279139743206999
hour-036100,36100,2013-02-15 22:00:00,1754,2651,0.0008621805525110562,0.015105585519700156,0.07370706345598022
hour-036200,36200,2013-02-20 02:00:00,3421,6388,0.0005459913058491498,0.012446230023566113,0.19971849817749238
hour-036300,36300,2013-02-24 06:00:00,4222,6119,0.0003433577639761312,0.008932146017681365,0.08381430867685347
hour-036400,36400,2013-02-28 10:00:00,1775,2997,0.0009517760452228592,0.03549448000109172,0.14388326668598447
hour-036500,36500,2013-03-04 14:00:00,4121,5563,0.00032764928863057556,0.004769680015157763,0.06079794811508308
hour-036600,36600,2013-03-08 18:00:00,3788,5623,0.00039197900671139444,0.010382962725138863,0.10764434856726597
hour-036700,36700,2013-03-12 22:00:00,3805,5712,0.0003946326641435601,0.015155501201632515,0.10229898206473993
hour-036800,36800,2013-03-17 02:00:00,3151,4406,0.0004439003994700599,0.0146240472863312,0.06854093526463817
hour-036900,36900,2013-03-21 06:00:00,2396,3644,0.0006350180014707881,0.01867219917012448,0.10194354809446499
hour-037000,37000,2013-03-25 10:00:00,2370,3642,0.0006486740653269286,0.01887272034059859,0.10391439740918978
hour-037100,37100,2013-03-29 14:00:00,3392,4981,0.0004330448801767164,0.015152507503053232,0.05718061799157474
hour-037200,37200,2013-04-02 18:00:00,2176,3077,0.0006501436781609195,0.017572850254652182,0.05326706378890333
hour-037300,37300,2013-04-06 22:00:00,3367,5424,0.00047858871388283154,0.01605589831264402,0.09724198709110023
hour-037400,37400,2013-04-11 02:00:00,3654,4716,0.0003533097164217547,0.0039008133918294816,0.04854677294281776
hour-037500,37500,2013-04-15 06:00:00,1542,2210,0.0009300477817308316,0.026832313822324486,0.0770823952503161
hour-037600,37600,2013-04-19 10:00:00,2800,4452,0.0005680600214362273,0.018915869315167876,0.11151300687135275
hour-037700,37700,2013-04-23 14:00:00,3431,4979,0.0004230846687677861,0.009823967375037414,0.0846989827287277
hour-037800,37800,2013-04-27 18:00:00,3445,5500,0.00046356466052738487,0.018902239504463028,0.09720311923347519
hour-037900,37900,2013-05-01 22:00:00,1883,2743,0.0007740265691744977,0.02490688697772059,0.09360361674011558
hour-038000,38000,2013-05-06 02:00:00,2187,3190,0.0006672548549588749,0.014321755306949364,0.07015425652916595
hour-038100,38100,2013-05-10 06:00:00,2273,3643,0.0007054259122708092,0.018402732168658873,0.11388733409549397
hour-038200,38200,2013-05-14 10:00:00,1920,2986,0.0008104264373805802,0.0205441754457765,0.09054460278585577
hour-038300,38300,2013-05-18 14:00:00,2201,3559,0.0007349964891991244,0.01928936735707478,0.11338760774345905
hour-038400,38400,2013-05-22 18:00:00,1199,1698,0.0011821203256469986,0.02404116272880504,0.0615861305859546
hour-038500,38500,2013-05-26 22:00:00,1101,1506,0.0012434976467674014,0.019294592978912,0.05929418874493629
hour-038600,38600,2013-05-31 02:00:00,1807,2572,0.0007881249306713586,0.02125522558227917,0.07844753138031606
hour-038700,38700,2013-06-04 06:00:00,1584,2362,0.0009419845964381657,0.02660708845333604,0.09500530730284533
hour-038800,38800,2013-06-08 10:00:00,2215,3518,0.0007173721097632346,0.016369285205721805,0.10694692931199751
hour-038900,38900,2013-06-12 14:00:00,1119,1612,0.001288525884822412,0.023685352099098667,0.0778935814405385
hour-039000,39000,2013-06-16 18:00:00,1542,2325,0.0009784439332688613,0.021883604595845287,0.09897761722315954
hour-039100,39100,2013-06-20 22:00:00,2869,4550,0.0005529701668341376,0.011598461102101075,0.08993429671452534
hour-039200,39200,2013-06-25 02:00:00,1463,2138,0.0009995764189730638,0.022612640271677496,0.07402317227877425
hour-039300,39300,2013-06-29 06:00:00,1893,2982,0.0008325990156233771,0.015580340639623476,0.0879579730616023
hour-039400,39400,2013-07-03 10:00:00,1681,2718,0.0009624373247216792,0.02483746385390184,0.1146394053924638
hour-039500,39500,2013-07-07 14:00:00,2422,4016,0.0006848962303761711,0.019124385287615755,0.13396115057822575
hour-039600,39600,2013-07-11 18:00:00,3708,6576,0.000478409167297416,0.04819315426546492,0.09840932653184116
hour-039700,39700,2013-07-15 22:00:00,2484,3626,0.0005878946238609339,0.017016753581566717,0.08128235208162025
hour-039800,39800,2013-07-20 02:00:00,1663,2755,0.0009967777485920288,0.02189177212073465,0.13206898175540424
hour-039900,39900,2013-07-24 06:00:00,1866,3903,0.0011215227192400196,0.02086833543916965,0.2896722727631512
hour-040000,40000,2013-07-28 10:00:00,2506,4049,0.0006449989088064892,0.016152818274712072,0.13088329100840185
hour-040100,40100,2013-08-01 14:00:00,2454,4001,0.0006646552580526947,0.015483913567407848,0.10285389592491107
hour-040200,40200,2013-08-05 18:00:00,4194,6648,0.00037803997192677896,0.0101862020976031,0.1127460814274921
hour-040300,40300,2013-08-09 22:00:00,1756,2586,0.0008391254404921831,0.018952050789407735,0.11914643187179147
hour-040400,40400,2013-08-14 02:00:00,2035,3069,0.0007414494140157857,0.021616390258959405,0.0958273275280297
hour-040500,40500,2013-08-18 06:00:00,2844,4398,0.0005439372149524111,0.012513854421020541,0.09713850117193215
hour-040600,40600,2013-08-22 10:00:00,3125,5111,0.0005235339308578745,0.01182088764976264,0.10982276269119726
hour-040700,40700,2013-08-26 14:00:00,1987,3033,0.0007685910077132783,0.01595415166927698,0.08373401898921273
hour-040800,40800,2013-08-30 18:00:00,3206,4834,0.00047045175631105094,0.012315578185776981,0.10285809745509802
hour-040900,40900,2013-09-03 22:00:00,1581,2219,0.0008883177607506865,0.022081408415532525,0.07092017412918339
hour-041000,41000,2013-09-08 02:00:00,1792,2984,0.0009297479460796044,0.02654599541180326,0.10382425097868375
hour-041100,41100,2013-09-12 06:00:00,2734,4804,0.0006429317258434197,0.012833473222442233,0.12546967082825852
hour-041200,41200,2013-09-16 10:00:00,2751,4392,0.0005805492217705958,0.012148975175158611,0.09499508483723813
hour-041300,41300,2013-09-20 14:00:00,3352,5365,0.00047762966065058055,0.009067159748256969,0.09055984957917934
hour-041400,41400,2013-09-24 18:00:00,2451,3874,0.0006451344307612886,0.01274440073737535,0.11023928290505605
hour-041500,41500,2013-09-28 22:00:00,3111,4577,0.00047306466733021814,0.014282472873430953,0.10153951081058944
hour-041600,41600,2013-10-03 02:00:00,2767,4342,0.0005673205094334347,0.012854070455644287,0.10319486167351258
hour-041700,41700,2013-10-07 06:00:00,5107,8798,0.0003373939488905307,0.00723220220754175,0.13366944422866342
hour-041800,41800,2013-10-11 10:00:00,2598,3940,0.000583962723614,0.011914654348688694,0.08113064546142366
hour-041900,41900,2013-10-15 14:00:00,2150,3380,0.0007315463114266235,0.01175765180514303,0.09570048502416476
hour-042000,42000,2013-10-19 18:00:00,4532,7237,0.0003524314115002212,0.0064800549281145,0.1050622500096315
hour-042100,42100,2013-10-23 22:00:00,5415,7665,0.0002614540940845883,0.007467988732908434,0.07100649027797047
hour-042200,42200,2013-10-28 02:00:00,4962,7998,0.00032490426536171984,0.007489207508447605,0.12257822605920497
hour-042300,42300,2013-11-01 06:00:00,6046,9706,0.0002655680587237575,0.006488499335860969,0.09997363830580704
hour-042400,42400,2013-11-05 10:00:00,5725,8709,0.0002657621780963628,0.004613072406248755,0.08533821998937914
hour-042500,42500,2013-11-09 14:00:00,5442,8591,0.00029013923103208444,0.007075899190615639,0.09668014634104488
hour-042600,42600,2013-11-13 18:00:00,3321,5334,0.0004837779301487794,0.009393535257555324,0.09574503841454218
hour-042700,42700,2013-11-17 22:00:00,8701,12107,0.00015993669640297653,0.0032688989899529427,0.07924070514943383
hour-042800,42800,2013-11-22 02:00:00,3683,5885,0.0004339712551009136,0.009669206364045365,0.10672672610533511
hour-042900,42900,2013-11-26 06:00:00,2664,4296,0.000605562377999479,0.009567545736039849,0.10010885352358918
hour-043000,43000,2013-11-30 10:00:00,4439,6258,0.00031766042739895807,0.007580864495443589,0.07223015725532334
hour-043100,43100,2013-12-04 14:00:00,5131,8196,0.0003113741607315241,0.007741799137593367,0.09460308594707843
hour-043200,43200,2013-12-08 18:00:00,4481,7287,0.00036299096183887525,0.009591972137373003,0.0972823413587976
hour-043300,43300,2013-12-12 22:00:00,6073,7852,0.00021293411495231383,0.001508531833680993,0.051027987372511796
hour-043400,43400,2013-12-17 02:00:00,3406,5255,0.00045311763037155645,0.014617151237451472,0.09737234567034855
hour-043500,43500,2013-12-21 06:00:00,4558,7434,0.0003579061881373308,0.007155055118148194,0.11221817672740507
hour-043600,43600,2013-12-25 10:00:00,5935,9208,0.00026145505644936196,0.005424901634685877,0.09202219754300243
hour-043700,43700,2013-12-29 14:00:00,4512,7570,0.00037192379227451885,0.006359342036932486,0.10959637622191773
hour-043800,43800,2014-01-02 18:00:00,8925,15037,0.00018879627153416275,0.00534231934511478,0.13160374714635917
hour-043900,43900,2014-01-06 22:00:00,3661,5488,0.00040957485711897525,0.010187074326551816,0.08233164492202165
hour-044000,44000,2014-01-11 02:00:00,4341,6485,0.0003442155335951176,0.00953893035940641,0.0891124144252779
hour-044100,44100,2014-01-15 06:00:00,4193,6311,0.00035904761297910186,0.007174761553534516,0.09731071160675586
hour-044200,44200,2014-01-19 10:00:00,5419,9351,0.0003184930100133712,0.006105791366593983,0.11936295268931343
hour-044300,44300,2014-01-23 14:00:00,6041,8043,0.00022043080889857497,0.002734622287445155,0.05307771221496973
hour-044400,44400,2014-01-27 18:00:00,4945,7357,0.0003009234262976888,0.007905509382344363,0.08056907808828147
hour-044500,44500,2014-01-31 22:00:00,3912,6560,0.0004287628779191824,0.009895496217866355,0.12113566671302105
hour-044600,44600,2014-02-05 02:00:00,3658,4762,0.0003559760089213777,0.014046491676703018,0.07400060423584874
hour-044700,44700,2014-02-09 06:00:00,3464,4633,0.00038621747953789285,0.010253492531937275,0.06964826164658058
hour-044800,44800,2014-02-13 10:00:00,12431,16195,0.00010481025008651134,0.0009265104255237012,0.043771568302471246
hour-044900,44900,2014-02-17 14:00:00,3625,5802,0.0004416533455126741,0.009911701332790296,0.10472407067630564
hour-045000,45000,2014-02-21 18:00:00,7187,10200,0.0001974991878329967,0.004903107048051048,0.08473075199974642
hour-045100,45100,2014-02-25 22:00:00,2526,3815,0.000598135823083496,0.012617727907710333,0.09940773894842998
hour-045200,45200,2014-03-02 02:00:00,4508,6643,0.0003269586164792655,0.008905995464273165,0.08298571610917148
hour-045300,45300,2014-03-06 06:00:00,3681,6259,0.00046205249046218536,0.01021279498113311,0.11143341351933445
hour-045400,45400,2014-03-10 10:00:00,4970,8997,0.00036431104234584404,0.013504701924216257,0.13487415960013235
hour-045500,45500,2014-03-14 14:00:00,3517,5594,0.0004523777407508403,0.010626398693358047,0.10515988320911328
hour-045600,45600,2014-03-18 18:00:00,3321,5319,0.00048241747477715743,0.011803365653826885,0.12025827236373092
hour-045700,45700,2014-03-22 22:00:00,6070,8495,0.0002305990716860443,0.005467722833211818,0.08235376965701686
hour-045800,45800,2014-03-27 02:00:00,2557,4356,0.0006664940759142261,0.020834289144908025,0.10564674507627586
hour-045900,45900,2014-03-31 06:00:00,3217,5426,0.0005244603838129836,0.010319120215717589,0.11755317764045999
hour-046000,46000,2014-04-04 10:00:00,5028,8102,0.0003205443192282755,0.007484204663714348,0.1136712321320566
hour-046100,46100,2014-04-08 14:00:00,4631,7986,0.0003724547641889361,0.014424920599022607,0.10058433974478523
hour-046200,46200,2014-04-12 18:00:00,4066,6766,0.0004093587418904194,0.008842066548155744,0.11360475127801471
hour-046300,46300,2014-04-16 22:00:00,3216,4868,0.0004708185356266877,0.0122780655621021,0.09780737479284687
hour-046400,46400,2014-04-21 02:00:00,4098,6899,0.00041091143479742644,0.01866167904844287,0.09722303440100204
hour-046500,46500,2014-04-25 06:00:00,3872,6519,0.0004349331007641052,0.008014119888429943,0.11794128870435783
hour-046600,46600,2014-04-29 10:00:00,2949,4738,0.0005449953598326687,0.012562189054726369,0.09763714717386665
hour-046700,46700,2014-05-03 14:00:00,8148,13931,0.00020986187831487918,0.004783282258885258,0.12172771563395184
hour-046800,46800,2014-05-07 18:00:00,3199,5239,0.0005121010885007256,0.012886849264362005,0.1257779506859104
hour-046900,46900,2014-05-11 22:00:00,6439,9164,0.00022106280842109388,0.007693386715970681,0.06944235897159651
hour-047000,47000,2014-05-16 02:00:00,4310,6918,0.00037250044287599635,0.009576988457643074,0.10266270617594953
hour-047100,47100,2014-05-20 06:00:00,3453,5973,0.000501100861460587,0.017057068556611203,0.1052379368281851
hour-047200,47200,2014-05-24 10:00:00,5839,10497,0.0003079375366440388,0.011996194729647266,0.12398783047393029
hour-047300,47300,2014-05-28 14:00:00,3142,4915,0.0004980230057243767,0.010887895361131834,0.1054411624966341
hour-047400,47400,2014-06-01 18:00:00,5750,7908,0.00023922496918178586,0.008778749970988929,0.06921200763069735
hour-047500,47500,2014-06-05 22:00:00,19238,21840,5.901404298058682e-05,0.00019515205110762305,0.027592965556165586
hour-047600,47600,2014-06-10 02:00:00,3056,5422,0.0005807576627449636,0.016208618484954827,0.11974651076542153
hour-047700,47700,2014-06-14 06:00:00,2247,3301,0.0006540827564287755,0.009338441540671821,0.07819323068200885
hour-047800,47800,2014-06-18 10:00:00,3853,6472,0.00043606699908016277,0.010258686083173794,0.10675507504181002
hour-047900,47900,2014-06-22 14:00:00,5557,9529,0.00030863465779674824,0.008705931680273931,0.10307886938616961
hour-048000,48000,2014-06-26 18:00:00,3952,5947,0.000380867550571423,0.009094280783553847,0.0851183517154448
hour-048100,48100,2014-06-30 22:00:00,3482,5062,0.00041762775226341536,0.014370371200950848,0.07836457282258759
hour-048200,48200,2014-07-05 02:00:00,4510,8117,0.0003991524219361228,0.00914041411371524,0.12483545434709585
hour-048300,48300,2014-07-09 06:00:00,18524,22222,6.476450405760606e-05,0.00027316116605491457,0.048145043265853955
hour-048400,48400,2014-07-13 10:00:00,6564,10596,0.00024596367481429464,0.00644662447838097,0.09730436926071333
hour-048500,48500,2014-07-17 14:00:00,4627,7483,0.00034959935064128096,0.01119096129475865,0.10523722026176223
hour-048600,48600,2014-07-21 18:00:00,3924,6403,0.00041594527477593,0.01135480019954455,0.12820160255190266
hour-048700,48700,2014-07-25 22:00:00,4537,7077,0.00034388035820700575,0.01046569796910316,0.0993263701345894
hour-048800,48800,2014-07-30 02:00:00,3362,6044,0.0005348823090773704,0.013616792954078494,0.13691586392477179
hour-048900,48900,2014-08-03 06:00:00,7240,12150,0.00023182439502418987,0.007122579956739886,0.10980934797533358
hour-049000,49000,2014-08-07 10:00:00,6546,11256,0.00026272320443884576,0.008043335040035992,0.12255189990112621
hour-049100,49100,2014-08-11 14:00:00,4663,7724,0.0003553076681963665,0.009897206038425288,0.11051613014231211
hour-049200,49200,2014-08-15 18:00:00,5195,8698,0.0003223531408677296,0.00943307007709796,0.1207681320141579
hour-049300,49300,2014-08-19 22:00:00,3664,5724,0.0004264884177547933,0.012281130821567985,0.11165396063630836
hour-049400,49400,2014-08-24 02:00:00,4184,7739,0.0004421863236838172,0.012458938500267271,0.13265464446968922
hour-049500,49500,2014-08-28 06:00:00,5467,9246,0.0003094105999132205,0.007554991668888404,0.10367669934166823
hour-049600,49600,2014-09-01 10:00:00,5307,9360,0.0003323988522011942,0.007413985160165653,0.13566498432220273
hour-049700,49700,2014-09-05 14:00:00,5035,8064,0.00031815432615316146,0.006318772417430677,0.11224903485081156
hour-049800,49800,2014-09-09 18:00:00,2946,4717,0.0005436856051830516,0.01298830304924327,0.12183783428549501
hour-049900,49900,2014-09-13 22:00:00,3874,6293,0.000419421431695357,0.014948783150139477,0.09651970371900645
hour-050000,50000,2014-09-18 02:00:00,1944,3070,0.0008127730864621126,0.019483735140269364,0.08616684097808076
hour-050100,50100,2014-09-22 06:00:00,5310,9282,0.00032925646993220127,0.006574942464132767,0.133599566194036
hour-050200,50200,2014-09-26 10:00:00,4867,8241,0.0003479737338734379,0.006980441916038907,0.13264278823798772
hour-050300,50300,2014-09-30 14:00:00,3935,6022,0.00038901080018526784,0.009041500487236415,0.0910686298868705
hour-050400,50400,2014-10-04 18:00:00,5165,8793,0.00032967082407583064,0.008543678808718458,0.13532843036852574
hour-050500,50500,2014-10-08 22:00:00,4719,8267,0.0003713128881728828,0.014909026673732556,0.1045396560650601
hour-050600,50600,2014-10-13 02:00:00,10083,15466,0.0001521393461840617,0.003884659256883998,0.10469110080065562
hour-050700,50700,2014-10-17 06:00:00,9599,16274,0.0001766393973672459,0.006345117981570039,0.10728481998376167
hour-050800,50800,2014-10-21 10:00:00,6789,12494,0.00027111519527107746,0.005753821564865107,0.1512242835371567
hour-050900,50900,2014-10-25 14:00:00,4635,8097,0.00037698005315991415,0.0071695546768598736,0.12820669988205285
hour-051000,51000,2014-10-29 18:00:00,4567,7025,0.0003368832435089912,0.008543578503151404,0.10491399273252713
hour-051100,51100,2014-11-02 22:00:00,4251,7463,0.00041307927546459656,0.014363635583364447,0.12191471581630962
hour-051200,51200,2014-11-07 02:00:00,1278,1718,0.0010526922082394305,0.013643721575580052,0.051524177849519834
hour-051300,51300,2014-11-11 06:00:00,4429,7437,0.0003792141104973931,0.0070126316540384094,0.1158479646291631
hour-051400,51400,2014-11-15 10:00:00,7909,13771,0.00022017968299369926,0.004543681667834389,0.13206655838238246
hour-051500,51500,2014-11-19 14:00:00,1980,3270,0.0008345200361370144,0.01166781322972279,0.10474125286766629
hour-051600,51600,2014-11-23 18:00:00,2351,3604,0.0006523254024996154,0.013052755117389375,0.10344782309619081
hour-051700,51700,2014-11-27 22:00:00,5851,10222,0.0002986413309435015,0.006337573180338646,0.14242765635218294
hour-051800,51800,2014-12-02 02:00:00,6580,11025,0.0002546788136333207,0.00728971574193083,0.1513338485413386
hour-051900,51900,2014-12-06 06:00:00,6124,10598,0.0002826340447561331,0.0049000296731137385,0.1238700405844904
hour-052000,52000,2014-12-10 10:00:00,8386,14091,0.00020039361965828558,0.007465276977026289,0.11772311996003605
hour-052100,52100,2014-12-14 14:00:00,4071,6355,0.00038354828332720745,0.013003815856324846,0.10378859110091596
hour-052200,52200,2014-12-18 18:00:00,4996,9465,0.0003792824049029013,0.006813709264887311,0.18496853340757696
hour-052300,52300,2014-12-22 22:00:00,4401,7114,0.00036737518332610356,0.008047757112395547,0.10726792984340038
hour-052400,52400,2014-12-27 02:00:00,9509,16388,0.00018125998295881858,0.004463566424599536,0.1307106567867582
hour-052500,52500,2014-12-31 06:00:00,9105,16298,0.00019661747489984547,0.004357290466864928,0.16637922310488143
hour-052600,52600,2015-01-04 10:00:00,6059,10125,0.0002758448057074511,0.006413251982780788,0.11746754724559991
hour-052700,52700,2015-01-08 14:00:00,11619,16677,0.00012354290379028028,0.001615648374823235,0.0895954460079704
hour-052800,52800,2015-01-12 18:00:00,5958,11186,0.00031517133842104287,0.005212508173137637,0.18130584047294443
hour-052900,52900,2015-01-16 22:00:00,5867,10707,0.0003111069089095126,0.006581530460846698,0.15559480752357188
hour-053000,53000,2015-01-21 02:00:00,12547,20379,0.0001294606216541633,0.0037529244685995055,0.12556202934232025
hour-053100,53100,2015-01-25 06:00:00,7280,13258,0.00025019286250224567,0.00484726362673403,0.1472310190384407
hour-053200,53200,2015-01-29 10:00:00,6228,10861,0.00028005436370648096,0.006022483211942688,0.14485151597034918
hour-053300,53300,2015-02-02 14:00:00,4605,7370,0.0003476182255716834,0.007918974829133686,0.11916319348560565
hour-053400,53400,2015-02-06 18:00:00,5307,8838,0.00031386122390535836,0.006409249986707992,0.11274722123169642
hour-053500,53500,2015-02-10 22:00:00,4785,8305,0.00036279936954599626,0.007072458993089622,0.13688114390770872
hour-053600,53600,2015-02-15 02:00:00,9690,17965,0.00019134824731289652,0.003579065401063941,0.14179427146073448
hour-053700,53700,2015-02-19 06:00:00,9941,16148,0.00016341889987951045,0.003935319410295165,0.11247286296374875
hour-053800,53800,2015-02-23 10:00:00,5663,9710,0.00030283272412288134,0.007049488042871076,0.14442659589764165
hour-053900,53900,2015-02-27 14:00:00,5908,10577,0.00030307844255790983,0.006521696450191005,0.159830782899639
hour-054000,54000,2015-03-03 18:00:00,4805,8239,0.0003569259401418,0.009283227120425728,0.12300258704291148
hour-054100,54100,2015-03-07 22:00:00,7806,14479,0.0002376496142933137,0.004802031223264616,0.1434146180216045
hour-054200,54200,2015-03-12 02:00:00,12013,20282,0.00014055424860386152,0.003968683120449114,0.12861981892931362
hour-054300,54300,2015-03-16 06:00:00,6826,10694,0.00022954679854767754,0.0057411070678283944,0.10497781291600997
hour-054400,54400,2015-03-20 10:00:00,5377,9246,0.0003198560668455591,0.008429363380013738,0.14475233365919277
hour-054500,54500,2015-03-24 14:00:00,11654,17087,0.0001258209787568799,0.003888781253852845,0.10991014434378915
hour-054600,54600,2015-03-28 18:00:00,11840,19057,0.0001359526918590184,0.0045829825481480254,0.10661899660175966
hour-054700,54700,2015-04-01 22:00:00,12600,22295,0.00014044324505472214,0.0035470954637964614,0.13157512799898977
hour-054800,54800,2015-04-06 02:00:00,8541,15815,0.0002168216293525074,0.004136500033767884,0.1865890478669904
hour-054900,54900,2015-04-10 06:00:00,5478,9342,0.0003113688008461552,0.00840258610319964,0.12197182096067767
hour-055000,55000,2015-04-14 10:00:00,4234,6991,0.0003900678710284189,0.010393250726465266,0.12551611043368463
hour-055100,55100,2015-04-18 14:00:00,3949,6884,0.00044154663961455876,0.009274640233124134,0.12398088120852852
hour-055200,55200,2015-04-22 18:00:00,6350,11186,0.00027745704885015065,0.00520754518485032,0.1253517549758947
hour-055300,55300,2015-04-26 22:00:00,16751,24644,8.783258206014879e-05,0.0015346655362482471,0.08402763242807282
hour-055400,55400,2015-05-01 02:00:00,10442,17704,0.0001623848903097587,0.004393253174658703,0.1294847976403639
hour-055500,55500,2015-05-05 06:00:00,4899,8537,0.0003557779768723061,0.006453003250256726,0.12999369388531903
hour-055600,55600,2015-05-09 10:00:00,6367,10746,0.00026512174654094576,0.005475945216408168,0.1290616457652461
hour-055700,55700,2015-05-13 14:00:00,11952,18683,0.00013079820467264982,0.0033576781209476514,0.09942384819002718
hour-055800,55800,2015-05-17 18:00:00,16757,25425,9.055122714951803e-05,0.001844758169906607,0.08260418917879733
hour-055900,55900,2015-05-21 22:00:00,7815,14415,0.00023605448560018512,0.004513085680591463,0.14698393591692005
hour-056000,56000,2015-05-26 02:00:00,5492,9628,0.00031926705727693453,0.005930192808552191,0.1282997609677986
hour-056100,56100,2015-05-30 06:00:00,12635,17695,0.0001108496811294126,0.0014708987980475402,0.07030359909391741
hour-056200,56200,2015-06-03 10:00:00,6737,11044,0.00024336480534165034,0.0037712312979773124,0.12071838395352334
hour-056300,56300,2015-06-07 14:00:00,8242,34274,0.0005046058348829711,0.011006907222067076,0.14005117779869364
hour-056400,56400,2015-06-11 18:00:00,7907,12222,0.00019551214054888203,0.004417478486423826,0.10113275919801062
hour-056500,56500,2015-06-15 22:00:00,5807,9810,0.0002909645971718241,0.005352875434781148,0.1110910425841143
hour-056600,56600,2015-06-20 02:00:00,9806,17510,0.00018211539459600908,0.003095784250272107,0.12804031803736524
hour-056700,56700,2015-06-24 06:00:00,6558,29127,0.000677359396472708,0.012845390925313595,0.12271381921373405
hour-056800,56800,2015-06-28 10:00:00,9771,53231,0.0005576106346072239,0.007695841181663135,0.1253810392479139
hour-056900,56900,2015-07-02 14:00:00,8763,39475,0.0005141218695578458,0.008532421352332776,0.15013420861073068
hour-057000,57000,2015-07-06 18:00:00,3855,6186,0.0004163646239492447,0.00717207557471076,0.09560506434979715
hour-057100,57100,2015-07-10 22:00:00,5671,9005,0.0002800535040586766,0.004863528747587309,0.07860937726804407
hour-057200,57200,2015-07-15 02:00:00,7240,11634,0.0002219790133095823,0.005430700059073362,0.10819388101686789
hour-057300,57300,2015-07-19 06:00:00,6423,10497,0.0002544819441460498,0.007622800710375672,0.11219470489339399
hour-057400,57400,2015-07-23 10:00:00,11947,17894,0.00012537936296044738,0.002167877444117999,0.08743185869670274
hour-057500,57500,2015-07-27 14:00:00,16506,21539,7.906206744865399e-05,0.0005588302504221344,0.05312605273914926
hour-057600,57600,2015-07-31 18:00:00,11179,21384,0.0001711283190143009,0.003585765756457669,0.1724579486139797
hour-057700,57700,2015-08-04 22:00:00,8502,13345,0.00018464070993239176,0.004567229386628854,0.09497397495668335
hour-057800,57800,2015-08-09 02:00:00,8196,12669,0.00018862160175159477,0.004403588333044891,0.09917297875679304
hour-057900,57900,2015-08-13 06:00:00,5903,9560,0.0002744011353088646,0.006041625202581672,0.11285045049763293
hour-058000,58000,2015-08-17 10:00:00,7246,13198,0.0002514035491750333,0.004957518239338932,0.14478180184423808
hour-058100,58100,2015-08-21 14:00:00,12107,19208,0.00013105238682707365,0.002809706563137505,0.10448635037392721
hour-058200,58200,2015-08-25 18:00:00,22969,28480,5.3985200381917994e-05,0.00026923399438801314,0.04420860971083468
hour-058300,58300,2015-08-29 22:00:00,7967,13265,0.000209012439935119,0.004484653079436103,0.11425881249570846
hour-058400,58400,2015-09-03 02:00:00,7084,11522,0.00022963182457133067,0.004616013190264935,0.10920581736645
hour-058500,58500,2015-09-07 06:00:00,17452,25407,8.342339592737796e-05,0.0014311696553384022,0.1114732693551861
hour-058600,58600,2015-09-11 10:00:00,5495,8904,0.0002949366883154524,0.004402662756263481,0.09397848484054074
hour-058700,58700,2015-09-15 14:00:00,8990,15677,0.00019399560283233332,0.004212853507156039,0.13189124077043118
hour-058800,58800,2015-09-19 18:00:00,15723,27051,0.00010943093703974716,0.0026257572597431548,0.1304516750171781
hour-058900,58900,2015-09-23 22:00:00,7604,11239,0.00019440193013320207,0.005563874221766884,0.1070318209116364
hour-059000,59000,2015-09-28 02:00:00,11365,18822,0.0001457354156571961,0.004137747431956917,0.11495975294829121
hour-059100,59100,2015-10-02 06:00:00,12112,21045,0.00014346734580951824,0.0032793556891807804,0.14985242169514326
hour-059200,59200,2015-10-06 10:00:00,5947,10489,0.00029662738425324586,0.005801269244354081,0.13677215973824555
hour-059300,59300,2015-10-10 14:00:00,13649,25579,0.00013731365089764767,0.0029333488850236335,0.15700481546626685
hour-059400,59400,2015-10-14 18:00:00,11527,19867,0.00014953311601919738,0.0030869635132405857,0.12581670571466586
hour-059500,59500,2015-10-18 22:00:00,10898,18358,0.0001545865166032807,0.003415631547997254,0.1319744726123364
hour-059600,59600,2015-10-23 02:00:00,7371,12984,0.00023900919423307484,0.005243949594520867,0.1468054300927246
hour-059700,59700,2015-10-27 06:00:00,6907,11769,0.00024673089426773,0.005354222927437931,0.1294169788685177
hour-059800,59800,2015-10-31 10:00:00,9788,17235,0.00017991515145087295,0.003701714882705959,0.14374598410596376
hour-059900,59900,2015-11-04 14:00:00,7968,14101,0.000222129260105566,0.004738625906872778,0.14839761440637755
hour-060000,60000,2015-11-08 18:00:00,13527,24210,0.0001323195198641113,0.0023422840404515814,0.13781545043639867
hour-060100,60100,2015-11-12 22:00:00,13477,23511,0.00012945441628694804,0.002771227216141601,0.13719701379709112
hour-060200,60200,2015-11-17 02:00:00,7789,14361,0.00023674293940270947,0.004134768802919478,0.15156001879471068
hour-060300,60300,2015-11-21 06:00:00,10512,20425,0.00018485562779994055,0.0037257200062887135,0.18730244144152602
hour-060400,60400,2015-11-25 10:00:00,5358,8601,0.0002996571136633819,0.010516313187207851,0.09113371724261905
hour-060500,60500,2015-11-29 14:00:00,6645,12196,0.0002762439699039941,0.005258733429255876,0.15045370483270326
hour-060600,60600,2015-12-03 18:00:00,13139,23685,0.00013720875349326186,0.002801724286629965,0.14585010452308173
hour-060700,60700,2015-12-07 22:00:00,11853,18897,0.00013451568757440646,0.0031491964371366727,0.11511394193586451
hour-060800,60800,2015-12-12 02:00:00,10642,18154,0.00016031222187211507,0.0031948968925511545,0.13283591890537252
hour-060900,60900,2015-12-16 06:00:00,11259,21315,0.00016816060978421622,0.003345030554283581,0.19722985492279205
hour-061000,61000,2015-12-20 10:00:00,13576,24692,0.00013398142752186448,0.0027719635987563237,0.13522303312321446
hour-061100,61100,2015-12-24 14:00:00,14664,26677,0.00012406854875450748,0.0024926531185683106,0.15710113420931432
hour-061200,61200,2015-12-28 18:00:00,11684,20726,0.00015183418716315864,0.0031457494379204826,0.146182363066
hour-061300,61300,2016-01-01 22:00:00,18259,28672,8.600581123556616e-05,0.0028011006573623164,0.11930802521803321
hour-061400,61400,2016-01-06 02:00:00,16615,36895,0.0001336573859281577,0.00400248066132657,0.14944601459923107
hour-061500,61500,2016-01-10 06:00:00,13063,24320,0.00014253153565902836,0.0028415168042343567,0.15253536521474909
hour-061600,61600,2016-01-14 10:00:00,15723,29258,0.00011835903870130207,0.0030053474244684363,0.153225129561861
hour-061700,61700,2016-01-18 14:00:00,11185,20476,0.00016368616511358266,0.003560949915322744,0.15388003720793778
hour-061800,61800,2016-01-22 18:00:00,13874,23316,0.00012113843821878864,0.002334076726518923,0.12201477269316176
hour-061900,61900,2016-01-26 22:00:00,24086,36252,6.24914553036382e-05,0.0017633885763281684,0.09659396224893912
hour-062000,62000,2016-01-31 02:00:00,19347,34026,9.090883296414879e-05,0.002960462699531081,0.162160232802102
hour-062100,62100,2016-02-04 06:00:00,10155,18691,0.00018126562411051005,0.0035501038646059543,0.17835696307793852
hour-062200,62200,2016-02-08 10:00:00,8753,16281,0.0002125283345005139,0.003981847158023061,0.15006700113762986
hour-062300,62300,2016-02-12 14:00:00,13494,25701,0.00014115647205637348,0.002733932979246899,0.17558733178315378
hour-062400,62400,2016-02-16 18:00:00,9643,16292,0.00017522461220476638,0.0037321774125550354,0.10622091009611731
hour-062500,62500,2016-02-20 22:00:00,8574,14541,0.0001978235410748524,0.0038201800042055433,0.13291642770885048
hour-062600,62600,2016-02-25 02:00:00,11161,18763,0.0001506381508317975,0.0033917842912133895,0.14056315904738415
hour-062700,62700,2016-02-29 06:00:00,3678,5839,0.0004317507697053669,0.007497314836479884,0.08682204266988165
hour-062800,62800,2016-03-04 10:00:00,19977,32251,8.081730914861262e-05,0.002240717941141591,0.1069430548930154
hour-062900,62900,2016-03-08 14:00:00,12920,21430,0.00012838987000930063,0.002670356822011881,0.12246343483837031
hour-063000,63000,2016-03-12 18:00:00,14563,26353,0.00012426767868174273,0.0023310575876708596,0.15306551629042803
hour-063100,63100,2016-03-16 22:00:00,14271,25659,0.00012599733156124881,0.0037223402746418203,0.12474270238611236
hour-063200,63200,2016-03-21 02:00:00,11038,19036,0.00015625512255528574,0.003321338526211604,0.13555828517441856
hour-063300,63300,2016-03-25 06:00:00,7662,12344,0.00021029468820899286,0.0039010977207793603,0.09903301747672846
hour-063400,63400,2016-03-29 10:00:00,10191,19430,0.00018710345839028047,0.003963618077769513,0.15564436272438267
hour-063500,63500,2016-04-02 14:00:00,13901,24834,0.00012852447342176615,0.002169084727960439,0.13226369557489898
hour-063600,63600,2016-04-06 18:00:00,17557,27480,8.915400287262763e-05,0.001793218854820477,0.10016224198173124
hour-063700,63700,2016-04-10 22:00:00,9739,16644,0.00017549856554912547,0.00352631573860151,0.12107651163311473
hour-063800,63800,2016-04-15 02:00:00,7254,16282,0.0003094657008721489,0.012143197162325294,0.07752028606436492
hour-063900,63900,2016-04-19 06:00:00,5109,8433,0.0003231434140590261,0.004793895501232938,0.10362791308260168
hour-064000,64000,2016-04-23 10:00:00,14946,26918,0.00012050966841843976,0.002376394984638483,0.14743479559283806
hour-064100,64100,2016-04-27 14:00:00,24500,38576,6.42691788336217e-05,0.0017651716561876006,0.12006233420642268
hour-064200,64200,2016-05-01 18:00:00,12219,18708,0.00012531168669731242,0.0023571292743943787,0.09985745624447868
hour-064300,64300,2016-05-05 22:00:00,9326,16344,0.00018793778413027316,0.0033975668186897027,0.13681008331357183
hour-064400,64400,2016-05-10 02:00:00,11874,20210,0.00014335366515316124,0.0031083357315637903,0.11533961840350478
hour-064500,64500,2016-05-14 06:00:00,15044,26376,0.00011654969836269944,0.0020658432358582803,0.14097512382173794
hour-064600,64600,2016-05-18 10:00:00,7100,10966,0.0002175668463520948,0.0044271510413398,0.10045259506996082
hour-064700,64700,2016-05-22 14:00:00,17852,31672,9.938619422836329e-05,0.002075681841849484,0.13240026422019538
hour-064800,64800,2016-05-26 18:00:00,11456,19602,0.000149373062920488,0.0031664787412485876,0.1471047359592677
hour-064900,64900,2016-05-30 22:00:00,10173,18052,0.00017444958026379575,0.0036700905443021515,0.15502263577959555
hour-065000,65000,2016-06-04 02:00:00,14429,24382,0.00011711889328631003,0.0026118397959180987,0.11907680603140376
hour-065100,65100,2016-06-08 06:00:00,16408,28861,0.00010720784082212474,0.0022790946910355198,0.1383398050982583
hour-065200,65200,2016-06-12 10:00:00,12451,21828,0.0001408122248854062,0.0031099398073211374,0.14548005700944414
hour-065300,65300,2016-06-16 14:00:00,20242,31778,7.756060272061742e-05,0.003156002297977447,0.11027308955935015
hour-065400,65400,2016-06-20 18:00:00,12713,22322,0.00013812464429284216,0.003101331416942235,0.12512831084470497
hour-065500,65500,2016-06-24 22:00:00,14174,24760,0.00012325269517455046,0.0023230642634631147,0.13129309066081543
hour-065600,65600,2016-06-29 02:00:00,15987,24841,9.719911064672362e-05,0.003329416372894634,0.10246564471668679
hour-065700,65700,2016-07-03 06:00:00,17599,31396,0.000101373167292377,0.002018218033561002,0.14852236612089023
hour-065800,65800,2016-07-07 10:00:00,4996,7023,0.00028142634227502124,0.0035702163326660247,0.056106472375544204
hour-065900,65900,2016-07-11 14:00:00,14549,23445,0.00011076786904239658,0.0030016563308319618,0.11655813837203292
hour-066000,66000,2016-07-15 18:00:00,11081,19386,0.00015789540557437732,0.0032752163308735283,0.14255812530766132
hour-066100,66100,2016-07-19 22:00:00,14206,24161,0.00011972968969737443,0.002391580880017792,0.13908073516923194
hour-066200,66200,2016-07-24 02:00:00,18616,32982,9.51760280378848e-05,0.0018352271075335238,0.1544964906038238
hour-066300,66300,2016-07-28 06:00:00,4272,6349,0.0003479721701186558,0.005443402285592305,0.06500848066941643
hour-066400,66400,2016-08-01 10:00:00,8727,13890,0.00018239883542086108,0.0032490781725585654,0.11098703531153226
hour-066500,66500,2016-08-05 14:00:00,12303,20741,0.00013703860997590602,0.0034587073030112685,0.14598745858021922
hour-066600,66600,2016-08-09 18:00:00,14552,25590,0.00012085225520414653,0.00247515438642317,0.14750792879528443
hour-066700,66700,2016-08-13 22:00:00,11551,18686,0.00014006021104973578,0.00249930450373439,0.11224214351416101
hour-066800,66800,2016-08-18 02:00:00,21800,36705,7.72382034189768e-05,0.0018092453605817542,0.1379504598813426
hour-066900,66900,2016-08-22 06:00:00,14429,24719,0.00011873767218211376,0.0025520267620634737,0.15528289825099553
hour-067000,67000,2016-08-26 10:00:00,10094,16508,0.0001620357660089678,0.0036897777401525863,0.13447390700068843
hour-067100,67100,2016-08-30 14:00:00,9962,15441,0.00015560585903574432,0.004230372249885493,0.10683896031171304
hour-067200,67200,2016-09-03 18:00:00,29604,52673,6.010380041465997e-05,0.0013235446314096588,0.16703250431799957
hour-067300,67300,2016-09-07 22:00:00,18278,30243,9.052974240742589e-05,0.0018700548891717541,0.13545676705199544
hour-067400,67400,2016-09-12 02:00:00,8156,12569,0.00018897290691719922,0.0032679284739864562,0.10519937776104339
hour-067500,67500,2016-09-16 06:00:00,2223,3201,0.0006480405125532797,0.014819898530424477,0.08546914654625035
hour-067600,67600,2016-09-20 10:00:00,14773,24550,0.00011249766275222458,0.0024881443247355096,0.1399208739752407
hour-067700,67700,2016-09-24 14:00:00,21923,37038,7.706680775037486e-05,0.001733514812047026,0.14325968376747128
hour-067800,67800,2016-09-28 18:00:00,15118,24495,0.00010718092226315385,0.0023263431480756223,0.12602150930922454
hour-067900,67900,2016-10-02 22:00:00,38018,65125,4.505890434155194e-05,0.0008901625752680975,0.1549343519642036
hour-068000,68000,2016-10-07 02:00:00,19703,31949,8.230279749704903e-05,0.0017190477202331685,0.13445205494073342
hour-068100,68100,2016-10-11 06:00:00,14700,23540,0.00010894350256600361,0.0027605157799363935,0.13045372706479638
hour-068200,68200,2016-10-15 10:00:00,12278,20018,0.00013280083326054653,0.003128070106495854,0.12893672216199814
hour-068300,68300,2016-10-19 14:00:00,15546,28877,0.00011949306009614977,0.0033455104576173506,0.1634519726372132
hour-068400,68400,2016-10-23 18:00:00,26961,43263,5.9519701883927956e-05,0.0014549145616882067,0.12964458657083897
hour-068500,68500,2016-10-27 22:00:00,24526,41801,6.949457951091118e-05,0.0023957917267871305,0.11252077878235037
hour-068600,68600,2016-11-01 02:00:00,24308,37610,6.365356688558732e-05,0.0014636086613289264,0.12124861358866357
hour-068700,68700,2016-11-05 06:00:00,8072,12780,0.00019616537520879794,0.004680891044785237,0.12050674468790765
hour-068800,68800,2016-11-09 10:00:00,19666,32190,8.323595967221633e-05,0.0016775506511993365,0.14424610860540923
hour-068900,68900,2016-11-13 14:00:00,17891,29815,9.315150102013626e-05,0.0019268974071844445,0.1464446645639317
hour-069000,69000,2016-11-17 18:00:00,30471,50935,5.486017000545758e-05,0.001397076849192646,0.1434905651861617
hour-069100,69100,2016-11-21 22:00:00,10601,16508,0.0001469067531898913,0.002959551809351935,0.11377668013515875
hour-069200,69200,2016-11-26 02:00:00,16564,25915,9.445979299137277e-05,0.00212155896490868,0.12194113368484892
hour-069300,69300,2016-11-30 06:00:00,13870,22637,0.0001176785372948222,0.003013523543134318,0.1274076644542518
hour-069400,69400,2016-12-04 10:00:00,31858,52342,5.157353849492287e-05,0.0015241899051937119,0.12922759317841306
hour-069500,69500,2016-12-08 14:00:00,24734,41820,6.836170321676403e-05,0.0016016777026091327,0.1470270455820401
hour-069600,69600,2016-12-12 18:00:00,18419,30177,8.895442286891017e-05,0.0018241846613265835,0.13647366963013677
hour-069700,69700,2016-12-16 22:00:00,19377,31008,8.258916785532424e-05,0.0017264703058768327,0.1412341758609697
hour-069800,69800,2016-12-21 02:00:00,7365,11879,0.00021902482969754698,0.007134035061846738,0.1281120753965988
hour-069900,69900,2016-12-25 06:00:00,12159,19927,0.00013479752656584134,0.0032972417244789007,0.13691401471169756
hour-070000,70000,2016-12-29 10:00:00,25436,42005,6.4926266606278e-05,0.001488214222571926,0.1394416042831835
hour-070100,70100,2017-01-02 14:00:00,12991,20773,0.0001230970052163193,0.003411164101039257,0.12097864867027812
hour-070200,70200,2017-01-06 18:00:00,21985,36268,7.503958468441e-05,0.0018830306359252744,0.14916756157819103
hour-070300,70300,2017-01-10 22:00:00,31357,50326,5.1184356957211595e-05,0.00090526261597064,0.13258014028074597
hour-070400,70400,2017-01-15 02:00:00,14790,24046,0.00010993496939207644,0.0037623967300316713,0.11215032425981299
hour-070500,70500,2017-01-19 06:00:00,38857,65175,4.3167180375651795e-05,0.0008356645196930209,0.1517943921224876
hour-070600,70600,2017-01-23 10:00:00,18198,29511,8.91169819788014e-05,0.002458770789289665,0.1291163052566817
hour-070700,70700,2017-01-27 14:00:00,7077,11013,0.00021992197113348898,0.005766125884430239,0.10808817718377578
hour-070800,70800,2017-01-31 18:00:00,28423,47362,5.8628054553269835e-05,0.001618852971275167,0.1600519492332313
hour-070900,70900,2017-02-04 22:00:00,27359,44184,5.9031044207574644e-05,0.0011037346007614077,0.13432060481916172
hour-071000,71000,2017-02-09 02:00:00,17774,30628,9.695556057645595e-05,0.004187963605596027,0.12939068606167378
hour-071100,71100,2017-02-13 06:00:00,15354,26283,0.00011149622125676159,0.003173128150617346,0.14674741517885068
hour-071200,71200,2017-02-17 10:00:00,17028,29848,0.00010294694387400773,0.0031189097350537986,0.15965154307839066
hour-071300,71300,2017-02-21 14:00:00,3405,5005,0.00043181469153505164,0.00957394263134787,0.1020610185684057
hour-071400,71400,2017-02-25 18:00:00,21437,35302,7.682305157769374e-05,0.0020106708694036628,0.14309188086046254
hour-071500,71500,2017-03-01 22:00:00,3922,5977,0.00038866803458046544,0.007887136324316854,0.10662081838608982
hour-071600,71600,2017-03-06 02:00:00,9161,15179,0.00018088593711046782,0.004668863571770439,0.13443560444709768
hour-071700,71700,2017-03-10 06:00:00,21016,38695,8.761438097626534e-05,0.0027184166355406865,0.177054471372284
hour-071800,71800,2017-03-14 10:00:00,11433,19235,0.00014716677448440443,0.0047140081317746645,0.12839788130810068
hour-071900,71900,2017-03-18 14:00:00,29629,50440,5.7458693658236595e-05,0.0016667262469049731,0.16440503656427805
hour-072000,72000,2017-03-22 18:00:00,24259,40680,6.912785131867544e-05,0.0015875446103428743,0.157516751576288
hour-072100,72100,2017-03-26 22:00:00,10783,16584,0.0001426429646079788,0.0029350171690530292,0.1150300138137841
hour-072200,72200,2017-03-31 02:00:00,4022,5950,0.0003679093510932349,0.004774803344865983,0.06738527533688964
hour-072300,72300,2017-04-04 06:00:00,12269,22112,0.00014690788012221311,0.0031025177136783807,0.1717284799882693
hour-072400,72400,2017-04-08 10:00:00,17945,30691,9.531216091373465e-05,0.0025946512092445686,0.15604201187286176
hour-072500,72500,2017-04-12 14:00:00,9399,13693,0.00015501778170448735,0.006386048012327165,0.09510256689947966
hour-072600,72600,2017-04-16 18:00:00,28887,47875,5.737450327791593e-05,0.0011962274081994447,0.15402821301991504
hour-072700,72700,2017-04-20 22:00:00,25294,41872,6.544942674870991e-05,0.0015068264221053686,0.15298794214965414
hour-072800,72800,2017-04-25 02:00:00,9623,14142,0.0001527337428365963,0.004738017937811857,0.08796809165718768
hour-072900,72900,2017-04-29 06:00:00,26437,45566,6.519780753821268e-05,0.001685855146313961,0.16864199506210734
hour-073000,73000,2017-05-03 10:00:00,26358,41297,5.944428031545228e-05,0.001405053001437513,0.1166893820481259
hour-073100,73100,2017-05-07 14:00:00,13490,23015,0.00012647924803347164,0.003132709650874442,0.15740124276732514
hour-073200,73200,2017-05-11 18:00:00,21708,35462,7.52564289282504e-05,0.0019023931978874324,0.13461038222141963
hour-073300,73300,2017-05-15 22:00:00,18088,30623,9.3603189283151e-05,0.0037082550480523053,0.1310772362835874
hour-073400,73400,2017-05-20 02:00:00,19931,33400,8.408336407369097e-05,0.002865992569798784,0.13891053999410433
hour-073500,73500,2017-05-24 06:00:00,32231,48518,4.670558375082341e-05,0.0012035073711084746,0.10785684278389747
hour-073600,73600,2017-05-28 10:00:00,11807,19252,0.00013811266673506779,0.0034789141332797558,0.11546112639500446
hour-073700,73700,2017-06-01 14:00:00,20171,34463,8.470708806093622e-05,0.002465912934467065,0.1642100666538339
hour-073800,73800,2017-06-05 18:00:00,12232,20373,0.00013617442389656406,0.003812585742653883,0.13401095891938994
hour-073900,73900,2017-06-09 22:00:00,10532,17954,0.00016187536386794014,0.0041395695656688105,0.13496599554364613
hour-074000,74000,2017-06-14 02:00:00,21398,36314,7.931366513732139e-05,0.0020289647212001975,0.14219311777202054
hour-074100,74100,2017-06-18 06:00:00,13641,23305,0.00012525311286635662,0.003427721743576393,0.1511039414578165
hour-074200,74200,2017-06-22 10:00:00,20834,35453,8.168240512333942e-05,0.002265488474842757,0.1491957836556433
hour-074300,74300,2017-06-26 14:00:00,26583,42624,6.0320170191186493e-05,0.0016430831365363027,0.13057970573001368
hour-074400,74400,2017-06-30 18:00:00,9219,14671,0.00017263911393007136,0.002343576162352571,0.09301606378652104
hour-074500,74500,2017-07-04 22:00:00,11945,19386,0.0001358789742111716,0.003585077232916697,0.13055471948051067
hour-074600,74600,2017-07-09 02:00:00,17924,30623,9.532396407787868e-05,0.0029005538777101807,0.15851813141992085
hour-074700,74700,2017-07-13 06:00:00,19333,32108,8.590871378815806e-05,0.002183731263228532,0.1455397475209465
hour-074800,74800,2017-07-17 10:00:00,9612,14953,0.0001618624068438712,0.004039570039753112,0.11948216243932179
hour-074900,74900,2017-07-21 14:00:00,14088,24318,0.00012253495526521788,0.0030706541774954414,0.17140109402482398
hour-075000,75000,2017-07-25 18:00:00,19165,32106,8.741605746882894e-05,0.002421313742657552,0.14064187041038223
hour-075100,75100,2017-07-29 22:00:00,19082,34617,9.507457769400725e-05,0.0024277019887986224,0.19842500393319262
hour-075200,75200,2017-08-03 02:00:00,19465,33634,8.877527286901601e-05,0.002454831352159355,0.15281025050746275
hour-075300,75300,2017-08-07 06:00:00,20009,33070,8.260477107572684e-05,0.0023275486593806226,0.14106623452690167
hour-075400,75400,2017-08-11 10:00:00,22106,39600,8.103907980697882e-05,0.0023550708280207873,0.19226589536141592
hour-075500,75500,2017-08-15 14:00:00,14823,22850,0.00010400238215977091,0.0031380665083031714,0.11344576896459581
hour-075600,75600,2017-08-19 18:00:00,15947,26572,0.00010449451384533039,0.002855474511683481,0.13687598527939296
hour-075700,75700,2017-08-23 22:00:00,20170,34949,8.591015241978706e-05,0.0021723743964029915,0.15715187685464835
hour-075800,75800,2017-08-28 02:00:00,20129,34432,8.498444176555652e-05,0.0022721655615584534,0.15132060919094467
hour-075900,75900,2017-09-01 06:00:00,22789,39849,7.673366613896457e-05,0.002596698182383515,0.15285220653509765
hour-076000,76000,2017-09-05 10:00:00,27402,46171,6.149228143678584e-05,0.001544535882174203,0.14405099882916336
hour-076100,76100,2017-09-09 14:00:00,32236,55820,5.3718145414038046e-05,0.0014729004963203044,0.15984796289520753
hour-076200,76200,2017-09-13 18:00:00,27809,45683,5.90744231332084e-05,0.0014386187560291848,0.14641083453370546
hour-076300,76300,2017-09-17 22:00:00,10368,17279,0.00016075723121919386,0.004336977786203987,0.1686730921633928
hour-076400,76400,2017-09-22 02:00:00,19756,31805,8.149282035569457e-05,0.0028498831103954364,0.11668076930155437
hour-076500,76500,2017-09-26 06:00:00,27538,48842,6.440868301840161e-05,0.001963242598485239,0.1621046990340815
hour-076600,76600,2017-09-30 10:00:00,22978,38169,7.229449569381527e-05,0.0021272718899496765,0.13267278041844674
hour-076700,76700,2017-10-04 14:00:00,20981,31040,7.05163857680668e-05,0.0020821096841557645,0.11054962006531004
hour-076800,76800,2017-10-08 18:00:00,4375,6372,0.00033298059964726633,0.0035610985116811883,0.07011142692377868
hour-076900,76900,2017-10-12 22:00:00,12771,20447,0.00012537582241284597,0.0034114876028209376,0.11208074795356628
hour-077000,77000,2017-10-17 02:00:00,24519,41027,6.824674882432762e-05,0.002359184020392862,0.1345274343078832
hour-077100,77100,2017-10-21 06:00:00,26395,46006,6.603703967976902e-05,0.0021925388351110545,0.15856632251762245
hour-077200,77200,2017-10-25 10:00:00,21978,37138,7.688859670476816e-05,0.0021142545381369186,0.15525577243398464
hour-077300,77300,2017-10-29 14:00:00,18363,28700,8.511738633654075e-05,0.005693180470364472,0.08681135987327886
hour-077400,77400,2017-11-02 18:00:00,10774,17555,0.00015124715100941168,0.005707307689184425,0.11508339909919589
hour-077500,77500,2017-11-06 22:00:00,25847,43533,6.516510719732734e-05,0.0024520659786813038,0.13024905156072825
hour-077600,77600,2017-11-11 02:00:00,20503,36056,8.577562756340508e-05,0.0026278562248233865,0.17718630975494662
hour-077700,77700,2017-11-15 06:00:00,37835,69251,4.83782385069164e-05,0.0013493398760858494,0.20895479416489776
hour-077800,77800,2017-11-19 10:00:00,16823,30276,0.00010698365300665584,0.0029859508163583965,0.17746901796808875
hour-077900,77900,2017-11-23 14:00:00,19713,35423,9.115949837967035e-05,0.003679816055119255,0.17518686882135123
hour-078000,78000,2017-11-27 18:00:00,16082,28458,0.00011004017320875436,0.004812622588870654,0.1722868171695766
hour-078100,78100,2017-12-01 22:00:00,25101,50283,7.98098391661036e-05,0.0029879209780100543,0.22891817881465037
hour-078200,78200,2017-12-06 02:00:00,33593,62630,5.550061047304087e-05,0.0024852521792917623,0.20815010056951713
hour-078300,78300,2017-12-10 06:00:00,18090,32513,9.935824651290387e-05,0.003922408724119314,0.17303016056866538
hour-078400,78400,2017-12-14 10:00:00,24848,46081,7.463739904053114e-05,0.0024558527243197753,0.2099815777531019
hour-078500,78500,2017-12-18 14:00:00,15335,26471,0.00011257218838828784,0.004601723098359488,0.15349729228196923
hour-078600,78600,2017-12-22 18:00:00,11422,21349,0.00016365574288921585,0.00629248843893651,0.1701356011559634
hour-078700,78700,2017-12-26 22:00:00,14961,26823,0.00011984367912722812,0.0041679125061806445,0.17097394289630635
hour-078800,78800,2017-12-31 02:00:00,16090,27486,0.00010617602111560844,0.004834448039195377,0.1426706824140664
hour-078900,78900,2018-01-04 06:00:00,18537,32304,9.401579674930255e-05,0.0029770435504154974,0.15811941220492448
hour-079000,79000,2018-01-08 10:00:00,10834,17139,0.00014603195668967716,0.005643324870234691,0.11611225408044709
hour-079100,79100,2018-01-12 14:00:00,15035,25380,0.00011228290478617606,0.0036159739346137165,0.14347431497577137
hour-079200,79200,2018-01-16 18:00:00,11592,19157,0.00014257658916370887,0.0054110442976243985,0.12557000293138113
hour-079300,79300,2018-01-20 22:00:00,12035,20014,0.00013819037446801988,0.005163608510570038,0.13177655642191172
hour-079400,79400,2018-01-25 02:00:00,9050,15554,0.00018992971965401385,0.005056098807395234,0.15896542415283615
hour-079500,79500,2018-01-29 06:00:00,13999,22614,0.00011540227890259873,0.0029017275393136443,0.13391540600096843
hour-079600,79600,2018-02-02 10:00:00,16651,26554,9.578012340609182e-05,0.0031256850995296744,0.12721675591602938
hour-079700,79700,2018-02-06 14:00:00,8958,14717,0.00018341956433310668,0.00536999586125488,0.13161794450348613
hour-079800,79800,2018-02-10 18:00:00,9941,16308,0.00016503811117383305,0.005519528581101064,0.11834168740970247
hour-079900,79900,2018-02-14 22:00:00,17171,28650,9.717593834222326e-05,0.0027241170594810237,0.1356890433225005
hour-080000,80000,2018-02-19 02:00:00,12853,20666,0.00012510688205536285,0.0035514299579091635,0.12193113860163972
hour-080100,80100,2018-02-23 06:00:00,11302,17935,0.00014042007579755903,0.004392238707280989,0.12181021217160064
hour-080200,80200,2018-02-27 10:00:00,14387,23282,0.00011248898168926562,0.003471183836418413,0.1347523662385373
hour-080300,80300,2018-03-03 14:00:00,8692,14407,0.0001907146646511567,0.004989878305398191,0.13184797488888766
hour-080400,80400,2018-03-07 18:00:00,9639,15910,0.00017125816148475637,0.005466305192354316,0.13367409664851232
hour-080500,80500,2018-03-11 22:00:00,7133,11893,0.00023378027241249683,0.006257800925375556,0.09265771729137649
hour-080600,80600,2018-03-16 02:00:00,24478,42005,7.010788583013327e-05,0.0019854553888862224,0.1537410697236072
hour-080700,80700,2018-03-20 06:00:00,19612,31753,8.255875576620375e-05,0.0023281279450537307,0.13258317892020505
hour-080800,80800,2018-03-24 10:00:00,16361,26324,9.834646138791798e-05,0.0033846448868922333,0.12761414051147602
hour-080900,80900,2018-03-28 14:00:00,16621,28316,0.00010250468956420738,0.00521574693192783,0.12565650039714937
hour-081000,81000,2018-04-01 18:00:00,15969,25117,9.850074624795964e-05,0.004381975102856896,0.1094010779126485
hour-081100,81100,2018-04-05 22:00:00,20933,36080,8.234255325579946e-05,0.00263892277303112,0.14681980540839357
hour-081200,81200,2018-04-10 02:00:00,19515,32410,8.510678301585824e-05,0.0024364333610177157,0.1470170900709137
hour-081300,81300,2018-04-14 06:00:00,11500,19055,0.0001440957058647822,0.0037018677232330518,0.17834794057089984
hour-081400,81400,2018-04-18 10:00:00,15991,24279,9.495256654100577e-05,0.003358481198949163,0.10930040354940337
hour-081500,81500,2018-04-22 14:00:00,16263,25815,9.761071874362425e-05,0.004383210007677001,0.11056031732608111
hour-081600,81600,2018-04-26 18:00:00,14656,24659,0.00011480853666349324,0.0035769224274423304,0.14329525301431853
hour-081700,81700,2018-04-30 22:00:00,19963,32629,8.187925941721772e-05,0.0023730669210160127,0.1311127875299864
hour-081800,81800,2018-05-05 02:00:00,6232,9348,0.00024073182474723158,0.0055755246421743555,0.10656779086561814
hour-081900,81900,2018-05-09 06:00:00,11670,17941,0.0001317474294344216,0.004324462189556782,0.112107136302149
hour-082000,82000,2018-05-13 10:00:00,6332,10340,0.0002579332432845309,0.006826392464301446,0.12659530479850872
hour-082100,82100,2018-05-17 14:00:00,11514,19573,0.0001476531329251912,0.0041447825209065875,0.14016253398037878
hour-082200,82200,2018-05-21 18:00:00,13318,21320,0.00012021033018789359,0.004361095429621801,0.11445235940384531
hour-082300,82300,2018-05-25 22:00:00,16933,28240,9.849689139764843e-05,0.0027371148626238644,0.14941700239712105
hour-082400,82400,2018-05-30 02:00:00,14890,23946,0.00010801218472708791,0.002667995647667183,0.13516990685947342
hour-082500,82500,2018-06-03 06:00:00,13033,21020,0.0001237591292670346,0.0033543071010936187,0.12940676656674208
hour-082600,82600,2018-06-07 10:00:00,10272,16687,0.00015816505110265692,0.003934624821137613,0.1317691664818029
hour-082700,82700,2018-06-11 14:00:00,15095,24862,0.0001091185532131578,0.0036164875406800643,0.13589319558739996
hour-082800,82800,2018-06-15 18:00:00,18695,32417,9.275666236594928e-05,0.002357269548453568,0.13609040858409965
hour-082900,82900,2018-06-19 22:00:00,15136,23795,0.00010387048627189683,0.0025937073333634603,0.12260895787665196
hour-083000,83000,2018-06-24 02:00:00,12701,20900,0.00012957005679384165,0.002808997419913199,0.14552323583022383
hour-083100,83100,2018-06-28 06:00:00,11811,18656,0.00013374635837614887,0.003805438172348137,0.1215054261184033
hour-083200,83200,2018-07-02 10:00:00,11598,19055,0.00014167074950540142,0.004049766341154527,0.13809830829653694
hour-083300,83300,2018-07-06 14:00:00,25501,38186,5.8722802873551284e-05,0.0015660690388511356,0.09886617590827633
hour-083400,83400,2018-07-10 18:00:00,28966,52247,6.227292987859752e-05,0.0015764059229737006,0.17477675688124408
hour-083500,83500,2018-07-14 22:00:00,22131,37435,7.643554831444353e-05,0.001849263600805878,0.15611749986357493
hour-083600,83600,2018-07-19 02:00:00,16372,26784,9.993059927332725e-05,0.002125078834458465,0.14201844017689394
hour-083700,83700,2018-07-23 06:00:00,13108,20811,0.0001211304183293215,0.0035644503623741613,0.13152050227186496
hour-083800,83800,2018-07-27 10:00:00,15863,27958,0.00011111247737481221,0.003665941686938008,0.137473969973523
hour-083900,83900,2018-07-31 14:00:00,12980,21434,0.00012722934796532173,0.003416066597876236,0.1299797422189528
hour-084000,84000,2018-08-04 18:00:00,19060,31274,8.609152988067594e-05,0.001710431330742769,0.16924874833491865
hour-084100,84100,2018-08-08 22:00:00,15091,24667,0.00010832010565107576,0.0024940528686165247,0.1410980089359676
hour-084200,84200,2018-08-13 02:00:00,6443,9781,0.0002356537781726248,0.005094377077081177,0.12298470766818481
hour-084300,84300,2018-08-17 06:00:00,8040,12166,0.00018823038681452792,0.005121555607047972,0.08553607668926932
hour-084400,84400,2018-08-21 10:00:00,15107,24556,0.0001076043714858722,0.002743690461357742,0.15263796450660463
hour-084500,84500,2018-08-25 14:00:00,16274,28287,0.0001068132069200458,0.0027098747323753684,0.16838733217654844
hour-084600,84600,2018-08-29 18:00:00,33240,54390,4.9227762220513656e-05,0.001112803466103386,0.14456429825804404
hour-084700,84700,2018-09-02 22:00:00,13805,21764,0.00011420821810096355,0.002753030139864919,0.11754858957543274
hour-084800,84800,2018-09-07 02:00:00,12324,19831,0.00013057994351592717,0.0031701853975689962,0.13160579623669896
hour-084900,84900,2018-09-11 06:00:00,8176,12917,0.00019325601297449983,0.004626099511368588,0.11534823082798322
hour-085000,85000,2018-09-15 10:00:00,11880,19715,0.00013970130351980675,0.0035251245293420304,0.15476672516280468
hour-085100,85100,2018-09-19 14:00:00,22341,34422,6.896842731909493e-05,0.001972699154348671,0.11386013742641833
hour-085200,85200,2018-09-23 18:00:00,9561,14331,0.00015678889001211773,0.003029476534227284,0.12535308684906502
hour-085300,85300,2018-09-27 22:00:00,14890,23696,0.00010688452055846801,0.002307048600878797,0.15398254161635055
hour-085400,85400,2018-10-02 02:00:00,24607,36335,6.00102554694133e-05,0.0013783995883939618,0.13720128347879015
hour-085500,85500,2018-10-06 06:00:00,13936,21223,0.00010928527850109394,0.002526722139630751,0.11063124514616078
hour-085600,85600,2018-10-10 10:00:00,23942,38882,6.783375879788516e-05,0.002211823303896649,0.1139979945213631
hour-085700,85700,2018-10-14 14:00:00,3563,5113,0.0004028710451781308,0.005758292288266833,0.06805724735806805
hour-085800,85800,2018-10-18 18:00:00,9484,14380,0.00015989010590684754,0.0037284202043808877,0.08768631289548487
hour-085900,85900,2018-10-22 22:00:00,24082,39176,6.755430359143378e-05,0.0012742610422647011,0.1468022875844931
hour-086000,86000,2018-10-27 02:00:00,14952,25064,0.00011211942246580492,0.003042100813252345,0.14999088438368652
hour-086100,86100,2018-10-31 06:00:00,11992,19075,0.00013265313672824108,0.0033392191153043312,0.11010662562780323
hour-086200,86200,2018-11-04 10:00:00,20812,33982,7.845889171050294e-05,0.0018178000293315628,0.15194016375399078
hour-086300,86300,2018-11-08 14:00:00,11632,17344,0.00012819698625915162,0.0022135007073649953,0.09374210384302283
hour-086400,86400,2018-11-12 18:00:00,22014,32060,6.615845008225872e-05,0.0015160353993184193,0.10515630108219123
hour-086500,86500,2018-11-16 22:00:00,9504,15628,0.00017303591175000203,0.0036282841529747074,0.14106651320735383
hour-086600,86600,2018-11-21 02:00:00,13646,23497,0.00012619249002965473,0.004275156683645095,0.1377648357375403
hour-086700,86700,2018-11-25 06:00:00,12307,21254,0.00014033679854430053,0.0021691254289164085,0.11187800756639818
hour-086800,86800,2018-11-29 10:00:00,24280,42149,7.150028909533483e-05,0.0015585614521483702,0.16801855500253535
hour-086900,86900,2018-12-03 14:00:00,19688,31460,8.116664152375576e-05,0.0015160063164165866,0.1403426980749309
hour-087000,87000,2018-12-07 18:00:00,15029,25690,0.00011374513576830159,0.0025398718480599196,0.1693831946642429
hour-087100,87100,2018-12-11 22:00:00,13563,22805,0.00012397969818714989,0.0032526379455842043,0.1393026684222582
hour-087200,87200,2018-12-16 02:00:00,11341,18955,0.0001473870694691904,0.00324530836495464,0.13871317356707163
hour-087300,87300,2018-12-20 06:00:00,17311,28502,9.511655482245305e-05,0.002006180724211405,0.11906435436929634
hour-087400,87400,2018-12-24 10:00:00,5381,7928,0.00027385354914614203,0.005294626681376071,0.06292533231080104
hour-087500,87500,2018-12-28 14:00:00,18925,30015,8.380878027859195e-05,0.001850472062511128,0.12216777786239873
hour-087600,87600,2019-01-01 18:00:00,18732,25512,7.271087873422604e-05,0.0013625755221573256,0.07678318063288356
hour-087700,87700,2019-01-05 22:00:00,12920,20377,0.00012208121237421927,0.003324381172464049,0.1078481192873068
hour-087800,87800,2019-01-10 02:00:00,12757,20949,0.0001287360651459428,0.0028209451679065216,0.1292350582220103
hour-087900,87900,2019-01-14 06:00:00,33306,55185,4.9749547068169534e-05,0.0012102586121538136,0.14562381313132267
hour-088000,88000,2019-01-18 10:00:00,28718,46907,5.6878010700118315e-05,0.0011830211831223528,0.15055145156830801
hour-088100,88100,2019-01-22 14:00:00,16361,25754,9.621694144447804e-05,0.0019812645069163,0.1251201000779746
hour-088200,88200,2019-01-26 18:00:00,14252,23442,0.00011541799027432338,0.0023939053278194886,0.13693330526883213
hour-088300,88300,2019-01-30 22:00:00,5430,8093,0.0002745300373446334,0.0062362263797064756,0.07214826327891094
hour-088400,88400,2019-02-04 02:00:00,19998,33527,8.383845835701237e-05,0.002136310811885729,0.13584725534211833
hour-088500,88500,2019-02-08 06:00:00,27815,44865,5.799160885397245e-05,0.001469516896362499,0.13217158816658736
hour-088600,88600,2019-02-12 10:00:00,18517,29558,8.620992080132165e-05,0.0018725996685380255,0.12937497066804776
hour-088700,88700,2019-02-16 14:00:00,14892,24289,0.00010952991325108214,0.0024967362980861745,0.13972540119306365
hour-088800,88800,2019-02-20 18:00:00,11653,18552,0.00013663202759012477,0.004046253034519105,0.11497500378213109
hour-088900,88900,2019-02-24 22:00:00,9433,15215,0.00017100874908409445,0.004628379237845582,0.1046553769309548
hour-089000,89000,2019-03-01 02:00:00,15625,21966,8.997849462365591e-05,0.0020130026157283757,0.0774624820735364
hour-089100,89100,2019-03-05 06:00:00,15099,22652,9.936626065907344e-05,0.0024667639284517364,0.0837750481235832
hour-089200,89200,2019-03-09 10:00:00,16067,25714,9.961553764059906e-05,0.001920433803043873,0.1253268207632666
hour-089300,89300,2019-03-13 14:00:00,20946,28898,6.586979666957038e-05,0.0011183867988536435,0.07095938052954166
hour-089400,89400,2019-03-17 18:00:00,6096,9922,0.00026704260408794264,0.008414293715298756,0.09574186937222526
hour-089500,89500,2019-03-21 22:00:00,7431,11659,0.0002111665999243285,0.005413199443283322,0.09186695644762162
hour-089600,89600,2019-03-26 02:00:00,23296,39827,7.33894311848272e-05,0.001892598011304385,0.1648051025652895
hour-089700,89700,2019-03-30 06:00:00,17545,27015,8.77653280854118e-05,0.0017941658035869595,0.10844452120420378
hour-089800,89800,2019-04-03 10:00:00,7131,10401,0.0002045667898473036,0.0031226477476943553,0.05562269733181666
hour-089900,89900,2019-04-07 14:00:00,21996,36647,7.574792680691991e-05,0.00202313254578909,0.15172332556149268
hour-090000,90000,2019-04-11 18:00:00,21458,34050,7.39535240782879e-05,0.0024039263714469325,0.12355970574260396
hour-090100,90100,2019-04-15 22:00:00,34471,60201,5.066505746344621e-05,0.0013709974643960677,0.1719458955263556
hour-090200,90200,2019-04-20 02:00:00,13414,21065,0.00011707852351248554,0.0033512855154592186,0.09406414911086901
hour-090300,90300,2019-04-24 06:00:00,19891,31237,7.895468715762848e-05,0.001686985543399857,0.12327319147849847
hour-090400,90400,2019-04-28 10:00:00,17639,29279,9.410938626556836e-05,0.0018026295642054816,0.15276092745895611
hour-090500,90500,2019-05-02 14:00:00,17815,29276,9.224959407626272e-05,0.0035939375677672557,0.12412742959022917
hour-090600,90600,2019-05-06 18:00:00,11580,19459,0.00014512455623239082,0.004913097364170573,0.12000271372764276
hour-090700,90700,2019-05-10 22:00:00,14555,23756,0.00011214469554787542,0.002630320628253594,0.12721578366425573
hour-090800,90800,2019-05-15 02:00:00,25561,43245,6.61907362173117e-05,0.0015202536797427422,0.14982656494677818
hour-090900,90900,2019-05-19 06:00:00,13865,21527,0.00011198892793816558,0.002545454868476689,0.11460052862295035
hour-091000,91000,2019-05-23 10:00:00,26402,43696,6.268800933236464e-05,0.001629713376673868,0.16320336882097336
hour-091100,91100,2019-05-27 14:00:00,14018,21621,0.00011003596279197611,0.003341115520100316,0.10162589258911857
hour-091200,91200,2019-05-31 18:00:00,18190,30820,9.315177019645684e-05,0.002435729077130077,0.13399176178404246
hour-091300,91300,2019-06-04 22:00:00,16115,26069,0.00010039005748331072,0.003411292823528463,0.10063083894691127
hour-091400,91400,2019-06-09 02:00:00,21679,36539,7.774960656962748e-05,0.0018171116836751009,0.15153009919531718
hour-091500,91500,2019-06-13 06:00:00,24086,40624,7.002793998275952e-05,0.001650970555656906,0.14577716357442555
hour-091600,91600,2019-06-17 10:00:00,20544,31333,7.424258864052804e-05,0.0015539940830405685,0.12207033909674127
hour-091700,91700,2019-06-21 14:00:00,11841,20373,0.00014531649080040264,0.0030406252131074426,0.14400755311834096
hour-091800,91800,2019-06-25 18:00:00,16845,28520,0.0001005155545706065,0.0025135077907202526,0.14070805639317213
hour-091900,91900,2019-06-29 22:00:00,20093,35417,8.772912903039885e-05,0.0016394587441580196,0.18188274781607147
hour-092000,92000,2019-07-04 02:00:00,37410,63022,4.503274019979654e-05,0.0009032882353633388,0.1484659772432748
hour-092100,92100,2019-07-08 06:00:00,18941,32006,8.921718623054852e-05,0.00225850821991391,0.1441367120804382
hour-092200,92200,2019-07-12 10:00:00,22923,34750,6.613492210008444e-05,0.0019102351976672538,0.11428960758094137
hour-092300,92300,2019-07-16 14:00:00,23771,36183,6.403655182237995e-05,0.0024545890879554447,0.09285918282507075
hour-092400,92400,2019-07-20 18:00:00,14435,24089,0.00011561529254978971,0.002943690065976716,0.1294857344573364
hour-092500,92500,2019-07-24 22:00:00,21806,37015,7.784767652499582e-05,0.0017210297864701184,0.12067107348722868
hour-092600,92600,2019-07-29 02:00:00,22589,37134,7.277746910842006e-05,0.0015917164574293587,0.13344253452775817
hour-092700,92700,2019-08-02 06:00:00,17177,28310,9.595564350559325e-05,0.0020110100825343254,0.14314577588943966
hour-092800,92800,2019-08-06 10:00:00,18544,27877,8.107045643553959e-05,0.0020726150227840657,0.10625028581662324
hour-092900,92900,2019-08-10 14:00:00,4638,6724,0.0003126510305813068,0.00616469408422129,0.06397002602771308
hour-093000,93000,2019-08-14 18:00:00,20344,34830,8.415930264311533e-05,0.0019047655200687987,0.137501869718968
hour-093100,93100,2019-08-18 22:00:00,18985,32074,8.899278501969029e-05,0.0019856657512510555,0.12674006087571785
hour-093200,93200,2019-08-23 02:00:00,34378,59724,5.053593501235127e-05,0.0012108855514805662,0.17175047545823588
hour-093300,93300,2019-08-27 06:00:00,17381,27766,9.191550711863523e-05,0.002006963279259285,0.1344488063910306
hour-093400,93400,2019-08-31 10:00:00,18685,30723,8.80036449200302e-05,0.003715830949917278,0.1081379683391025
hour-093500,93500,2019-09-04 14:00:00,16426,28355,0.00010509751681866054,0.0027270139974452704,0.14806986014991183
hour-093600,93600,2019-09-08 18:00:00,30433,52765,5.697320894155001e-05,0.0013227714043899472,0.14871951114807344
hour-093700,93700,2019-09-12 22:00:00,18579,29796,8.632501695688601e-05,0.001575824890491214,0.12939492157003804
hour-093800,93800,2019-09-17 02:00:00,19317,30401,8.147624263611657e-05,0.0015577300852501054,0.12867407315731794
hour-093900,93900,2019-09-21 06:00:00,15717,25897,0.00010484260023380908,0.001767898414353227,0.1332649358849958
hour-094000,94000,2019-09-25 10:00:00,19377,32071,8.542044641022006e-05,0.002118670574120467,0.1416883520322285
hour-094100,94100,2019-09-29 14:00:00,20237,36851,8.998673096801518e-05,0.0021389969530900914,0.13402911631618752
hour-094200,94200,2019-10-03 18:00:00,13672,21830,0.00011679423400509653,0.002802285112724087,0.11295859558303728
hour-094300,94300,2019-10-07 22:00:00,23522,38842,7.020556783834677e-05,0.0015711987097802274,0.1398610053971552
hour-094400,94400,2019-10-12 02:00:00,17328,26741,8.906474510370053e-05,0.001929863019927051,0.12005006498623412
hour-094500,94500,2019-10-16 06:00:00,20674,34561,8.086457035919785e-05,0.0016034604742952,0.14847115920235876
hour-094600,94600,2019-10-20 10:00:00,16944,27613,9.618499777931193e-05,0.0025300665100740968,0.13410130358979547
hour-094700,94700,2019-10-24 14:00:00,20366,33569,8.09372138285771e-05,0.001865987152523397,0.13083187748354677
hour-094800,94800,2019-10-28 18:00:00,20338,33946,8.207170868186428e-05,0.0014423442900306342,0.11778896615637012
hour-094900,94900,2019-11-01 22:00:00,21789,36846,7.76132165260112e-05,0.0016396198049583618,0.1519743865888963
hour-095000,95000,2019-11-06 02:00:00,7918,11881,0.00018952951598778217,0.0038135228274403517,0.08473097165910523
hour-095100,95100,2019-11-10 06:00:00,24683,37552,6.16388859929548e-05,0.0014308027517254366,0.11603270056172986
hour-095200,95200,2019-11-14 10:00:00,11717,17611,0.00012828864678912115,0.0031281715169902092,0.08273344110298345
hour-095300,95300,2019-11-18 14:00:00,15359,25094,0.00010638301390124233,0.002285230148525293,0.1332242874898624
hour-095400,95400,2019-11-22 18:00:00,12829,21120,0.00012833412606392454,0.0018370575695400404,0.08368419609074047
hour-095500,95500,2019-11-26 22:00:00,15953,26799,0.0001053079315675353,0.00205338937287795,0.14491212476578502
hour-095600,95600,2019-12-01 02:00:00,14526,24603,0.000116607339252567,0.002256333528213696,0.1433408692733125
hour-095700,95700,2019-12-05 06:00:00,16898,28761,0.00010073005526868762,0.003621932819339506,0.11233442155630949
hour-095800,95800,2019-12-09 10:00:00,18600,31853,9.207628806497285e-05,0.0018317187184497268,0.1455757502134593
hour-095900,95900,2019-12-13 14:00:00,17334,29615,9.85687406148763e-05,0.0018240551870663127,0.14733247720029788
hour-096000,96000,2019-12-17 18:00:00,25696,41785,6.328579802777917e-05,0.0016708011289375594,0.13214624386346777
hour-096100,96100,2019-12-21 22:00:00,24279,41131,6.9779132546934e-05,0.0013314479502538016,0.157386490384751
hour-096200,96200,2019-12-26 02:00:00,17631,28789,9.261841018756829e-05,0.0020538761900124624,0.13176938045168657
hour-096300,96300,2019-12-30 06:00:00,17197,28703,9.70615367911412e-05,0.002071313745251182,0.15099256433143
hour-096400,96400,2020-01-03 10:00:00,16518,28410,0.0001041316147958907,0.001961677315947413,0.16938392431457402
hour-096500,96500,2020-01-07 14:00:00,21637,36090,7.709263042900338e-05,0.0015967684756981995,0.14181983037023202
hour-096600,96600,2020-01-11 18:00:00,17495,29074,9.499521217465226e-05,0.002486616007316724,0.13679710911911405
hour-096700,96700,2020-01-15 22:00:00,26936,45683,6.296577208030707e-05,0.0012554883005420157,0.15944987703719304
hour-096800,96800,2020-01-20 02:00:00,20542,30814,7.302705227358117e-05,0.0016962988854639432,0.11101018001091029
hour-096900,96900,2020-01-24 06:00:00,13507,22737,0.00012463715196197692,0.002782021966140078,0.1522525910818988
hour-097000,97000,2020-01-28 10:00:00,15722,26010,0.00010523310686785726,0.0022135316362032085,0.1405363616222223
hour-097100,97100,2020-02-01 14:00:00,16127,25583,9.837193845844147e-05,0.0024554825508158328,0.11565080849414731
hour-097200,97200,2020-02-05 18:00:00,32252,56519,5.433687186969328e-05,0.0015296775290189971,0.17133397592170965
hour-097300,97300,2020-02-09 22:00:00,23274,38859,7.174113128026643e-05,0.001885645479020886,0.15233577858524144
hour-097400,97400,2020-02-14 02:00:00,22567,41427,8.134953440130955e-05,0.0022043472223267756,0.13064870632481534
hour-097500,97500,2020-02-18 06:00:00,10342,16532,0.0001545817875388341,0.003234755941095715,0.11655938434355499
hour-097600,97600,2020-02-22 10:00:00,20444,34996,8.373517011040514e-05,0.001836601948456215,0.13872006835493617
hour-097700,97700,2020-02-26 14:00:00,19208,30920,8.381037846576787e-05,0.0024326013029508176,0.12541557032977763
hour-097800,97800,2020-03-01 18:00:00,16372,26537,9.900904692787803e-05,0.0027372455775812785,0.12610807211055836
hour-097900,97900,2020-03-05 22:00:00,20703,37267,8.695185409552145e-05,0.003594229648472189,0.1367672808808657
hour-098000,98000,2020-03-10 02:00:00,19585,34762,9.063162751271899e-05,0.0024774433269451417,0.15290283374321428
hour-098100,98100,2020-03-14 06:00:00,13280,22425,0.00012716541291304235,0.00404051702897291,0.12000180460772084
hour-098200,98200,2020-03-18 10:00:00,16919,26554,9.27697187340492e-05,0.002369215222026964,0.0938271412776818
hour-098300,98300,2020-03-22 14:00:00,30646,52575,5.598167110574965e-05,0.0015630007488774723,0.1326735442790349
hour-098400,98400,2020-03-26 18:00:00,25910,44180,6.581238771170999e-05,0.0015564925676023048,0.1489060734929598
hour-098500,98500,2020-03-30 22:00:00,13730,24293,0.00012887589902915752,0.0035493287752889806,0.11636915761614725
hour-098600,98600,2020-04-04 02:00:00,14811,24848,0.00011327967593113701,0.0029149335398606074,0.12625148301177294
hour-098700,98700,2020-04-08 06:00:00,12018,17591,0.00012180420113498444,0.0035631633885160182,0.06245427446990434
hour-098800,98800,2020-04-12 10:00:00,31263,52289,5.350112655227422e-05,0.001446752012288333,0.14506071053538233
hour-098900,98900,2020-04-16 14:00:00,25708,43659,6.606236167100724e-05,0.0022085048232740176,0.1229533645859299
hour-099000,99000,2020-04-20 18:00:00,28770,47473,5.735642170643045e-05,0.00131460882103468,0.1282604878424632
hour-099100,99100,2020-04-24 22:00:00,17575,30887,0.00010000225018823067,0.0027916984849868745,0.139119040789651
hour-099200,99200,2020-04-29 02:00:00,23828,38855,6.843684138897278e-05,0.0015050607794447643,0.13551332982082356
hour-099300,99300,2020-05-03 06:00:00,13342,21516,0.00012087937758379249,0.002834364633000727,0.09898754992874063
hour-099400,99400,2020-05-07 10:00:00,24795,41747,6.790700278542823e-05,0.001993800256127122,0.12190182598281811
hour-099500,99500,2020-05-11 14:00:00,20163,33742,8.30007583812403e-05,0.0029708147830796575,0.10141866032264107
hour-099600,99600,2020-05-15 18:00:00,10763,17634,0.0001522385042964945,0.003667000301801334,0.10957248641106412
hour-099700,99700,2020-05-19 22:00:00,16531,29050,0.00010631000957595188,0.0033092287707185506,0.1345686843052119
hour-099800,99800,2020-05-24 02:00:00,9559,15384,0.00016837972017313166,0.0032088935647392623,0.09735987538852485
hour-099900,99900,2020-05-28 06:00:00,29176,48724,5.724088233006716e-05,0.0014819153526547313,0.1299086319566159
hour-100000,100000,2020-06-01 10:00:00,39279,68512,4.440755447430282e-05,0.0010861265870139066,0.15329048533831077
hour-100100,100100,2020-06-05 14:00:00,25593,42209,6.444357715574262e-05,0.0018387686391091358,0.11164455993725478
hour-100200,100200,2020-06-09 18:00:00,36653,65309,4.86145006512835e-05,0.0013566881325240627,0.14813672187771054
hour-100300,100300,2020-06-13 22:00:00,24728,41823,6.839978884527418e-05,0.002029605667409874,0.1319361133433715
hour-100400,100400,2020-06-18 02:00:00,20848,32561,7.491862007747783e-05,0.002040865073733009,0.09490351172747895
hour-100500,100500,2020-06-22 06:00:00,31179,51472,5.294934703873771e-05,0.0015921215884380216,0.11384200018716886
hour-100600,100600,2020-06-26 10:00:00,30175,51591,5.666224547170735e-05,0.0019118862706120363,0.12446670620434695
hour-100700,100700,2020-06-30 14:00:00,26189,43546,6.349317144107535e-05,0.0019495863028322988,0.11985282600273621
hour-100800,100800,2020-07-04 18:00:00,16419,28163,0.0001044748992442113,0.005356641589262408,0.10918371424909117
hour-100900,100900,2020-07-08 22:00:00,26657,45994,6.472840852588175e-05,0.0018934722572954434,0.13944202113966903
hour-101000,101000,2020-07-13 02:00:00,28844,46517,5.591338449518398e-05,0.001499839829437339,0.12518425085629928
hour-101100,101100,2020-07-17 06:00:00,24090,41349,7.125403114136674e-05,0.0023331324814281846,0.13438869352323066
hour-101200,101200,2020-07-21 10:00:00,11687,20013,0.00014653564131495854,0.004350982624091313,0.09308352387522754
hour-101300,101300,2020-07-25 14:00:00,9380,15900,0.0001807331217429675,0.00510443186879988,0.09411992491758986
hour-101400,101400,2020-07-29 18:00:00,8722,14738,0.0001937564565217637,0.005739541044568127,0.0946215893235395
hour-101500,101500,2020-08-02 22:00:00,20214,34576,8.462364195709677e-05,0.002959840294985848,0.12128048206568938
hour-101600,101600,2020-08-07 02:00:00,37047,62870,4.58088187115759e-05,0.0011601320863570597,0.13951195179734519
hour-101700,101700,2020-08-11 06:00:00,29552,49576,5.676915412054925e-05,0.0017935027756162695,0.1268876861891025
hour-101800,101800,2020-08-15 10:00:00,14237,23676,0.00011681587514915043,0.003185177773135908,0.09874084031780948
hour-101900,101900,2020-08-19 14:00:00,20604,34113,8.035962667903987e-05,0.0026961946694339396,0.09766215072925795
hour-102000,102000,2020-08-23 18:00:00,15522,25927,0.00010761799329015282,0.004001719072854666,0.08444451948382078
hour-102100,102100,2020-08-27 22:00:00,11304,17964,0.0001405973612777398,0.0036995982188181877,0.09257170770414865
hour-102200,102200,2020-09-01 02:00:00,40051,69001,4.3016938671608184e-05,0.0011558914322132498,0.13087703133611553
hour-102300,102300,2020-09-05 06:00:00,15294,23826,0.00010186790229105812,0.002196348725732038,0.09191063671754733
hour-102400,102400,2020-09-09 10:00:00,27360,44303,5.9185704737250365e-05,0.0013234661763829167,0.10947020156234434
hour-102500,102500,2020-09-13 14:00:00,20513,33779,8.028041347851935e-05,0.002136478314243427,0.11387575598195944
hour-102600,102600,2020-09-17 18:00:00,22769,37544,7.242219798855485e-05,0.0023053796884182115,0.1172928147158602
hour-102700,102700,2020-09-21 22:00:00,22062,36967,7.595286013791274e-05,0.003151353731280008,0.0970676626122553
hour-102800,102800,2020-09-26 02:00:00,37569,62518,4.429527126078929e-05,0.0011251110335505168,0.1368239874132225
hour-102900,102900,2020-09-30 06:00:00,20832,34282,7.899963136885156e-05,0.0030064488787294222,0.11725780795051914
hour-103000,103000,2020-10-04 10:00:00,27313,45776,6.136417954708517e-05,0.002562873216636864,0.11408743522842212
hour-103100,103100,2020-10-08 14:00:00,18889,31092,8.714725626062727e-05,0.0028563315109701413,0.1184999113615016
hour-103200,103200,2020-10-12 18:00:00,36649,59257,4.411916180201106e-05,0.0010805813060377589,0.13667596805634424
hour-103300,103300,2020-10-16 22:00:00,32117,52236,5.064230823476003e-05,0.0012961867983988283,0.12692803702228372
hour-103400,103400,2020-10-21 02:00:00,27842,45678,5.892801617596362e-05,0.0019226930105250054,0.11114967043600239
hour-103500,103500,2020-10-25 06:00:00,21133,33925,7.596579746388481e-05,0.002428290737370489,0.11927031678878851
hour-103600,103600,2020-10-29 10:00:00,14322,23771,0.00011589653126669599,0.0037267926082278527,0.11879309412610467
hour-103700,103700,2020-11-02 14:00:00,27870,46171,5.9444397086512565e-05,0.002003078324175667,0.13064783731053936
hour-103800,103800,2020-11-06 18:00:00,19816,31180,7.940832596552426e-05,0.002309456422845282,0.11396610009930509
hour-103900,103900,2020-11-10 22:00:00,27573,45148,5.9386294237836844e-05,0.0027471230265004427,0.10579988740992208
hour-104000,104000,2020-11-15 02:00:00,5959,8812,0.00024819932963648147,0.005437118269708258,0.05963787374733095
hour-104100,104100,2020-11-19 06:00:00,18023,28602,8.805749651459857e-05,0.002685691571344629,0.11161913419671878
hour-104200,104200,2020-11-23 10:00:00,28371,46166,5.735724297700217e-05,0.002100775237115067,0.11908662315088087
hour-104300,104300,2020-11-27 14:00:00,14462,23057,0.00011024936994997805,0.005352781478341609,0.09726308098353299
hour-104400,104400,2020-12-01 18:00:00,50256,77406,3.0648373334199976e-05,0.0008324741802740561,0.13177270471011426
hour-104500,104500,2020-12-05 22:00:00,21883,34651,7.236388894628408e-05,0.0024112792923642263,0.1029167786326064
hour-104600,104600,2020-12-10 02:00:00,20678,31411,7.346588320957973e-05,0.0029902205015178793,0.10877053528387066
hour-104700,104700,2020-12-14 06:00:00,18264,28059,8.412095054713425e-05,0.004820327742454946,0.09040790100310173
hour-104800,104800,2020-12-18 10:00:00,17992,25351,7.831777654550313e-05,0.003508328813877895,0.07574979157925746
