hour,date,corr_kl_in_degree_kl_out_degree,corr_kl_in_degree_kl_degree,corr_kl_in_degree_kl_clustering,corr_kl_out_degree_kl_degree,corr_kl_out_degree_kl_clustering,corr_kl_degree_kl_clustering
100,2009-01-07 22:00:00,,,,,,
200,2009-01-12 02:00:00,,,,,,
300,2009-01-16 06:00:00,,,,,,
400,2009-01-20 10:00:00,,,,,,
500,2009-01-24 14:00:00,,,,,,
600,2009-01-28 18:00:00,,,,,,
700,2009-02-01 22:00:00,,,,,,
800,2009-02-06 02:00:00,,,,,,
900,2009-02-10 06:00:00,,,,,,
1000,2009-02-14 10:00:00,,,,,,
1100,2009-02-18 14:00:00,,,,,,
1200,2009-02-22 18:00:00,,,,,,
1300,2009-02-26 22:00:00,,,,,,
1400,2009-03-03 02:00:00,,,,,,
1500,2009-03-07 06:00:00,,,,,,
1600,2009-03-11 10:00:00,,,,,,
1700,2009-03-15 14:00:00,,,,,,
1800,2009-03-19 18:00:00,,,,,,
1900,2009-03-23 22:00:00,,,,,,
2000,2009-03-28 02:00:00,,,,,,
2100,2009-04-01 06:00:00,,,,,,
2200,2009-04-05 10:00:00,,,,,,
2300,2009-04-09 14:00:00,,,,,,
2400,2009-04-13 18:00:00,,,,,,
2500,2009-04-17 22:00:00,,,,,,
2600,2009-04-22 02:00:00,,,,,,
2700,2009-04-26 06:00:00,,,,,,
2800,2009-04-30 10:00:00,,,,,,
2900,2009-05-04 14:00:00,,,,,,
3000,2009-05-08 18:00:00,,,,,,
3100,2009-05-12 22:00:00,,,,,,
3200,2009-05-17 02:00:00,,,,,,
3300,2009-05-21 06:00:00,,,,,,
3400,2009-05-25 10:00:00,,,,,,
3500,2009-05-29 14:00:00,,,,,,
3600,2009-06-02 18:00:00,,,,,,
3700,2009-06-06 22:00:00,,,,,,
3800,2009-06-11 02:00:00,,,,,,
3900,2009-06-15 06:00:00,,,,,,
4000,2009-06-19 10:00:00,,,,,,
4100,2009-06-23 14:00:00,,,,,,
4200,2009-06-27 18:00:00,,,,,,
4300,2009-07-01 22:00:00,,,,,,
4400,2009-07-06 02:00:00,,,,,,
4500,2009-07-10 06:00:00,,,,,,
4600,2009-07-14 10:00:00,,,,,,
4700,2009-07-18 14:00:00,,,,,,
4800,2009-07-22 18:00:00,,,,,,
4900,2009-07-26 22:00:00,,,,,,
5000,2009-07-31 02:00:00,,,,,,
5100,2009-08-04 06:00:00,,,,,,
5200,2009-08-08 10:00:00,,,,,,
5300,2009-08-12 14:00:00,,,,,,
5400,2009-08-16 18:00:00,,,,,,
5500,2009-08-20 22:00:00,,,,,,
5600,2009-08-25 02:00:00,,,,,,
5700,2009-08-29 06:00:00,,,,,,
5800,2009-09-02 10:00:00,,,,,,
5900,2009-09-06 14:00:00,,,,,,
6000,2009-09-10 18:00:00,,,,,,
6100,2009-09-14 22:00:00,,,,,,
6200,2009-09-19 02:00:00,,,,,,
6300,2009-09-23 06:00:00,,,,,,
6400,2009-09-27 10:00:00,,,,,,
6500,2009-10-01 14:00:00,,,,,,
6600,2009-10-05 18:00:00,,,,,,
6700,2009-10-09 22:00:00,,,,,,
6800,2009-10-14 02:00:00,,,,,,
6900,2009-10-18 06:00:00,,,,,,
7000,2009-10-22 10:00:00,,,,,,
7100,2009-10-26 14:00:00,,,,,,
7200,2009-10-30 18:00:00,,,,,,
7300,2009-11-03 22:00:00,,,,,,
7400,2009-11-08 02:00:00,,,,,,
7500,2009-11-12 06:00:00,,,,,,
7600,2009-11-16 10:00:00,,,,,,
7700,2009-11-20 14:00:00,,,,,,
7800,2009-11-24 18:00:00,,,,,,
7900,2009-11-28 22:00:00,,,,,,
8000,2009-12-03 02:00:00,,,,,,
8100,2009-12-07 06:00:00,,,,,,
8200,2009-12-11 10:00:00,,,,,,
8300,2009-12-15 14:00:00,,,,,,
8400,2009-12-19 18:00:00,,,,,,
8500,2009-12-23 22:00:00,,,,,,
8600,2009-12-28 02:00:00,,,,,,
8700,2010-01-01 06:00:00,,,,,,
8800,2010-01-05 10:00:00,,,,,,
8900,2010-01-09 14:00:00,,,,,,
9000,2010-01-13 18:00:00,,,,,,
9100,2010-01-17 22:00:00,,,,,,
9200,2010-01-22 02:00:00,,,,,,
9300,2010-01-26 06:00:00,,,,,,
9400,2010-01-30 10:00:00,,,,,,
9500,2010-02-03 14:00:00,,,,,,
9600,2010-02-07 18:00:00,,,,,,
9700,2010-02-11 22:00:00,,,,,,
9800,2010-02-16 02:00:00,,,,,,
9900,2010-02-20 06:00:00,,,,,,
10000,2010-02-24 10:00:00,,,,,,
10100,2010-02-28 14:00:00,,,,,,
10200,2010-03-04 18:00:00,,,,,,
10300,2010-03-08 22:00:00,,,,,,
10400,2010-03-13 02:00:00,,,,-0.024774390779239975,,
10500,2010-03-17 06:00:00,0.7946884206966016,-0.03196447278225976,,-0.0404326019675822,,
10600,2010-03-21 10:00:00,0.07202382958324319,0.004744148486077684,,-0.04019747199361865,,
10700,2010-03-25 14:00:00,0.05101702262767891,0.004852392208055873,,-0.03855586111672826,,
10800,2010-03-29 18:00:00,0.05116980258406691,0.0050573672749270535,,-0.03819299307225231,,
10900,2010-04-02 22:00:00,0.04896185854189444,0.007722358912004833,,-0.03856626539758175,,
11000,2010-04-07 02:00:00,0.003953662181673282,0.06505717794000875,,-0.03956836466524523,,
11100,2010-04-11 06:00:00,0.00415449969365316,0.06606136611216358,,-0.037441947726407424,,
11200,2010-04-15 10:00:00,0.003948947453701172,0.06717265888511158,,-0.03922342948465199,,
11300,2010-04-19 14:00:00,0.1011455260454978,0.04076845742291081,,-0.047000147197329735,,
11400,2010-04-23 18:00:00,0.08713164963298449,0.04036605713349627,,-0.09750615467607643,,
11500,2010-04-27 22:00:00,0.08122625284207359,0.03245219613434093,,-0.09738776821129637,,
11600,2010-05-02 02:00:00,0.0648501814186832,0.03261451835309092,,-0.09141876871753658,,
11700,2010-05-06 06:00:00,0.0651855825707865,0.033026207718187074,,-0.09083875759889452,,
11800,2010-05-10 10:00:00,0.06551505892454827,0.03078579115589727,,-0.09266536874031746,,
11900,2010-05-14 14:00:00,0.0624939280287236,0.029889863817016533,,-0.12577472238376372,,
12000,2010-05-18 18:00:00,0.1450266216075354,0.0196625202389249,,-0.13108984769666265,,
12100,2010-05-22 22:00:00,0.08672865054147458,0.02752338715380872,,-0.13107452325081712,,
12200,2010-05-27 02:00:00,0.07640007420774671,0.027748468644342654,,-0.1283028420109492,,
12300,2010-05-31 06:00:00,0.07640939914089775,0.027726187320671548,,-0.1259844194930719,,
12400,2010-06-04 10:00:00,0.12522925435742568,0.019758605486248536,,-0.12775666403036443,,
12500,2010-06-08 14:00:00,0.12358323068914386,0.020887296008260375,-0.012113736909310505,-0.13588338603586822,0.09163287371573672,-0.10176061976741853
12600,2010-06-12 18:00:00,0.12379437545946742,0.020069118039179292,0.00827714189882136,-0.13746346669566373,0.037542006759351064,-0.08866554159571773
12700,2010-06-16 22:00:00,0.12331966384409074,0.0149851467970574,0.19763772119628992,-0.1376556902760295,0.016303270353975226,-0.0381421405055626
12800,2010-06-21 02:00:00,0.1244140367916538,0.005505922354903446,0.17980854812568806,-0.13839306854543346,0.018800024971186914,-0.0641802214936755
12900,2010-06-25 06:00:00,0.11518079773078217,0.00552363283973501,0.17995106048449155,-0.13425198843081212,0.015972310483306332,-0.06416960103251786
13000,2010-06-29 10:00:00,0.1136159563047412,0.006275977332300756,0.1796567683456713,-0.14329887080739134,0.018844306159987383,-0.06648017824565715
13100,2010-07-03 14:00:00,0.18566581851871547,-0.008111543638385992,0.2790028803258542,-0.15507638147859504,0.21704448878325897,-0.08902583880432091
13200,2010-07-07 18:00:00,0.1832424936800951,-0.008260930186330397,0.27917743709867354,-0.154024955648701,0.21537964401150497,-0.0890984536809836
13300,2010-07-11 22:00:00,0.16344776139299722,-0.007298912563488893,0.2793150004001494,-0.1639149751872341,0.19506026587934147,-0.08827750787001981
13400,2010-07-16 02:00:00,0.16329136367034455,-0.005253092360576242,0.27907118177532886,-0.16370105134106694,0.1950923215277245,-0.08860995666500954
13500,2010-07-20 06:00:00,0.1663714564108642,-0.011463600470227323,0.29511687351571175,-0.16575406313674967,0.1960536516693754,-0.10513389222173364
13600,2010-07-24 10:00:00,0.1617561625798261,-0.010153042574309988,0.2948771107795309,-0.1784146528369698,0.19557527294729374,-0.10595486763226661
13700,2010-07-28 14:00:00,0.1783057081569576,-0.01507866651399347,0.33594085978337307,-0.18064574031933872,0.22733493989387346,-0.10722566949790423
13800,2010-08-01 18:00:00,0.1724640176047876,-0.013587746311610225,0.3361702069745634,-0.18789294435805073,0.2221012797188382,-0.1060224788574008
13900,2010-08-05 22:00:00,0.172963322424017,-0.01145021746751092,0.33639608679304644,-0.18468143353547686,0.2224038180816247,-0.1041806543134471
14000,2010-08-10 02:00:00,0.17225523290282957,-0.01130798481183417,0.33638450336636566,-0.19115522302302712,0.22209130161997268,-0.10426647192341211
14100,2010-08-14 06:00:00,0.17038149168424804,-0.010612617508686738,0.37714526251558256,-0.19113367785854227,0.2080052216803152,-0.09551665607318639
14200,2010-08-18 10:00:00,0.17669667163877667,-0.016168625497013943,0.37493726217156836,-0.19396179737766836,0.20758180694892925,-0.09545664967161278
14300,2010-08-22 14:00:00,0.18558527746352016,-0.021541336333675387,0.38233820665231955,-0.19943433962069554,0.23422569784490196,-0.10988570480374452
14400,2010-08-26 18:00:00,0.18883121684064788,-0.0222327484131329,0.377767064125969,-0.19956288728538865,0.2332513916766148,-0.1097300972388737
14500,2010-08-30 22:00:00,0.1939332872254567,-0.02460122923549524,0.37636082534683535,-0.20182707191864702,0.23161062442752767,-0.10940960769463114
14600,2010-09-04 02:00:00,0.19327218234987792,-0.022944631736161215,0.3618570139629611,-0.2027547348500014,0.2307951974940777,-0.12026862061927099
14700,2010-09-08 06:00:00,0.19391126268740416,-0.020996734905856792,0.3618931722334266,-0.19986752354571594,0.23087655148426395,-0.11948290760688961
14800,2010-09-12 10:00:00,0.2092912952882338,-0.006540171258477474,0.3709142167615792,-0.14790822029504425,0.2788811214069512,-0.07600439771497094
14900,2010-09-16 14:00:00,0.2043026217848122,-0.0056925607126322155,0.37123853483504266,-0.15071172317414158,0.2740994026512524,-0.07529830684814381
15000,2010-09-20 18:00:00,0.1800539744558729,-0.006989325144027386,0.3715581902358293,-0.12107105349970766,0.24706056352074945,-0.07619729422222736
15100,2010-09-24 22:00:00,0.17451693363498488,-0.004691224042452341,0.37187328281497645,-0.13190680053252296,0.24168232784193042,-0.07413067188309479
15200,2010-09-29 02:00:00,0.17230258997933054,-0.0037144085486095057,0.3721839095921788,-0.1341073443092301,0.23971609080376693,-0.07331074312609925
15300,2010-10-03 06:00:00,0.1710746035366566,-0.003291983153299118,0.3724901648554556,-0.13465214670613632,0.23867497468294624,-0.07296107057429733
15400,2010-10-07 10:00:00,0.1682523681241874,-0.003105395374988098,0.3725954799716947,-0.1359072214341064,0.23397138105627321,-0.07257191132846041
15500,2010-10-11 14:00:00,0.1678857275906767,-0.002647095272394047,0.37278968985734706,-0.1363756039092145,0.23350824172033569,-0.07198185302856074
15600,2010-10-15 18:00:00,0.16894503304846326,-0.0031488058797532713,0.3711530339136606,-0.13656415323635218,0.23290494609648066,-0.07178403174400078
15700,2010-10-19 22:00:00,0.1674460146376878,-0.004595087555880337,0.37145008131670676,-0.13336301793602792,0.23164561786117377,-0.07274852318050633
15800,2010-10-24 02:00:00,0.1634515808862631,-0.0029094632598862624,0.3716862054196554,-0.142659332578361,0.22721083120160038,-0.07087790074944052
15900,2010-10-28 06:00:00,0.16305614755077394,-0.0010855521628019157,0.37159740136512237,-0.1434812084849361,0.22718588629959754,-0.07063949464560082
16000,2010-11-01 10:00:00,0.16219515988908975,-0.005623883125343935,0.3881720719246513,-0.14348979535347337,0.21383106636560661,-0.07917864367478494
16100,2010-11-05 14:00:00,0.16181729538367634,-0.004183649569243819,0.388475244058575,-0.14394281382206653,0.21352872058753763,-0.07792363532845871
16200,2010-11-09 18:00:00,0.16045709488139312,-0.0037203744726991375,0.388478829982791,-0.1453401582013407,0.21289358306073042,-0.07779302403012821
16300,2010-11-13 22:00:00,0.15949299957098523,-0.004575407300965428,0.3771299512606039,-0.14363241580115146,0.19181644750740226,-0.08603366905204021
16400,2010-11-18 02:00:00,0.15879605762761198,-0.0037207796016505675,0.37738859312523276,-0.1446896376843897,0.1910817298383488,-0.08506746736157134
16500,2010-11-22 06:00:00,0.158951370780011,-0.0025277885657296133,0.3775781014418624,-0.1437338337394313,0.19121474308900746,-0.08383647284799776
16600,2010-11-26 10:00:00,0.1573634485175805,-0.005007324414567021,0.37990364242092767,-0.14244768647656975,0.18901354426069944,-0.08673694309111271
16700,2010-11-30 14:00:00,0.15721260267525347,-0.005355116100779565,0.37977201437258507,-0.14022337357220613,0.18931247657737557,-0.08521089566150096
16800,2010-12-04 18:00:00,0.15604399096050153,-0.008116388687731298,0.38152839692410045,-0.13842605385872608,0.1871499473230407,-0.08942454591216711
16900,2010-12-08 22:00:00,0.153714075073433,-0.011312786336368796,0.3797460531799181,-0.13589018548226497,0.1877574119824981,-0.08799240978390958
17000,2010-12-13 02:00:00,0.15410629765534278,-0.009966452899154,0.3798343812446174,-0.13375081069001798,0.1879188602406155,-0.08712809663937883
17100,2010-12-17 06:00:00,0.14743026549296198,-0.016304099092271315,0.39742236011228177,-0.13167299601057744,0.1736954879904302,-0.09576458551395285
17200,2010-12-21 10:00:00,0.14738175386060903,-0.016146718434935294,0.3974049841148337,-0.12836688941856825,0.1740642835421182,-0.09444548705970476
17300,2010-12-25 14:00:00,0.14681817732316318,-0.018054903290931516,0.3981530433391467,-0.126929366205454,0.1730758430356137,-0.09727149569586825
17400,2010-12-29 18:00:00,0.14680027850313035,-0.017976227740099673,0.3979398288830079,-0.1252584713387483,0.17234259636076238,-0.09915651192697333
17500,2011-01-02 22:00:00,0.1464146542741219,-0.021590497937797753,0.39698995960436695,-0.12466691972575808,0.1723657861834356,-0.09832010249277626
17600,2011-01-07 02:00:00,0.1466878305332817,-0.019995034235055255,0.39610533121635993,-0.12346618569572942,0.17191042649827798,-0.09984196983008863
17700,2011-01-11 06:00:00,0.14616909093779787,-0.021199031830926144,0.39564923920904166,-0.12149554632738056,0.17226264626858911,-0.09839968393342399
17800,2011-01-15 10:00:00,0.14614060946111918,-0.02160524233283532,0.39488183571204283,-0.12092117314608714,0.17140179680785364,-0.10353980386345335
17900,2011-01-19 14:00:00,0.14678778880209015,-0.019614010952740485,0.39517782686698844,-0.11830016120726972,0.17187376581668362,-0.10175842964090943
18000,2011-01-23 18:00:00,0.14646638986362112,-0.02046737593628832,0.39540040889329603,-0.1168715093897173,0.17093838514003484,-0.10393945752832552
18100,2011-01-27 22:00:00,0.14645960108548978,-0.02036126328279929,0.3950224421826167,-0.11542136088410891,0.16994836859254375,-0.10615721675976758
18200,2011-02-01 02:00:00,0.14639099703918676,-0.020325107769343584,0.36394142984623457,-0.11329623941618429,0.14467794584876864,-0.12136814759081979
18300,2011-02-05 06:00:00,0.14631926430713,-0.02041357103888471,0.3639395860931445,-0.11168067318496915,0.14440205591198182,-0.12185992270211704
18400,2011-02-09 10:00:00,0.14644875955303482,-0.01988729674078617,0.3639864406861352,-0.10960670282099953,0.1446363509698,-0.12080350999515399
18500,2011-02-13 14:00:00,0.14655371057512828,-0.019449952897340948,0.3640260418942294,-0.10796356522600245,0.14482657235759827,-0.1199203703524748
18600,2011-02-17 18:00:00,0.145791219307741,-0.021143669115953615,0.3639227721093681,-0.10652162211029016,0.14474508785451404,-0.11984787837936951
18700,2011-02-21 22:00:00,0.1456004603836067,-0.021385418365557924,0.3638618494424085,-0.10490076027287118,0.14361994822173269,-0.12154479038512542
18800,2011-02-26 02:00:00,0.14520466539590096,-0.022128805655066613,0.3611728973458472,-0.1036024525874981,0.13773585113276762,-0.12820414448625733
18900,2011-03-02 06:00:00,0.14537098585793562,-0.021395840866482295,0.361023405290735,-0.10234973945009211,0.13754312295440088,-0.12854316574938873
19000,2011-03-06 10:00:00,0.14386169292495915,-0.024444832776833725,0.3622912967094423,-0.10040711479484922,0.13629060179343794,-0.13080738410973786
19100,2011-03-10 14:00:00,0.14386531478814504,-0.024269854468077244,0.3613224819094618,-0.10023801496484348,0.1359161678496393,-0.1333557854875984
19200,2011-03-14 18:00:00,0.14380909645313303,-0.02239365435616035,0.3060575474001039,-0.09969399674351935,0.10848841494443913,0.026972375685765198
19300,2011-03-18 22:00:00,0.14328287702046413,-0.023120761952021358,0.30572729907041996,-0.09728530643392432,0.10908951968958618,0.028152197409084874
19400,2011-03-23 02:00:00,0.1432558146636242,-0.023109163700222576,0.3057044973133007,-0.09603437853783099,0.10923524836579704,0.028772876227811387
19500,2011-03-27 06:00:00,0.14323404813028245,-0.023133649094840947,0.3057050989942827,-0.09528803181846673,0.10915489048163542,0.028403345552331493
19600,2011-03-31 10:00:00,0.14346672841083613,-0.022312042169249265,0.3057131166570196,-0.09339985954552854,0.10918410699821515,0.028509703308881758
19700,2011-04-04 14:00:00,0.14339358527063356,-0.0222821589308019,0.3057097538134306,-0.09130561215039361,0.10896706202514218,0.0281261274600979
19800,2011-04-08 18:00:00,0.14341204871051408,-0.021879661845211455,0.30530088971781333,-0.09097024454994293,0.10878608351464047,0.026151132614698182
19900,2011-04-12 22:00:00,0.14289651707475196,-0.022955365373967807,0.30494781633392715,-0.08935961791502052,0.10908512690551234,0.026951579373857212
20000,2011-04-17 02:00:00,0.14301034423994144,-0.022150637567789074,0.3048870216056411,-0.08883353678858381,0.10906932171062889,0.026853961845535606
20100,2011-04-21 06:00:00,0.14329359490125634,-0.021272193660388107,0.3047723872820319,-0.08700822685794372,0.10887134460303934,0.026414322211784507
20200,2011-04-25 10:00:00,0.14368579834104442,-0.02001236217438527,0.3049985819692543,-0.08550569626106361,0.10918935226918002,0.027319345751507924
20300,2011-04-29 14:00:00,0.14368332487500732,-0.01986282364166307,0.30498444505896544,-0.08370613574019163,0.10956147226968588,0.028317941524631223
20400,2011-05-03 18:00:00,0.14403555591697964,-0.01892083731279413,0.3051078386801246,-0.08192850903434032,0.10983273043147782,0.02895160280328442
20500,2011-05-07 22:00:00,0.14439231982268821,-0.01790906767227612,0.3053012077161071,-0.07991994652029136,0.11029252343330763,0.030064206540687116
20600,2011-05-12 02:00:00,0.14467218136430188,-0.017098866468174673,0.3054018595831858,-0.07813179938222004,0.11054845072418981,0.030690841264648126
20700,2011-05-16 06:00:00,0.14515352578245364,-0.015855265737186687,0.30563780129148577,-0.07610701097353455,0.11100179065527564,0.0317218070027933
20800,2011-05-20 10:00:00,0.14538651477929676,-0.015211254561029345,0.30570120141681717,-0.07407965333840111,0.11122179367451729,0.03221257456957237
20900,2011-05-24 14:00:00,0.14568815776864735,-0.01424321652918091,0.3055750426602499,-0.07249159140780383,0.11105943663447516,0.03181104585863092
21000,2011-05-28 18:00:00,0.14552188581044345,-0.014467623411407329,0.3055237972452253,-0.07086600796158607,0.11124066995825892,0.03224085178720826
21100,2011-06-01 22:00:00,0.14556054530607365,-0.0142456484449425,0.30553659584016063,-0.0691795960158653,0.11163107460897584,0.03314617957869451
21200,2011-06-06 02:00:00,0.14599037505339646,-0.013188136840515717,0.3055751336765393,-0.06714853683880434,0.11173352532184011,0.03339456685255696
21300,2011-06-10 06:00:00,0.14624310844660954,-0.012374588643710674,0.3056974994347975,-0.06554178026956514,0.11201850589743981,0.03417025647599982
21400,2011-06-14 10:00:00,0.14640244450853312,-0.011844542437542259,0.3057896197879917,-0.06403554430820331,0.11237062727955731,0.035094894559119634
21500,2011-06-18 14:00:00,0.14674880759348036,-0.010830898430963274,0.3058805875184925,-0.06253092600279332,0.11253924598685942,0.035530853964476077
21600,2011-06-22 18:00:00,0.14677105790303055,-0.0106608935193081,0.3058886579384567,-0.06109979156484906,0.1127972358800287,0.03620234315944116
21700,2011-06-26 22:00:00,0.1472049010357059,-0.009503832501482613,0.30612707600747513,-0.05939193382354046,0.11321679873657199,0.03719117134147723
21800,2011-07-01 02:00:00,0.14761765922681983,-0.008345071892944802,0.3064061115997289,-0.05783237738876514,0.11366634749022944,0.03831247361518612
21900,2011-07-05 06:00:00,0.14779304659262849,-0.007272815883283296,0.3064884186165685,-0.05708663181595338,0.11374390717122919,0.03869304434091205
22000,2011-07-09 10:00:00,0.1481777483974877,-0.006155834093441977,0.30662382051168074,-0.05577795976112949,0.11394585363017608,0.039211965365020286
22100,2011-07-13 14:00:00,0.1485062426043484,-0.005302019099322804,0.3067929767673415,-0.05413338148623766,0.1143339938387158,0.040084639470165946
22200,2011-07-17 18:00:00,0.14836085591854375,-0.0054296672495387985,0.3067638865790137,-0.05246442758851162,0.11450500958417885,0.040421134975493406
22300,2011-07-21 22:00:00,0.14864774020911042,-0.004386027275404433,0.3069601282652875,-0.05140225898945229,0.11474351955182809,0.041184337916219824
22400,2011-07-26 02:00:00,0.14878877243885882,-0.003999916771688533,0.3069943120815107,-0.05012007997868467,0.11486396563085621,0.041448675745852676
22500,2011-07-30 06:00:00,0.14909418239702402,-0.003130741258702237,0.3071451724002278,-0.0488298670405747,0.1151303280835249,0.042114144524364024
22600,2011-08-03 10:00:00,0.14918358390334788,-0.0027677602421385078,0.3072105743295438,-0.047911194312354,0.11537230638541371,0.0429210582716679
22700,2011-08-07 14:00:00,0.1494436013584314,-0.0018785749963962115,0.30732874188800713,-0.04677557575003673,0.11555423334166327,0.04345921910679278
22800,2011-08-11 18:00:00,0.14931890068340098,-0.002106253915813579,0.30734930450285225,-0.045710109221333714,0.11539582984946511,0.043076496443733604
22900,2011-08-15 22:00:00,0.14955312369179577,-0.001561239851675478,0.3073939619137064,-0.04447968868518637,0.11551066964994407,0.04331425713565929
23000,2011-08-20 02:00:00,0.14982940276212517,-0.0009311311082379021,0.3075213088074709,-0.043282902566361386,0.11579754649132448,0.04388675001308108
23100,2011-08-24 06:00:00,0.15001582183518525,-0.0003193956516767267,0.3076189284275066,-0.04217961373032804,0.11600587043270415,0.04447062060707708
23200,2011-08-28 10:00:00,0.15015459810609572,0.00018223163971783175,0.3076302897826911,-0.041238122677885757,0.1160362017940594,0.04455489614292932
23300,2011-09-01 14:00:00,0.15029794237346483,0.0008090879101932786,0.307747353581522,-0.04044793512561133,0.11621120903724878,0.045224644268646176
23400,2011-09-05 18:00:00,0.1498228376310766,0.00021144973977941609,0.3078458719769448,-0.03954712182988522,0.11594747708241514,0.044866977078110215
23500,2011-09-09 22:00:00,0.14959048623685603,-7.32195095985202e-05,0.30776706850362145,-0.03795549953792001,0.11619800058232525,0.045338347781154774
23600,2011-09-14 02:00:00,0.14970338222057267,0.0003471934933666537,0.3077813511451781,-0.03711807392952051,0.11623325426740666,0.04543875434031044
23700,2011-09-18 06:00:00,0.14965318523438692,0.00023975666285419939,0.3076921183240829,-0.03629983293432773,0.11647606453980201,0.04628154170763045
23800,2011-09-22 10:00:00,0.1496583703839152,0.0002863490875568371,0.30768560026321934,-0.03588091388270637,0.11643080533729691,0.046129321029285665
23900,2011-09-26 14:00:00,0.14976846118225748,0.0006034729830335097,0.3077022716112664,-0.03479245385367701,0.11648644453171089,0.04625811851239802
24000,2011-09-30 18:00:00,0.14969007014334038,0.0005012287076402045,0.30768077321275844,-0.0338141403480607,0.11659164923273575,0.04650078344824149
24100,2011-10-04 22:00:00,0.14963114839750075,0.00045266160555148215,0.3076678741246531,-0.032710724389632705,0.11670238398045889,0.04675265128123513
24200,2011-10-09 02:00:00,0.1496835440983301,0.0006421832643551522,0.30768513335101716,-0.03148235628052799,0.1168275102455515,0.04701020302924735
24300,2011-10-13 06:00:00,0.14971718814019055,0.0009514524190396833,0.30768213543065076,-0.03125421249414838,0.11683022050033107,0.047006451833862206
24400,2011-10-17 10:00:00,0.14985260749051013,0.0013884760836400537,0.30773878216672346,-0.03049490773888356,0.11694678018609019,0.04732544123653172
24500,2011-10-21 14:00:00,0.14986044619612757,0.0014574486239056037,0.3077216127849389,-0.030125601564005094,0.11705847228182546,0.048010811002826996
24600,2011-10-25 18:00:00,0.14972275977587338,0.0011362181552341207,0.307581031976618,-0.029354576633220244,0.11726398055258827,0.048608290047037435
24700,2011-10-29 22:00:00,0.14965140352420053,0.0009292307431378169,0.3075820861298559,-0.028880966070650146,0.11724448518602416,0.048529633319393146
24800,2011-11-03 02:00:00,0.14954483822114165,0.001311386347641026,0.30762833145571805,-0.02932703395479553,0.11715098734773424,0.04882529126710575
24900,2011-11-07 06:00:00,0.1489920665293079,-0.0017024209019504961,0.31680649003277755,-0.029285750259606978,0.11467072485123991,0.04048327394397089
25000,2011-11-11 10:00:00,0.1486805507577758,-0.0009720989647965816,0.31693889963010924,-0.030199544199377277,0.11438495320017732,0.04111509896669886
25100,2011-11-15 14:00:00,0.14866517825996162,-0.0011460339827394457,0.3169391182612713,-0.03005794238639665,0.1143820963220317,0.041052621844536764
25200,2011-11-19 18:00:00,0.14868707745719573,-0.0009293001227420781,0.31676980153333095,-0.029866802202073987,0.11427588546303508,0.04030822082819391
25300,2011-11-23 22:00:00,0.14872103455720512,-0.0007745292446802837,0.31679012303545634,-0.02935133245109581,0.11441578559853093,0.04080242221323023
25400,2011-11-28 02:00:00,0.14875878617740718,-0.0006060796447877109,0.3168050299251667,-0.02869250411492259,0.11448828208289338,0.04103026424414279
25500,2011-12-02 06:00:00,0.1484743888676949,-0.0015742014279944774,0.3171465263367563,-0.02837297693652706,0.11430419611892913,0.040310994575944864
25600,2011-12-06 10:00:00,0.14845624425864076,-0.0016334272557908761,0.3171118381777275,-0.028038940993555618,0.11438035610999236,0.04068123285326341
25700,2011-12-10 14:00:00,0.1484209684386259,-0.0018942855407924615,0.31695258166751056,-0.02785302693314152,0.1144346727470204,0.041253200355051964
25800,2011-12-14 18:00:00,0.14844149436099832,-0.0017854462096148099,0.31696153951495215,-0.027188403064582336,0.11454061389988378,0.041563990087925724
25900,2011-12-18 22:00:00,0.14823687464349372,-0.002539944929844242,0.31685205704913394,-0.026927416255896845,0.114546981624619,0.04158434553399079
26000,2011-12-23 02:00:00,0.14797196960349415,-0.003013709623018302,0.31701389722131734,-0.026164769445859163,0.11410576271276579,0.04071678172448398
26100,2011-12-27 06:00:00,0.1480407257934996,-0.002704074479619043,0.31707146091465316,-0.025610049700515513,0.11424989034215394,0.041275946435240025
26200,2011-12-31 10:00:00,0.14802536571291314,-0.002738190960048476,0.317047897048697,-0.02514887345704495,0.11433537158935027,0.04166820566432187
26300,2012-01-04 14:00:00,0.14798738179440205,-0.0029911023270275264,0.3170975738323061,-0.024958583699454154,0.11411808233567208,0.04041544720593474
26400,2012-01-08 18:00:00,0.14793818129710515,-0.0030371473426291386,0.31703857220154164,-0.024172368175797668,0.11438239238486708,0.04101587859813474
26500,2012-01-12 22:00:00,0.14797362280793835,-0.0027745840759395082,0.31703656284577963,-0.02382772198124281,0.11438363650528897,0.04100122437473751
26600,2012-01-17 02:00:00,0.14771462777756098,-0.0033900377165645514,0.31669748743125553,-0.023279712566423038,0.1145784160406457,0.04157028355978273
26700,2012-01-21 06:00:00,0.14775421331684924,-0.003260431800246993,0.31671400577939324,-0.02264949820646483,0.11480938593829383,0.042069614366303375
26800,2012-01-25 10:00:00,0.1475837258938849,-0.0027906507728630444,0.3167792392804188,-0.023173163138922398,0.11468179494846224,0.04238881933775513
26900,2012-01-29 14:00:00,0.14758550015464972,-0.0027419004035204564,0.31675985853484795,-0.023073406860149893,0.11469745267420577,0.04297389148162724
27000,2012-02-02 18:00:00,0.14767788117298392,-0.0024802769850202897,0.31676756859821226,-0.022334830655316554,0.11472083813044778,0.04303280420181364
27100,2012-02-06 22:00:00,0.14770610717985475,-0.002369304747752768,0.3167553137373898,-0.02178524317249931,0.11466234993655447,0.04289502718973012
27200,2012-02-11 02:00:00,0.14769927960567933,-0.0023244067056254142,0.3167577385559829,-0.02190368197661392,0.11463794366867944,0.043045757920387326
27300,2012-02-15 06:00:00,0.1477012689902266,-0.002271560685247872,0.3167604066408396,-0.021255318485335826,0.11469830848116264,0.04318739757157014
27400,2012-02-19 10:00:00,0.14733087411707937,-0.0028229391233858905,0.3165127189344729,-0.020338848112164222,0.1149624991097345,0.04367898658547791
27500,2012-02-23 14:00:00,0.1473945677732919,-0.002544614004816094,0.31658648896285413,-0.019999328886486638,0.1150853508638372,0.04416787630882441
27600,2012-02-27 18:00:00,0.14729524606840635,-0.002692461553760676,0.3164902709917844,-0.019252293911080506,0.1153342542855701,0.04471405072619197
27700,2012-03-02 22:00:00,0.14722396979158042,-0.002248243895886483,0.3165758618998715,-0.019430032165553987,0.11527173030851634,0.045085056748975796
27800,2012-03-07 02:00:00,0.14709075798029506,-0.0024802134286871108,0.3165901947564215,-0.01871737311024434,0.11518658141260082,0.04490654554681625
27900,2012-03-11 06:00:00,0.14708996311680092,-0.0024502607842854713,0.31657589735800706,-0.01828352362056206,0.11530184408769209,0.04533557417442348
28000,2012-03-15 10:00:00,0.14715794792526676,-0.002156753670026226,0.31658999770848434,-0.017879003916700595,0.11532888012126134,0.045426117229923714
28100,2012-03-19 14:00:00,0.14735669536816398,-0.0014499562375668924,0.3167063819658725,-0.01721289215167075,0.11547097590356792,0.04586670809825237
28200,2012-03-23 18:00:00,0.1473577196194811,-0.001395541757906078,0.316699540521494,-0.01651457670035586,0.11539688015592003,0.04567472514566308
28300,2012-03-27 22:00:00,0.1472714348952952,-0.001582064065274147,0.316672233052466,-0.01612397760063579,0.11542820984883996,0.04575634275292196
28400,2012-04-01 02:00:00,0.1472244536412676,-0.0017447197294318847,0.3166944770001686,-0.015828679801080305,0.11536252984065531,0.04548894315939417
28500,2012-04-05 06:00:00,0.14724151857458634,-0.0014902086335250948,0.3167457463895635,-0.01570227831894017,0.11539072979547309,0.04589490683187508
28600,2012-04-09 10:00:00,0.1473194078425328,-0.001229387766195994,0.31680220542378357,-0.015199568605499763,0.11554101006048215,0.046326129732125784
28700,2012-04-13 14:00:00,0.14728527081637377,-0.0013314617441938768,0.3168130672706599,-0.014844889850193685,0.11542608995059946,0.04589950555098821
28800,2012-04-17 18:00:00,0.14707903606135403,-0.0019680136642862647,0.31671620303677855,-0.014404613331477722,0.11545427051667988,0.04599196071314874
28900,2012-04-21 22:00:00,0.14700725505216983,-0.0022022472404307266,0.31674124783605184,-0.014004608489126033,0.11538591524187207,0.045725581402819945
29000,2012-04-26 02:00:00,0.146973372217182,-0.002004182077182043,0.31634632433726095,-0.014170919257471814,0.11549244867960429,0.044489916439423155
29100,2012-04-30 06:00:00,0.14716847150274273,-0.001307240185421982,0.31622572749078226,-0.013672590611180521,0.11543593004744107,0.04431759706239971
29200,2012-05-04 10:00:00,0.14704500268124165,-0.0015107570533802281,0.3161594684412439,-0.013119249709973543,0.1155494762655918,0.04456065641888785
29300,2012-05-08 14:00:00,0.14714138146015382,-0.0011857476571413628,0.31588530714066865,-0.012767816320431901,0.11531016211543557,0.043925350367815946
29400,2012-05-12 18:00:00,0.14705111571384177,-0.0014223644621431512,0.3159554495152557,-0.012490029726083339,0.11517168925741877,0.04353090908184385
29500,2012-05-16 22:00:00,0.14703128243148866,-0.0014302985930827554,0.3159555357102324,-0.01195589609983283,0.11514556506021961,0.043471418458050956
29600,2012-05-21 02:00:00,0.14697022903341292,-0.0014980501887998272,0.3159597279358998,-0.011268827980118839,0.1149654249806383,0.043136965620696445
29700,2012-05-25 06:00:00,0.14704557792351597,-0.0012184805666986152,0.3160139292250796,-0.01082168387086033,0.11507921900989641,0.04350345292295625
29800,2012-05-29 10:00:00,0.14702157152354506,-0.001232755719976281,0.3160140080718401,-0.010266537573037962,0.11506118940729257,0.04346599420261408
29900,2012-06-02 14:00:00,0.1472019238801451,-0.0007023424378338822,0.31594271283396924,-0.009730166223374115,0.1150119342398439,0.04334507098890347
30000,2012-06-06 18:00:00,0.1471657348747365,-0.0007927696872124921,0.3158543746442485,-0.00942603498691555,0.11460213325303195,0.04223385540352411
30100,2012-06-10 22:00:00,0.14724765348755497,-0.0005908043134345887,0.31534345146877646,-0.008697272745985401,0.11364149739818177,0.04069381303997769
30200,2012-06-15 02:00:00,0.14746190520755934,-0.0001602344100337968,0.31544282507651705,-0.007837757102458468,0.11389074937698565,0.041134251097552914
30300,2012-06-19 06:00:00,0.1475255664253336,3.064998826695613e-05,0.3150155311920439,-0.007260743826347716,0.11319822348289746,0.039727087108683064
30400,2012-06-23 10:00:00,0.1476093218616117,0.00026130501718688465,0.3150383423677087,-0.006795698891266025,0.11325432919484328,0.039861145469899655
30500,2012-06-27 14:00:00,0.14760606287081604,0.00029380129058656165,0.3150384913331737,-0.006246095109212691,0.11332272351403173,0.040030734459987845
30600,2012-07-01 18:00:00,0.1476145209950364,0.00037074978655387555,0.31503887023038313,-0.005426811575902743,0.11353000410149021,0.04046504742593496
30700,2012-07-05 22:00:00,0.14746419853006332,0.000172873222917506,0.3150108107276626,-0.0047400572688958064,0.11357770364016961,0.040561604710590116
30800,2012-07-10 02:00:00,0.1475763035612217,0.00046202947820819134,0.31507322965877993,-0.0041428353238414165,0.11374608275366044,0.04093603454690527
30900,2012-07-14 06:00:00,0.14753415600620282,0.000441363355736754,0.31496173975112857,-0.0034974859230521415,0.11310373867798933,0.03997540785604137
31000,2012-07-18 10:00:00,0.1476843589330052,0.0008004728353946625,0.3150553525952357,-0.002794144861247666,0.11334861900242817,0.04048668560422817
31100,2012-07-22 14:00:00,0.14769408656247057,0.0008698260091325975,0.31505549760438323,-0.0020676460763959835,0.11357815464884272,0.04088900359714205
31200,2012-07-26 18:00:00,0.14775285975958471,0.0010283695971762842,0.31507746017262767,-0.0012571471403680673,0.1137260441045231,0.04115676423287694
31300,2012-07-30 22:00:00,0.1478633219648529,0.0012778391028268389,0.31509428956377517,-0.0005135892582172138,0.1137803886575761,0.04126697218066636
31400,2012-08-04 02:00:00,0.14808780452313852,0.0019434355752408936,0.3151248685564057,-3.691460132076288e-05,0.11383463495524146,0.04140817293884691
31500,2012-08-08 06:00:00,0.14834049017665032,0.0024198998364445656,0.31509546994245796,0.0007288246737593074,0.11380759921824495,0.041384021510703535
31600,2012-08-12 10:00:00,0.14809505541366802,0.0016706912260923542,0.31530504292686434,0.000981762480980396,0.11368092072562341,0.040935391094296
31700,2012-08-16 14:00:00,0.1481893733585081,0.0019299159261506812,0.31534877222884744,0.0014982325613867844,0.11379103709436247,0.04119632902628413
31800,2012-08-20 18:00:00,0.14815984598393964,0.0019035057658426855,0.3153446432112439,0.0019634798685393123,0.11364829396387283,0.04091916415458399
31900,2012-08-24 22:00:00,0.14829950881729465,0.002296851012011266,0.3154255833995216,0.002523575444202213,0.113796291825652,0.04128990729175566
32000,2012-08-29 02:00:00,0.14812544827958415,0.00177556532999058,0.31516431226077807,0.0028919994819513717,0.11392101670696499,0.041748116187807854
32100,2012-09-02 06:00:00,0.14820626309503315,0.002048377002309071,0.3152175300381532,0.0033435157104937923,0.11403718818899669,0.04209022613205705
32200,2012-09-06 10:00:00,0.1482847444921453,0.002309736631739016,0.3152304556116693,0.003842094319932349,0.114068952673279,0.04217840083649149
32300,2012-09-10 14:00:00,0.14829660727521993,0.002383457725553493,0.31523451751702325,0.004054430306406353,0.1140830472443386,0.04223833161036209
32400,2012-09-14 18:00:00,0.1482001786203584,0.002220745080964664,0.31531376105124276,0.0042292776761801145,0.11393541663329738,0.04197285531267411
32500,2012-09-18 22:00:00,0.1482818462476737,0.0025355573792212958,0.31538344232000604,0.004530794231309644,0.11402209804105576,0.042272152203049036
32600,2012-09-23 02:00:00,0.14830571810867482,0.0026215340454695544,0.31535786182810643,0.005074244279914707,0.11389281828121652,0.04203711862551358
32700,2012-09-27 06:00:00,0.1484544065586624,0.0030858445277508607,0.3155020479897868,0.005577182070255304,0.11409913345462921,0.04262586993028046
32800,2012-10-01 10:00:00,0.14857386329607972,0.0035066384891029962,0.31554572300349054,0.00595139660786403,0.11415607023165758,0.04279982165576195
32900,2012-10-05 14:00:00,0.1485342299431918,0.0034538356312163766,0.31554389489106643,0.006414511117083046,0.11415581400513988,0.04280426988554106
33000,2012-10-09 18:00:00,0.14854855693178987,0.003520987146901162,0.3155192920765474,0.0065972387428148435,0.11410471462312546,0.042620102338714834
33100,2012-10-13 22:00:00,0.14857683079182007,0.003231834786752649,0.31530318552325437,0.00650123754659229,0.11403836777673221,0.04300133002515202
33200,2012-10-18 02:00:00,0.14840734712007497,0.0028581819419615374,0.31533499292819006,0.006720810935938055,0.11398828097639827,0.04287588413785564
33300,2012-10-22 06:00:00,0.14840768200605875,0.0028687131643792855,0.3153008815786231,0.006850956024396412,0.11390400779476781,0.042537555360293265
33400,2012-10-26 10:00:00,0.1486892404625072,0.0033754210885011482,0.31468676181790667,0.007377433899337127,0.11336722962067615,0.04176937836028363
33500,2012-10-30 14:00:00,0.14870935881363248,0.0034469709890532366,0.3145215427388065,0.0076943740847967654,0.11303427637970036,0.041051478327317016
33600,2012-11-03 18:00:00,0.14875682855415823,0.0036994709627491762,0.3145904360363868,0.007902357154586398,0.11311021088370146,0.041428179737414264
33700,2012-11-07 22:00:00,0.14880240602152575,0.0038861153792867967,0.3146067191055504,0.00821246463890329,0.1131445103280272,0.04154471417199711
33800,2012-11-12 02:00:00,0.14884173871435627,0.0039994979573360675,0.3146082455797371,0.008923425221516446,0.11314047028502427,0.04155609188663216
33900,2012-11-16 06:00:00,0.14908874952420487,0.004322529696349184,0.31449507430511064,0.009461274821728434,0.11297723671173979,0.04139769160892942
34000,2012-11-20 10:00:00,0.14905486767526757,0.004298170677986394,0.31447310309707377,0.010042172974810555,0.11312719249177886,0.0417071044979729
34100,2012-11-24 14:00:00,0.14888587421051142,0.0038648812303327803,0.3149068459923885,0.01016387030628683,0.1128858174561153,0.041067850746219124
34200,2012-11-28 18:00:00,0.14776445650523345,0.0033192877100504934,0.3164739117873697,0.01040434580987695,0.10486078515110771,0.037115893727916245
34300,2012-12-02 22:00:00,0.1478082873349012,0.0034536328234195265,0.31643082099991177,0.01077742073846546,0.10476077756706571,0.03688633747700883
34400,2012-12-07 02:00:00,0.14803898113260539,0.003950203377006093,0.3166025168153639,0.011517235012099176,0.10510788216426561,0.037559309591567946
34500,2012-12-11 06:00:00,0.1482683733592383,0.004553912942650085,0.3167132729052184,0.012121963747911057,0.10525997988695455,0.03791928762567919
34600,2012-12-15 10:00:00,0.14839233989355644,0.004875213502228645,0.31679818241530644,0.01256748892204813,0.10541633031359994,0.03828306475930138
34700,2012-12-19 14:00:00,0.14840942515109612,0.004962812978144433,0.31678669420153566,0.01278665475434093,0.1053911179181862,0.038174828953090816
34800,2012-12-23 18:00:00,0.14840075157308197,0.004988174706220644,0.3167774984296398,0.013368309624090066,0.10556073016858535,0.03850479087722531
34900,2012-12-27 22:00:00,0.14847634692318107,0.005189807840462632,0.31676845915579727,0.013889479502860746,0.10553946901215686,0.03846647781201132
35000,2013-01-01 02:00:00,0.14855267268876737,0.005389578990774433,0.3167849757875947,0.014363928331331233,0.10558721549721933,0.03857422137821013
35100,2013-01-05 06:00:00,0.14860941510444894,0.005565191285524658,0.3167609121570046,0.014851383192273781,0.10552583922385243,0.038430199845814035
35200,2013-01-09 10:00:00,0.14871725596283614,0.005830309382026171,0.31657104405805775,0.01529791716969549,0.10526626013325392,0.03792321503628227
35300,2013-01-13 14:00:00,0.14876569426972672,0.005974782393676363,0.31658958990550906,0.015853340470738414,0.10535894118722135,0.038131458468410324
35400,2013-01-17 18:00:00,0.1488690266421254,0.0061820025214506255,0.3166514138623182,0.016453925279952968,0.1056454798697083,0.038603688647039634
35500,2013-01-21 22:00:00,0.14902815293959226,0.006503303333903275,0.31671413004746307,0.01714376436237854,0.10581642344100015,0.03890579521811961
35600,2013-01-26 02:00:00,0.1491441842170579,0.006774465930026139,0.31674762745220764,0.017649087231349923,0.10589612019539597,0.03907122326109678
35700,2013-01-30 06:00:00,0.1491100050085634,0.0066849871629494845,0.31676457793213364,0.017807036946962635,0.10574185577198628,0.03865024591920328
35800,2013-02-03 10:00:00,0.14914626800248013,0.0067675301899254425,0.3167627937205087,0.018347525813337956,0.10571696047694654,0.03863747546683294
35900,2013-02-07 14:00:00,0.14939874268895217,0.0073069249169139885,0.31687971430398715,0.019015186504193815,0.10590975920862983,0.03901154902789423
36000,2013-02-11 18:00:00,0.14946042330116197,0.007625270726867961,0.31696425356561647,0.019223044371900772,0.10598345660883514,0.0393575560029212
36100,2013-02-15 22:00:00,0.14973480883313997,0.008136207661760425,0.3170546782009751,0.01983596255199303,0.10613476027362179,0.039617318431194495
36200,2013-02-20 02:00:00,0.15005373713769773,0.008753074405514571,0.31698084057915327,0.02038052490245573,0.1061103737774199,0.03958818218728641
36300,2013-02-24 06:00:00,0.15022409598251846,0.00910434479198288,0.3170712607638979,0.021109024576783778,0.10635935619240071,0.04003694994046009
36400,2013-02-28 10:00:00,0.1502029657905603,0.009080397493497115,0.31704183665052205,0.021479591971443602,0.10649325885845386,0.04036206471225051
36500,2013-03-04 14:00:00,0.1504846689387832,0.00973730947427404,0.3172360882518866,0.022036483428877925,0.10671630609061185,0.040834065751321966
36600,2013-03-08 18:00:00,0.15081580027373453,0.010328103160829924,0.317443521175209,0.02277352072294524,0.10705778881098857,0.041390266987231035
36700,2013-03-12 22:00:00,0.15105420557182098,0.01088352213334814,0.31762542934211363,0.023359695866279135,0.10731280022575047,0.04193219665176358
36800,2013-03-17 02:00:00,0.15129752870175303,0.011470384815570533,0.31780866574305267,0.02388845760819186,0.10753356476604231,0.042416524206721755
36900,2013-03-21 06:00:00,0.15154411463618636,0.012082713813739808,0.3178946449998463,0.02436834390450423,0.10764081553895578,0.04265488741219998
37000,2013-03-25 10:00:00,0.15182114604019462,0.012651089467513303,0.31805658277366083,0.025048527314128557,0.10789700864809831,0.04313328906334045
37100,2013-03-29 14:00:00,0.1519472631384086,0.012968222270849226,0.3181629609769929,0.025550768504829388,0.10813893486286955,0.04368363763999108
37200,2013-04-02 18:00:00,0.15214463653560922,0.013426996492261145,0.3183198057687214,0.02611587778489253,0.10839793125923368,0.04423263879316623
37300,2013-04-06 22:00:00,0.1522800160763616,0.013705236653361501,0.31833113892817716,0.026582751799726724,0.10842990463823933,0.04429634690707972
37400,2013-04-11 02:00:00,0.15245732873210754,0.014306200075116248,0.3185481829698337,0.026932724591473233,0.10859870291449528,0.044811601872444116
37500,2013-04-15 06:00:00,0.15263649532988566,0.014789264026588662,0.31868992370211724,0.02737607468925698,0.10877237104189909,0.045236861540961806
37600,2013-04-19 10:00:00,0.15282731480191797,0.01529252028963854,0.31882403979668733,0.027759051109964888,0.10891287255652846,0.04556998393400905
37700,2013-04-23 14:00:00,0.15303622336117498,0.015820474741785006,0.3190038974220579,0.028252466895255575,0.10913662014680055,0.04608672192369937
37800,2013-04-27 18:00:00,0.15320350772008554,0.01620118982630194,0.319127422372243,0.02871418454012395,0.10933573280870691,0.046499518233838556
37900,2013-05-01 22:00:00,0.1534137206647027,0.01673387157562853,0.3192882580007984,0.02917899761008185,0.1095239066066222,0.04693229021935555
38000,2013-05-06 02:00:00,0.15363096678217983,0.017177373706809544,0.31944240982176103,0.029772046953601777,0.10979821642006207,0.047441774248517504
38100,2013-05-10 06:00:00,0.15381226668059605,0.017584429596353895,0.31953290547586455,0.030285042678385065,0.10994895445976233,0.04774750893560495
38200,2013-05-14 10:00:00,0.15411329342166413,0.018204856813363986,0.31974470150036577,0.030843328213506823,0.11020479941929688,0.04822837698416533
38300,2013-05-18 14:00:00,0.15416694489449517,0.018341603213228624,0.319775856604879,0.0312354879143421,0.11033742044955676,0.048510481355080175
38400,2013-05-22 18:00:00,0.15423264361375946,0.018488949844833003,0.3198015323816982,0.03170163934009304,0.11043921507178991,0.04869741142323435
38500,2013-05-26 22:00:00,0.15436342585286675,0.01876385211916374,0.3198887116423559,0.03226368116461098,0.11069097912958835,0.0491637422354036
38600,2013-05-31 02:00:00,0.15448026873071313,0.01904467791206605,0.3199390693577743,0.032700289005016626,0.1107923372800934,0.049380498441648504
38700,2013-06-04 06:00:00,0.15469401701698907,0.019478435786009347,0.32001904625702815,0.033254583223607956,0.11093013332349858,0.04963436265234419
38800,2013-06-08 10:00:00,0.15480100030949884,0.01969141160503937,0.31996741788952515,0.03378147226584818,0.11081513379786806,0.04945871172441089
38900,2013-06-12 14:00:00,0.15489375967657232,0.019887621564087677,0.32002799179254837,0.03434024586029967,0.11112392144713726,0.05000850355515825
39000,2013-06-16 18:00:00,0.15509214331658291,0.020294154454676024,0.3201962209341766,0.03483040341570626,0.1113974892107412,0.05052306721173624
39100,2013-06-20 22:00:00,0.15525689066452,0.020626637245333316,0.32026973772420136,0.035326392450671346,0.11154015781667488,0.0507826458633575
39200,2013-06-25 02:00:00,0.15546545101077042,0.02104912020375078,0.32038895332761114,0.03572020361727797,0.11169193079232041,0.05106225054329501
39300,2013-06-29 06:00:00,0.1555902263503114,0.02128760201794373,0.3204678958304529,0.036228090655863854,0.11192707414311905,0.05145670733277779
39400,2013-07-03 10:00:00,0.15583674762886315,0.02173996189034917,0.32060683719856325,0.03676798792085817,0.11214660061754383,0.05182430316058
39500,2013-07-07 14:00:00,0.15603833681437643,0.02216612478262175,0.32073105638330357,0.03727784293568846,0.11234313829825619,0.05220191100592963
39600,2013-07-11 18:00:00,0.15601333403799472,0.02204157683833175,0.3207833174595122,0.037335051292763315,0.11223141065341154,0.051724120744674376
39700,2013-07-15 22:00:00,0.15627890889884494,0.022526586467627435,0.3208830591113023,0.03783992640403694,0.11237876180954644,0.05197053574318884
39800,2013-07-20 02:00:00,0.15644447776037199,0.022860452967419773,0.32080038188656435,0.03821740805506457,0.11230467581540039,0.05184648275059099
39900,2013-07-24 06:00:00,0.15662872739750122,0.023139409108799622,0.3206171847337829,0.038713331254232076,0.11202497058485786,0.05150865491519031
40000,2013-07-28 10:00:00,0.1568577661161851,0.023601078736500213,0.3207884049774182,0.03929204027117672,0.11231139216119149,0.05203665740167646
40100,2013-08-01 14:00:00,0.15699677583990973,0.023949584307715332,0.3209161541174086,0.03968465375783825,0.11250654106882971,0.05248749649210725
40200,2013-08-05 18:00:00,0.15719300720983057,0.024316822732117334,0.32099960868570393,0.040269207096762585,0.11267812770605046,0.05277748211660296
40300,2013-08-09 22:00:00,0.15743549869758205,0.02472589651759861,0.3211740493017507,0.04082946763824401,0.11299769802039546,0.05326981857803528
40400,2013-08-14 02:00:00,0.15759374594487469,0.025103845724035394,0.32132351588892055,0.04123367345396487,0.11321381143952892,0.05374636252023877
40500,2013-08-18 06:00:00,0.15772970806464623,0.025403260612595516,0.32142407477015905,0.04172430408766314,0.11344109270409328,0.054198783988023545
40600,2013-08-22 10:00:00,0.15793254480771315,0.02579544823662158,0.3215556353203944,0.0422412498560203,0.11367031462371352,0.054602420180055386
40700,2013-08-26 14:00:00,0.15812527573719623,0.026223331307506283,0.3217102382845948,0.04268635629131502,0.11388478699516494,0.055038606646538465
40800,2013-08-30 18:00:00,0.15829416633193558,0.026563610833036305,0.3218085953794008,0.04313500795908893,0.1140554086898572,0.05535069801562125
40900,2013-09-03 22:00:00,0.1583930838757456,0.026791514524880294,0.32188345832758736,0.043530764955779296,0.11423868469506815,0.055731756661400775
41000,2013-09-08 02:00:00,0.15860624280651514,0.02727821980450452,0.3220783455645298,0.04393300889040267,0.11445419687195885,0.05618209779892165
41100,2013-09-12 06:00:00,0.1588437804562581,0.027762610817085098,0.32222955169380224,0.04446228397169308,0.11467405572759379,0.056590733587466614
41200,2013-09-16 10:00:00,0.15903918301328662,0.02813855305093982,0.3223575420453114,0.04504185420288278,0.114936772534883,0.05704823868391006
41300,2013-09-20 14:00:00,0.1592371431471325,0.02853730306558618,0.32250553783175506,0.04557158344607663,0.11520027492662101,0.05753303801415981
41400,2013-09-24 18:00:00,0.1594509436946096,0.028888021760944484,0.32261315686119535,0.04611824795766884,0.11541822614083201,0.05785716184949218
41500,2013-09-28 22:00:00,0.1597021378671059,0.029397605815188105,0.3227316776287651,0.04659284106657307,0.11557353466920012,0.058142407725253274
41600,2013-10-03 02:00:00,0.15992493244786057,0.029872088920136614,0.32290960282841363,0.04708166300580857,0.11581796421483834,0.058619558331220775
41700,2013-10-07 06:00:00,0.16009092873127853,0.03018872484600668,0.32296231026814554,0.04756868827676898,0.11592421411251418,0.05880272296519901
41800,2013-10-11 10:00:00,0.16023902048990982,0.03051272248650136,0.32307091455964054,0.04801920670941718,0.11612681683301244,0.05920651947244197
41900,2013-10-15 14:00:00,0.16044635524203865,0.0308928485971367,0.3232259642504805,0.04858446541861136,0.11644014239235206,0.05972978636179931
42000,2013-10-19 18:00:00,0.16075100170640721,0.031404201929825265,0.32339092810429343,0.04915040901049284,0.1166845436805221,0.06010536518265523
42100,2013-10-23 22:00:00,0.16102062458632938,0.03188879711868595,0.3234944260554542,0.049630793459046,0.11683174895650594,0.060346704755158624
42200,2013-10-28 02:00:00,0.16131861459709476,0.032415732891859075,0.32370185134124263,0.05021638013401312,0.1171378104441833,0.060842765841203614
42300,2013-11-01 06:00:00,0.161590828227773,0.032927136540527376,0.32388558944349344,0.050736175004556176,0.11738723128676333,0.06127123760079792
42400,2013-11-05 10:00:00,0.16188794613261395,0.03346692305056877,0.32410355623547343,0.05130116359026807,0.117690811434172,0.06177708265110678
42500,2013-11-09 14:00:00,0.1621317910252125,0.033918969975744194,0.32426486811945776,0.05181304674509824,0.11793314441921285,0.062187916848657036
42600,2013-11-13 18:00:00,0.16234065878042692,0.034277470396748194,0.32440460442745483,0.05229848812437041,0.11818383716982325,0.06258076581186223
42700,2013-11-17 22:00:00,0.1626047819338668,0.034739363590352686,0.3245709664048903,0.05283494402610845,0.11843981771299573,0.06299031529083733
42800,2013-11-22 02:00:00,0.16273037842150875,0.03498754537879606,0.32465154298190835,0.05331805226141742,0.1186533744366749,0.06336678679803123
42900,2013-11-26 06:00:00,0.1628803251012577,0.03524036691989462,0.3247246059662456,0.05388393190133821,0.1188643680856983,0.06367902568790287
43000,2013-11-30 10:00:00,0.1630505615921145,0.03569035642035162,0.3248751214162164,0.05422519755422392,0.11901923571193485,0.06404962205784007
43100,2013-12-04 14:00:00,0.1633304156580896,0.036169851976962236,0.32504850207373576,0.054796346184421016,0.11929248681490331,0.06447789719424599
43200,2013-12-08 18:00:00,0.16338143069015745,0.03626682796289325,0.3250645886097963,0.0551783505995338,0.11936408547168448,0.06458648791270194
43300,2013-12-12 22:00:00,0.16367267545476302,0.036795983779501384,0.3252414148525172,0.05568372038322573,0.11959295879456254,0.06496584704928039
43400,2013-12-17 02:00:00,0.163866280275821,0.037260197436326345,0.3254262409784605,0.05602448692850918,0.11977603755151243,0.06536532024420218
43500,2013-12-21 06:00:00,0.16406327312021207,0.03766299460956614,0.3255599100175458,0.05651559620262699,0.11999196054757924,0.06576810438505583
43600,2013-12-25 10:00:00,0.1643079517780315,0.03809993210826456,0.32573868217508156,0.05705819565644152,0.1202874903710034,0.06625184127043296
43700,2013-12-29 14:00:00,0.16462242806665964,0.03862319629229499,0.3259142607671901,0.057628657088976486,0.1205437864032274,0.06664215379818592
43800,2014-01-02 18:00:00,0.16479802363378834,0.03898635621219504,0.32595248847159525,0.05803776112741738,0.12061111830552622,0.06676642700964104
43900,2014-01-06 22:00:00,0.16496874622562022,0.03929240201122102,0.3260757516418038,0.05852262776025594,0.12087658187759878,0.0671991215372493
44000,2014-01-11 02:00:00,0.16519471170268296,0.03972911676636747,0.32623541509939014,0.05899525071495157,0.12110649283543051,0.06760571739531858
44100,2014-01-15 06:00:00,0.1653918246845954,0.04010331929588883,0.3263306113975757,0.059425759505260654,0.12125355619307315,0.06785914282210652
44200,2014-01-19 10:00:00,0.16552056677494767,0.04031077457622654,0.32637848281153903,0.05984386351539866,0.12137360873746125,0.06803210504842394
44300,2014-01-23 14:00:00,0.1658041919218129,0.040806607369495644,0.32657477671010293,0.06035601388933721,0.1216440088270801,0.06846535980675388
44400,2014-01-27 18:00:00,0.16602038846353143,0.041216252069996684,0.3267386257985381,0.060779727727329404,0.1218699409578091,0.06885806466371251
44500,2014-01-31 22:00:00,0.16614018953306106,0.041471321489488594,0.32678081535226705,0.061104702655621755,0.12194281352292294,0.06899653210225888
44600,2014-02-05 02:00:00,0.1663257818597947,0.04188722792827721,0.32695210214095977,0.061450949443866795,0.1221342704723766,0.06938979517770982
44700,2014-02-09 06:00:00,0.1663474222768944,0.04225091937403445,0.3271028780272609,0.061502621481115086,0.12216206518423448,0.06978472218667378
44800,2014-02-13 10:00:00,0.16656563316499626,0.042644361224405236,0.3272298993409607,0.061880336928569715,0.12232795259230873,0.07005727895224663
44900,2014-02-17 14:00:00,0.1667868030395123,0.04299933461681969,0.32733549298504927,0.06236403895625993,0.12251643642992587,0.07033334511841305
45000,2014-02-21 18:00:00,0.16698793043661733,0.04338621233142161,0.32743088325136693,0.06278540790671822,0.12265763354884908,0.0705794083766597
45100,2014-02-25 22:00:00,0.1671947496850388,0.04374465872102643,0.3275734878025144,0.06322703157743526,0.12289047799356194,0.07094918484320203
45200,2014-03-02 02:00:00,0.1674006306439656,0.04414048997481134,0.32772617802527015,0.06364855106568022,0.1231070355300556,0.07133090150965331
45300,2014-03-06 06:00:00,0.16765801903598312,0.04459896758627274,0.3278847812524518,0.06414381727751697,0.12333556643556107,0.07170290856617756
45400,2014-03-10 10:00:00,0.1678046850837925,0.044872850434627555,0.32778215795846055,0.06451402557507055,0.12321610632751863,0.07151133132445547
45500,2014-03-14 14:00:00,0.16797954849384167,0.04522608201115343,0.3278932801039044,0.06491509990401945,0.12338362441253634,0.07181962374905981
45600,2014-03-18 18:00:00,0.16820313132677844,0.04559690771976763,0.328028609084015,0.06535115491211967,0.12359436299436344,0.07213967603270323
45700,2014-03-22 22:00:00,0.16840114293327413,0.045962374746089635,0.32816554899763445,0.06575559839901729,0.12379576059960322,0.072480161837021
45800,2014-03-27 02:00:00,0.16843059533043697,0.046025492675151346,0.3281524772732539,0.06606810819074545,0.12373779851014843,0.07239298109465304
45900,2014-03-31 06:00:00,0.1686662085863212,0.0464453111514687,0.32829617235118635,0.0665628237818638,0.12396204491055667,0.0727581241844706
46000,2014-04-04 10:00:00,0.16890365910289248,0.0468574266052055,0.32846217405619554,0.06703816200844386,0.12421622186019539,0.07316290454844317
46100,2014-04-08 14:00:00,0.16909050107634474,0.047240372417850805,0.3284422529983212,0.06735310858073294,0.12422467795842076,0.07317704950410277
46200,2014-04-12 18:00:00,0.16922118417249118,0.047462344412618235,0.32852281652711485,0.06778528228702436,0.1244350079065372,0.07349703056423192
46300,2014-04-16 22:00:00,0.1694031116537366,0.0478478778368704,0.32867610041735945,0.06814671142058391,0.1246275689766598,0.0738717353403352
46400,2014-04-21 02:00:00,0.16945997395978174,0.04805511891929173,0.32863327397123643,0.06830088255716396,0.12460238095343484,0.07378153957866644
46500,2014-04-25 06:00:00,0.16962850521083236,0.048374881210935604,0.32874415617679165,0.06870745510741523,0.12478859046693201,0.0741044842970359
46600,2014-04-29 10:00:00,0.16987686273100894,0.04880741004968538,0.32887995547005944,0.0691635466063959,0.12498168704919686,0.07441147942305612
46700,2014-05-03 14:00:00,0.17006309233985425,0.0491481688587944,0.32901459171348385,0.06961088670709148,0.12521702494276593,0.07480652756281896
46800,2014-05-07 18:00:00,0.17018936326497489,0.04937918788243222,0.32909980810258266,0.06996653473274134,0.12539162112947805,0.07509765702816794
46900,2014-05-11 22:00:00,0.1703986951938289,0.049784191635767555,0.3291970828707243,0.07034229762338921,0.12551939702697687,0.075320620299812
47000,2014-05-16 02:00:00,0.17061968411376888,0.05021048339789613,0.32935637726365,0.07075053189209071,0.125724094822148,0.07568170548028874
47100,2014-05-20 06:00:00,0.17081548558714735,0.050551192562291895,0.32946300981140514,0.07123146594984273,0.12592035973533958,0.07599248108771592
47200,2014-05-24 10:00:00,0.17094691733757966,0.05079052920288686,0.3293445022003531,0.07157363014350203,0.1257733194216135,0.07576250902798466
47300,2014-05-28 14:00:00,0.17111350274536788,0.05107974042438797,0.3294613923260202,0.07194529652884778,0.12597266553265815,0.0760800843922343
47400,2014-06-01 18:00:00,0.17129648280595752,0.05141930493112867,0.329578867976553,0.07224683692736644,0.126115165668666,0.07632077324961024
47500,2014-06-05 22:00:00,0.1714245215204131,0.0515995123783671,0.32960031092635383,0.0724715071363171,0.1261579011931011,0.07637784391456276
47600,2014-06-10 02:00:00,0.17151974628833833,0.05180164915552408,0.32945446411916673,0.07266293023038609,0.12603764995426583,0.07615893349076865
47700,2014-06-14 06:00:00,0.17171205343955506,0.05213086717865412,0.32957803631624893,0.07308739912771071,0.12624778947372522,0.07648843363306004
47800,2014-06-18 10:00:00,0.17191866436461573,0.052491322648420574,0.32967328969978343,0.0735531763132244,0.1264101896189803,0.07674627311241197
47900,2014-06-22 14:00:00,0.17206267998428218,0.05274473423266948,0.3297412267434041,0.07396794787571939,0.1265524052123126,0.07697231063346927
48000,2014-06-26 18:00:00,0.17226131659565727,0.0531595386720717,0.3298817024244023,0.07430201951147837,0.12670806829031694,0.07726651064514294
48100,2014-06-30 22:00:00,0.1724787267442361,0.05353926700582973,0.32995417663181126,0.07466417474945526,0.12681186234712938,0.07743083815715444
48200,2014-07-05 02:00:00,0.1725723320544597,0.05364873716070911,0.3298362993238225,0.07490686181299958,0.12659364129461567,0.07722964037017872
48300,2014-07-09 06:00:00,0.17280365857082727,0.054005055050205815,0.329945378474429,0.07526895701133555,0.12674661921227295,0.07744581423752053
48400,2014-07-13 10:00:00,0.17304156304701998,0.05443738518295372,0.3300939244565821,0.07567794664183157,0.1269373075675458,0.0777619384124598
48500,2014-07-17 14:00:00,0.17328969336446728,0.05486703466334204,0.3302097123571082,0.07609926239614372,0.12709566203924003,0.07801150904991883
48600,2014-07-21 18:00:00,0.1735138454620486,0.055298346875740055,0.3303590843037493,0.0764659617634429,0.12726986106686503,0.07831603841959325
48700,2014-07-25 22:00:00,0.17369846289371751,0.055645141308869876,0.33047279824844705,0.07684007404805482,0.12743367565617347,0.07859701385737444
48800,2014-07-30 02:00:00,0.1739703526762888,0.056099886738317006,0.3306388842969704,0.07727440187390155,0.1276488656828233,0.07892635138947474
48900,2014-08-03 06:00:00,0.1742064421389521,0.05651090281149964,0.3307953268824964,0.07770985323848434,0.127869939451543,0.07927933980997652
49000,2014-08-07 10:00:00,0.17440602748335268,0.05686476583655284,0.3308914720616392,0.07811257886070104,0.12801714408776582,0.07951695094536237
49100,2014-08-11 14:00:00,0.17462369329580202,0.057232557781649714,0.33103763889535626,0.07855659287831387,0.12825069733626318,0.07987943378666175
49200,2014-08-15 18:00:00,0.17470283077262366,0.05739785611425079,0.33104480517223694,0.07888615821018174,0.1282701416970657,0.0799122389273455
49300,2014-08-19 22:00:00,0.1748785982939552,0.057748605261810075,0.3311891186152664,0.07922228991628823,0.1284554305251187,0.08025248973117993
49400,2014-08-24 02:00:00,0.1750863497544559,0.05811718297289774,0.3312781905912847,0.07961663157405213,0.12858712981642156,0.08046466113686827
49500,2014-08-28 06:00:00,0.17533403164729927,0.05854968058592986,0.33137745297539734,0.08003149910929701,0.12872433260300264,0.08068192125085663
49600,2014-09-01 10:00:00,0.1754928344834085,0.058882254901749115,0.33146462179279906,0.08032751943296108,0.12883273952798815,0.08088607811317075
49700,2014-09-05 14:00:00,0.1756819498384814,0.059224883307250176,0.3315469350430308,0.08070923133439857,0.1289579761910999,0.0810918914630547
49800,2014-09-09 18:00:00,0.1757937765746778,0.05943215882284393,0.3316272366398975,0.08107130430901927,0.12914964475610144,0.08141663147822599
49900,2014-09-13 22:00:00,0.17596247973951262,0.05971977576522734,0.33166496221796915,0.0814439183703871,0.12922058477933243,0.08152644429488873
50000,2014-09-18 02:00:00,0.1761428405438801,0.060108063910061044,0.3316733184939315,0.08175045321763925,0.12925304902747292,0.08158448264294124
50100,2014-09-22 06:00:00,0.17632330767992133,0.06041076385914345,0.3317933021402553,0.08216427979036017,0.12946960803258917,0.08191779060788745
50200,2014-09-26 10:00:00,0.17650026748915726,0.06072957521353191,0.33184301920576487,0.08251851972787132,0.12955098756811106,0.08204991551590968
50300,2014-09-30 14:00:00,0.17668779076213723,0.06107164646502317,0.3319825773430457,0.08289508559641388,0.1297555352711318,0.08239358039799999
50400,2014-10-04 18:00:00,0.17686893329901385,0.06140399183780063,0.3320816728010393,0.08325211928898345,0.12989877401895644,0.08263294773327745
50500,2014-10-08 22:00:00,0.17709371773054353,0.06176759811688264,0.3321420236081111,0.08363479743964386,0.12999551481260438,0.0827759388578708
50600,2014-10-13 02:00:00,0.1773365973674225,0.06218906503826697,0.33230891318716904,0.08403526593062002,0.13020904009321274,0.08311557655752264
50700,2014-10-17 06:00:00,0.17756376070238233,0.06257747849987048,0.3324355127022695,0.0844169225265089,0.13037866097394507,0.08338039644654276
50800,2014-10-21 10:00:00,0.17774764674434712,0.06291493884963126,0.3325093488382253,0.08478503003610044,0.13049043646976952,0.08356580417178508
50900,2014-10-25 14:00:00,0.1779211599335814,0.06319702365232699,0.33259051005134854,0.08516101327255929,0.1306322299953739,0.08377637810590963
51000,2014-10-29 18:00:00,0.1780800999877789,0.06348160045177327,0.33270454086149165,0.08551415150982043,0.13081997312983842,0.08408599978879952
51100,2014-11-02 22:00:00,0.17804088849384442,0.06337520028635767,0.332739653441847,0.08561465354144297,0.130680260563222,0.08372738996140064
51200,2014-11-07 02:00:00,0.1781659323535529,0.0636891183884156,0.3327595191981635,0.08581121823738223,0.13071318602275853,0.08379480807730971
51300,2014-11-11 06:00:00,0.17836633427525245,0.06404305633803423,0.3329078239199737,0.08619934897799299,0.13092974726336454,0.0841474023051878
51400,2014-11-15 10:00:00,0.17844214262981314,0.0641932031010967,0.33281362246848245,0.08647205194954621,0.13078682682327003,0.08389976759583918
51500,2014-11-19 14:00:00,0.1785112502309712,0.06431342973374952,0.3328575576416462,0.08680978713937157,0.13097186430870145,0.0841812807826953
51600,2014-11-23 18:00:00,0.17865230740705162,0.06456487136143035,0.33296473252369874,0.08716010505364817,0.13117252351277392,0.08451161244438192
51700,2014-11-27 22:00:00,0.17887912177313495,0.0649255904384883,0.3331241814053105,0.08755579213192055,0.1314052606401117,0.08485279851658116
51800,2014-12-02 02:00:00,0.17904867792630189,0.06525121227705911,0.33324841723042375,0.08785861253250322,0.1315609812161914,0.08512669078959781
51900,2014-12-06 06:00:00,0.1792202733563301,0.06553329901107606,0.33336302467498363,0.08822762593869268,0.131759018259188,0.08542609159378374
52000,2014-12-10 10:00:00,0.17940885907136112,0.06586770196985768,0.3334657545357582,0.08858961796634049,0.1319085651939552,0.08566807716965175
52100,2014-12-14 14:00:00,0.17958229049539315,0.0661762983481577,0.333507688352858,0.08885970779062544,0.13197177360888063,0.08576874965435062
52200,2014-12-18 18:00:00,0.17974238623360034,0.06643644804794137,0.33354795029623463,0.08920609537305313,0.13204686018476108,0.08588004710173426
52300,2014-12-22 22:00:00,0.17996010241384136,0.066807674332689,0.3336961115099317,0.08957451029258784,0.1322441948844645,0.08618904391073093
52400,2014-12-27 02:00:00,0.18020307456201073,0.06721601103772984,0.33387327818771617,0.08994604026878178,0.13246157286702828,0.086524524757389
52500,2014-12-31 06:00:00,0.18040935776866523,0.06755690620108068,0.3340016981475163,0.0903081337979692,0.13264399943987928,0.086801309328692
52600,2015-01-04 10:00:00,0.1805977458649113,0.06786904462136839,0.33413446351202386,0.09062204885216732,0.13282268537821826,0.08707375532893206
52700,2015-01-08 14:00:00,0.18078754519203333,0.06812092959018494,0.33421876180648513,0.09090637604112672,0.13295204332560126,0.087232659602906
52800,2015-01-12 18:00:00,0.18095970444697113,0.06839991437502586,0.334347683630928,0.09128601078742281,0.13318701639850786,0.08758410753790655
52900,2015-01-16 22:00:00,0.18116837549477366,0.06876414885501893,0.3344872736905931,0.09162452132602947,0.13336272691331902,0.08786484273409399
53000,2015-01-21 02:00:00,0.18137211914514131,0.06909696167716255,0.33462046711737464,0.09196242138221664,0.13354407534610113,0.08813702324358665
53100,2015-01-25 06:00:00,0.18157405830247098,0.06944607541654371,0.33475932399454345,0.09232554630370038,0.13373701885001632,0.0884436400549679
53200,2015-01-29 10:00:00,0.18170387356276324,0.06967980248972672,0.33481037014824316,0.09265281160039175,0.13383030181330088,0.08859533062431924
53300,2015-02-02 14:00:00,0.1819063388596992,0.07001292007508977,0.3349522227098718,0.09301745085493354,0.134036933861288,0.08890861242334441
53400,2015-02-06 18:00:00,0.18207791452510505,0.07031253745774867,0.33507178135604215,0.09334955620035276,0.13421316941909375,0.08919190692469559
53500,2015-02-10 22:00:00,0.1822613109758454,0.07063872175729555,0.3352156020144125,0.09368750518452496,0.13441224356172604,0.08951891431233301
53600,2015-02-15 02:00:00,0.18245437594559497,0.0709484068553962,0.3353407582924345,0.09404680925242838,0.13460470348711684,0.08980301536591859
53700,2015-02-19 06:00:00,0.18264966648182188,0.0712860236335932,0.3354788248200086,0.09438623674820118,0.1347905542478923,0.09009840298797983
53800,2015-02-23 10:00:00,0.18285386833157588,0.07163549714934701,0.3356250140106879,0.09474054065057019,0.1349887780461969,0.09041056595309302
53900,2015-02-27 14:00:00,0.18300064055675908,0.0718929752813838,0.3357281073154749,0.09506363905621544,0.1351600942858562,0.09068760431306742
54000,2015-03-03 18:00:00,0.18318786832297396,0.07220433649764157,0.33585870953375757,0.09539974237102972,0.13534786134683494,0.09097518958394754
54100,2015-03-07 22:00:00,0.18337968971951743,0.07251013428266834,0.33599253184087513,0.09575269595438583,0.13555288956420633,0.0912765964752484
54200,2015-03-12 02:00:00,0.18355783218487393,0.07285239986671607,0.33608633343321265,0.09605613457387102,0.13567005256239967,0.09147935499166006
54300,2015-03-16 06:00:00,0.18376337994802416,0.07320705425902378,0.3362425985615783,0.09637542843229148,0.1358596795796556,0.09177988233439036
54400,2015-03-20 10:00:00,0.18396231001748914,0.07350438574333931,0.3363229145483132,0.09668767105769413,0.13597787112502416,0.09194199911347098
54500,2015-03-24 14:00:00,0.18416945695423162,0.07387893517650386,0.3364743161198498,0.09698807014425245,0.13614460315680563,0.09221653597088016
54600,2015-03-28 18:00:00,0.18438564250388167,0.07423939389637511,0.3366335335832174,0.09733582144776946,0.13635061795822026,0.09253270471256603
54700,2015-04-01 22:00:00,0.18458516870957983,0.07457643512625575,0.3367124588728422,0.09766705665556383,0.1364619561182338,0.0927031398496094
54800,2015-04-06 02:00:00,0.18477355010977223,0.07488017889578652,0.336794820490379,0.09799658129827744,0.13658468647910524,0.09288377938252754
54900,2015-04-10 06:00:00,0.18491883115337887,0.07515185883944991,0.33685178488265155,0.09829660407183824,0.13667198363054187,0.09303038289237035
55000,2015-04-14 10:00:00,0.18505750800162146,0.07542923012081114,0.3369542366193668,0.09857014827214729,0.13680757414935274,0.09327923369301089
55100,2015-04-18 14:00:00,0.18523919828987348,0.07575109779583716,0.3370926737795101,0.0988786812000823,0.13698559549757858,0.09356952680134567
55200,2015-04-22 18:00:00,0.1854441263150985,0.07604257963080759,0.33720888708574825,0.09918970704428873,0.13715217714620004,0.09378785934929192
55300,2015-04-26 22:00:00,0.18564661706467359,0.07634886865923583,0.3373350964328394,0.09952517468459078,0.1373363753622544,0.09404440601096963
55400,2015-05-01 02:00:00,0.18580608025179773,0.07660723673874355,0.33743020113566163,0.09984492846822433,0.13749136473254187,0.09427502794644267
55500,2015-05-05 06:00:00,0.1859868627023129,0.07693497587627998,0.33756175623394796,0.10015688251038181,0.13765980707779962,0.09455530949794579
55600,2015-05-09 10:00:00,0.1861785175910059,0.07721319679994933,0.33768549824821076,0.10046461291127974,0.1378418836084869,0.09479908164088999
55700,2015-05-13 14:00:00,0.1863958822802623,0.07757980371269023,0.33784089271175965,0.10079715342616491,0.1380324615145322,0.09509393504622676
55800,2015-05-17 18:00:00,0.1866094082405208,0.07788012064678654,0.3379462505750013,0.10110287143190397,0.1381797153605876,0.09528468627055904
55900,2015-05-21 22:00:00,0.18679488907971903,0.07819582107072444,0.3380745789213246,0.10142577833187515,0.13835528961927282,0.09555948295093275
56000,2015-05-26 02:00:00,0.1869279219437588,0.0783861080357238,0.33813794174921996,0.10172234845712556,0.13848190090866094,0.09572509167421035
56100,2015-05-30 06:00:00,0.1871039154414679,0.07864116447905645,0.33823531562733544,0.10202087043982455,0.13863322311307705,0.09592698275862786
56200,2015-06-03 10:00:00,0.18720994702490498,0.07888354155928204,0.33827751608673495,0.1021742432031976,0.13867911116575,0.0960164860332625
56300,2015-06-07 14:00:00,0.1871646664252638,0.07892774609849353,0.33812096800609615,0.10213819328352113,0.13873698696594067,0.09590864357772355
56400,2015-06-11 18:00:00,0.18733949713738496,0.07921429518751295,0.33824330200145264,0.10244613135045776,0.13891201132972097,0.09617314113205881
56500,2015-06-15 22:00:00,0.18750679072451393,0.07949608564301405,0.33837334883152875,0.10276190067992907,0.13910623641316688,0.09647618645711044
56600,2015-06-20 02:00:00,0.18760968391151198,0.07971128563915102,0.3384287395510106,0.10293110478403796,0.13916952149910522,0.09659380875133865
56700,2015-06-24 06:00:00,0.18768045808152897,0.07982094080507365,0.3384734215398336,0.10323317372180438,0.1393487700107222,0.09683730325683168
56800,2015-06-28 10:00:00,0.1877697568220786,0.07996219518933556,0.3385378603544081,0.10352434080501716,0.1395383413968515,0.09711006268462731
56900,2015-07-02 14:00:00,0.18720120843955462,0.079982677950962,0.33854197120935553,0.10543252166744968,0.13935340663386928,0.09718331429254466
57000,2015-07-06 18:00:00,0.18737001794629277,0.0802570952917367,0.33864593012832755,0.10575622024907488,0.1395158706649615,0.0974262167059851
57100,2015-07-10 22:00:00,0.18753144233639912,0.08053121328946473,0.33875581035424734,0.10604657546853441,0.13967143972898266,0.09766938503366415
57200,2015-07-15 02:00:00,0.1877238695692188,0.08084770819269858,0.33889440434708146,0.10636796059955754,0.13985996424808786,0.09795531890680663
57300,2015-07-19 06:00:00,0.18788830458977268,0.08117278976402985,0.33903294025921077,0.10662934887387318,0.14001171612254906,0.0982299378913821
57400,2015-07-23 10:00:00,0.1880804431562935,0.08147284277180936,0.3391611129239778,0.1069383480017707,0.14018862931918039,0.09848446697495593
57500,2015-07-27 14:00:00,0.18827572910567558,0.08170097592787516,0.3391898338311624,0.10716478715723221,0.140243823635941,0.09854686083583393
57600,2015-07-31 18:00:00,0.18846041810915506,0.08198716972104197,0.33919942219556914,0.10746798423133701,0.14027670182511837,0.098593436829736
57700,2015-08-04 22:00:00,0.1886280158598269,0.08227550727187802,0.33931691077589693,0.10776696224354311,0.14043975125590638,0.09885176170182061
57800,2015-08-09 02:00:00,0.18880150209432534,0.08257350919271347,0.33945265253287205,0.10807088257582947,0.1406251456223162,0.09914633800069332
57900,2015-08-13 06:00:00,0.18896581601860432,0.08283992358834327,0.3395691140407675,0.10837603078391371,0.14080256064133898,0.09941212088602584
58000,2015-08-17 10:00:00,0.1891436790224547,0.08310102880624154,0.339679769508918,0.10868216436770764,0.14097462456749366,0.09964507987406712
58100,2015-08-21 14:00:00,0.18929886882286054,0.08331324311438,0.3397378209972718,0.10894325840647215,0.14107152338692375,0.09976751187026292
58200,2015-08-25 18:00:00,0.18946556848000368,0.08351157944531129,0.33980862221239105,0.10918953421344521,0.14118932647886165,0.0998979651463642
58300,2015-08-29 22:00:00,0.189615338935849,0.08378692583979476,0.33993045468355376,0.10944911827918834,0.14134387361566308,0.10016031536767711
58400,2015-09-03 02:00:00,0.1897650812106281,0.0840262962490524,0.34004255135745576,0.10972973346272452,0.14151904964685091,0.10041968374046699
58500,2015-09-07 06:00:00,0.18993638729284765,0.08430408420635178,0.34014495235085357,0.11000867711649996,0.14165823569968175,0.10062659096548314
58600,2015-09-11 10:00:00,0.19014445714699937,0.08463171646313802,0.34028613592366735,0.1103272203374092,0.14184323475620988,0.10089467227659404
58700,2015-09-15 14:00:00,0.1903349036457194,0.08492422440263055,0.3404232620992555,0.11063914114553458,0.14203844444354338,0.10117176799947925
58800,2015-09-19 18:00:00,0.1904954846340169,0.08518894045023749,0.34052279332301405,0.11090734269513562,0.14217442964117527,0.10137738449290686
58900,2015-09-23 22:00:00,0.1906764359593903,0.08549165603288429,0.34066058859781917,0.11120541361948821,0.1423564463800418,0.1016584931195103
59000,2015-09-28 02:00:00,0.19084360948993132,0.08577035869428623,0.3407815358941522,0.11148180657362589,0.14251744210846531,0.10190582253501373
59100,2015-10-02 06:00:00,0.19098937310846256,0.08601334960330087,0.3408912958554928,0.11176511689642873,0.1426880256229458,0.10216931513199806
59200,2015-10-06 10:00:00,0.1911466304687889,0.08625747230820006,0.34100527272825226,0.11208421060522125,0.14288630982841474,0.10245414637539159
59300,2015-10-10 14:00:00,0.19133635221412162,0.0865564217311143,0.34113138186331876,0.11239982179650403,0.14306435640417692,0.1027126232991247
59400,2015-10-14 18:00:00,0.1915125270097605,0.08684468096124823,0.34125928000026595,0.11270189891915534,0.14324349947811602,0.10298325685372339
59500,2015-10-18 22:00:00,0.19167475609257179,0.08712478893267561,0.3413899053178337,0.11298755714690514,0.14342202121565698,0.10326882846274589
59600,2015-10-23 02:00:00,0.19183554040559994,0.08738426563240008,0.3414796036879159,0.11328566556183518,0.143559209175819,0.1034718115683387
59700,2015-10-27 06:00:00,0.1920064020436274,0.08765438028354086,0.34160396335808857,0.1135942993568592,0.14374838811571422,0.10374851106247573
59800,2015-10-31 10:00:00,0.19217890933193738,0.08792774362006314,0.341730124964002,0.11389673839989306,0.14393444950257653,0.104021217443839
59900,2015-11-04 14:00:00,0.19234969757097245,0.08821497934357608,0.3418485955554853,0.1141913427560988,0.1440972725658422,0.10427328868340421
60000,2015-11-08 18:00:00,0.19254362620611737,0.0885198287035895,0.34198497624218144,0.11449716598767305,0.14428081606920515,0.10453928174547342
60100,2015-11-12 22:00:00,0.1926854038793333,0.08875654593611254,0.342086265503463,0.11477133870652206,0.14443675432206451,0.10477995038542642
60200,2015-11-17 02:00:00,0.19283884259802084,0.08899823559250057,0.34219641632275893,0.11505726509204751,0.14460996786491553,0.10503235272541177
60300,2015-11-21 06:00:00,0.19298825182483118,0.08922288300488443,0.34220972862722515,0.11528403017484141,0.14464281125569864,0.10507736629236568
60400,2015-11-25 10:00:00,0.19308572748911743,0.08945550725760022,0.3423017777225213,0.1154397705012387,0.14472858367482974,0.10526217864072496
60500,2015-11-29 14:00:00,0.19325496279009752,0.08972052138258953,0.3424282182802273,0.11573864414290003,0.14491869271292215,0.10553788632511456
60600,2015-12-03 18:00:00,0.19339654357829542,0.08993993244663462,0.34252108797080266,0.11601877444758689,0.1450751028100833,0.1057615160727706
60700,2015-12-07 22:00:00,0.19356997786852032,0.09022568151804505,0.34265391463986716,0.11629419344108277,0.14524708531063416,0.10602303055922359
60800,2015-12-12 02:00:00,0.19373453651312916,0.09049056869278688,0.3427583270798885,0.11654108731867528,0.14537974088855735,0.10621863309411789
60900,2015-12-16 06:00:00,0.19390653828142518,0.09075810388677195,0.34284388908035984,0.11681007086727153,0.1454983084205082,0.10638718260073537
61000,2015-12-20 10:00:00,0.19406588899007704,0.09102533252426877,0.3429317894363743,0.11706804499393816,0.14561495615126246,0.10656536834671951
61100,2015-12-24 14:00:00,0.1942338250949617,0.09128604678964734,0.3430319261163515,0.11734766401041163,0.14575890256116997,0.10677074210214253
61200,2015-12-28 18:00:00,0.19441763247861077,0.09155386139013821,0.3431449098609765,0.11761841293829632,0.14591297085456428,0.10697749218461039
61300,2016-01-01 22:00:00,0.1945576368788955,0.09177945209138388,0.3432072116024986,0.11781472718602691,0.14599219680592015,0.10709302896244718
61400,2016-01-06 02:00:00,0.19465919674829618,0.09198420308872853,0.34328474493043015,0.1179923843198175,0.1460839262933687,0.10726191374481422
61500,2016-01-10 06:00:00,0.19483444006362083,0.09226239402434634,0.3434184210799049,0.11828304021740876,0.14627065011174276,0.10753629137957407
61600,2016-01-14 10:00:00,0.19501632980953865,0.09255631569481845,0.3435362033169691,0.11856466946003293,0.14642359646314945,0.10776300666667675
61700,2016-01-18 14:00:00,0.19518246212179027,0.09282404932928906,0.3436551360727026,0.1188291823092641,0.1465813914183579,0.10799738093968118
61800,2016-01-22 18:00:00,0.19536236064437104,0.09309440188779526,0.3437789802323538,0.11909042392662872,0.1467426302088354,0.10822067519596261
61900,2016-01-26 22:00:00,0.19551483290029736,0.09336027055092745,0.34389573978614835,0.11932639301209462,0.14688300177216487,0.10844549885262665
62000,2016-01-31 02:00:00,0.1956639038868047,0.09361546047217999,0.34400947275466454,0.11957068027359685,0.14702942920501363,0.10867661525267454
62100,2016-02-04 06:00:00,0.19581284752807748,0.09384654386569184,0.34411526078950544,0.1198549160099979,0.1472020525268258,0.1089244854602039
62200,2016-02-08 10:00:00,0.19598167310136783,0.09412733591602064,0.3442410970567553,0.12012073906008403,0.14736248500632737,0.10917026508425849
62300,2016-02-12 14:00:00,0.1961342315062211,0.09437540336433373,0.34430473281987445,0.12035863018286465,0.14745006829172944,0.1092991367578117
62400,2016-02-16 18:00:00,0.19630940211436143,0.09465592965636353,0.3444158226579548,0.12062057839859998,0.1475914434092747,0.10950654514817146
62500,2016-02-20 22:00:00,0.19647924614832726,0.09491790062657694,0.3445330236718144,0.12089649925037559,0.1477563859618291,0.10974133858284935
62600,2016-02-25 02:00:00,0.19658863881959296,0.09509144755907348,0.34458090226532523,0.12113547841257491,0.14784201347225912,0.10986508108087052
62700,2016-02-29 06:00:00,0.1967431006995879,0.09533499996284764,0.3446833470766466,0.12138423464293172,0.14798243081729767,0.11006888680610816
62800,2016-03-04 10:00:00,0.19692100036933124,0.0956199278954251,0.3448150188837633,0.12165176471637162,0.14814902751566073,0.11031473303229265
62900,2016-03-08 14:00:00,0.1970911015147193,0.09589229766775903,0.3449381035662905,0.12191237499632424,0.1483076005773457,0.11054863590007125
63000,2016-03-12 18:00:00,0.19724749695265698,0.09615411061435235,0.34504453433212035,0.12214492237288938,0.1484367257257694,0.11074637240113444
63100,2016-03-16 22:00:00,0.19739712902947937,0.09642096898074207,0.3451600737410352,0.12236359505735214,0.1485662173043798,0.11095744545137692
63200,2016-03-21 02:00:00,0.19753064706840398,0.09665094042866415,0.34526049408001025,0.12258722478591869,0.14869745513299742,0.11116584202437838
63300,2016-03-25 06:00:00,0.19768975764953203,0.09690005217738254,0.3453574741071854,0.12283455959204367,0.14882781591842945,0.1113531070479989
63400,2016-03-29 10:00:00,0.197862790529603,0.0971670371051647,0.3454257619036267,0.12309450522481961,0.1489237306321133,0.11148759054838651
63500,2016-04-02 14:00:00,0.19802358487299532,0.0974049154554465,0.3455354302262843,0.12335417440502378,0.14908324497453163,0.1117056327415256
63600,2016-04-06 18:00:00,0.19818277947071283,0.09767793397710561,0.34566293735112386,0.12358878622476417,0.14923172580644106,0.11193974826123104
63700,2016-04-10 22:00:00,0.19823274484386144,0.09776816408483716,0.3456950370509534,0.12378487374878686,0.14932331827997603,0.11209224653468651
63800,2016-04-15 02:00:00,0.19822569423434716,0.09779436837221238,0.3457009502939769,0.1237217702657927,0.14929249958619825,0.11223670473996834
63900,2016-04-19 06:00:00,0.1984003401787728,0.09807130955963457,0.34581828472670084,0.12399147797306566,0.14944662779809276,0.11246137659874393
64000,2016-04-23 10:00:00,0.19857965526287602,0.09833556662499893,0.34593259750874183,0.12424650293531339,0.14959603855682305,0.11266395691356912
64100,2016-04-27 14:00:00,0.19873743389876306,0.09858638782053278,0.3460509582938198,0.12449663269090577,0.1497542318622711,0.11289629196736647
64200,2016-05-01 18:00:00,0.19887416400513805,0.09879770079881219,0.34614388914096983,0.12472767605677036,0.14988957464420016,0.11308934668860389
64300,2016-05-05 22:00:00,0.19904006404636557,0.09905567607437502,0.34626841362086536,0.12497605755785177,0.15005064094903647,0.11332055745353102
64400,2016-05-10 02:00:00,0.19920478462706986,0.09932403425602526,0.3463950950238802,0.1252229461397351,0.15020776685147139,0.11355646842758917
64500,2016-05-14 06:00:00,0.19933452722299766,0.09951627269125508,0.3464390120535369,0.12545127205525028,0.15028000270489927,0.11365410045946962
64600,2016-05-18 10:00:00,0.19947619923218793,0.09976692168833848,0.3465287743661695,0.1256614256629698,0.15038489156216892,0.1138222414523453
64700,2016-05-22 14:00:00,0.19964259345153923,0.10003062280020238,0.3466458512221162,0.12591776826864223,0.15053806542202364,0.11404576400495497
64800,2016-05-26 18:00:00,0.1998070983256548,0.1002984025087007,0.34676697589926636,0.12616943012488868,0.1506915374881425,0.11427577223587058
64900,2016-05-30 22:00:00,0.19996509073712596,0.10055063161745977,0.34688349086098186,0.1264170194857257,0.1508450692011338,0.11450193238979268
65000,2016-06-04 02:00:00,0.2001359308936417,0.10081546334947075,0.3470089206254989,0.1266805339376954,0.15101239752200563,0.11474146687527571
65100,2016-06-08 06:00:00,0.20029522988529003,0.1010751296572788,0.3471293645489569,0.12693452182058435,0.15117053029925867,0.11497944657268958
65200,2016-06-12 10:00:00,0.20045921790751312,0.10130582652596122,0.34723189483265304,0.12716186675185917,0.1513071280725282,0.11515656274470165
65300,2016-06-16 14:00:00,0.2006077363910662,0.10154007828180579,0.3473412524906154,0.12737903968285702,0.15144394276623985,0.11535528387037108
65400,2016-06-20 18:00:00,0.20072736453091652,0.10175830647969887,0.3474403485340101,0.12758863505099666,0.15157194192963155,0.115571519213628
65500,2016-06-24 22:00:00,0.200874545245013,0.10196880730278327,0.3475429173747866,0.12782161619542606,0.15172306531833407,0.11577145971900153
65600,2016-06-29 02:00:00,0.20103148402133614,0.10220722089155862,0.34764825237638447,0.128047880487925,0.15185830942456602,0.11596041462045618
65700,2016-07-03 06:00:00,0.20111491148004573,0.10232064020430695,0.34750073574103835,0.128237263023086,0.1516539109532812,0.11572155686762865
65800,2016-07-07 10:00:00,0.20123729555530384,0.10253033143023838,0.3475786500903593,0.12843998551679575,0.15175610215366966,0.11588157857097629
65900,2016-07-11 14:00:00,0.2014030049648773,0.10278341384719146,0.34769701069445486,0.12868265763089146,0.15190892053999513,0.1160967234899719
66000,2016-07-15 18:00:00,0.20154481215384387,0.10300966404350963,0.3478052160091356,0.12891659122191876,0.1520585412602806,0.11631773370824669
66100,2016-07-19 22:00:00,0.20170928198951774,0.10327255167329973,0.3479265654951652,0.12916073638703446,0.1522106384572731,0.11654157844471777
66200,2016-07-24 02:00:00,0.201805316830105,0.10341048859217776,0.3478005947520531,0.12933812310082263,0.1520690234013137,0.11636320511300922
66300,2016-07-28 06:00:00,0.20186097109317067,0.10361764635039955,0.34788410532778635,0.12941604178748142,0.15211556564948925,0.1165096349326078
66400,2016-08-01 10:00:00,0.20200290931861417,0.10384102834790578,0.34798451240811146,0.12966171138492572,0.152262568517611,0.11672353725311732
66500,2016-08-05 14:00:00,0.20214912605228802,0.10408713917604073,0.3481029406093222,0.12988869277825124,0.15240965050115846,0.11695223553535228
66600,2016-08-09 18:00:00,0.20229463810729187,0.10432686013807949,0.3482028088427187,0.13011398432116125,0.15253675741263018,0.11714436790334666
66700,2016-08-13 22:00:00,0.2024566997467399,0.10458167748229023,0.3483246347860339,0.1303544746489483,0.15269151714337664,0.11736885368985134
66800,2016-08-18 02:00:00,0.20261624013113277,0.10482928646447577,0.34844619629562673,0.13059889902368518,0.15285239091769404,0.11759975494145564
66900,2016-08-22 06:00:00,0.20276353109688183,0.10506357725888386,0.34854372066808026,0.13083454468674943,0.15298427797535305,0.11779266980247266
67000,2016-08-26 10:00:00,0.2029112546166809,0.10530323599971492,0.3486498479061857,0.13105169346108345,0.153114679042441,0.11798695034320449
67100,2016-08-30 14:00:00,0.2030595830666303,0.10553849466157643,0.3487441594299599,0.1312574400984703,0.15322841559187392,0.11815171238521553
67200,2016-09-03 18:00:00,0.20320859796739138,0.10577512025884689,0.3488470850533914,0.13148241872796904,0.1533606203712409,0.11834471583214042
67300,2016-09-07 22:00:00,0.20335561669305993,0.10600588978033905,0.34894813391777507,0.13170531287974474,0.15349223761905065,0.11853479619867173
67400,2016-09-12 02:00:00,0.20343206642066294,0.10613242331781014,0.3489858489049841,0.13187891648505232,0.15355905431143133,0.11863557046739301
67500,2016-09-16 06:00:00,0.20355279835353116,0.10634415063321233,0.34906377413356154,0.13205792169718789,0.15365055497694066,0.11878113266677534
67600,2016-09-20 10:00:00,0.2037071531615033,0.10658140513882687,0.34918201673445953,0.1323002290515893,0.15381210870917916,0.1190111316444329
67700,2016-09-24 14:00:00,0.20386625930537197,0.1068334802253449,0.34929042346048944,0.13253546602820546,0.15394924535131188,0.11921063601511096
67800,2016-09-28 18:00:00,0.20403572271061235,0.10709340492157539,0.34941174949517356,0.13277671426110577,0.15410141202819327,0.11942553769819673
67900,2016-10-02 22:00:00,0.20419447945248148,0.10733561680546132,0.34952551348930105,0.13301050959747923,0.15424915330132818,0.11963341686757144
68000,2016-10-07 02:00:00,0.20433968378204478,0.10757685717504746,0.3496437389874011,0.1332309009138388,0.15439464930591618,0.1198567376676032
68100,2016-10-11 06:00:00,0.20447875845518879,0.10779871373253917,0.3497513815814162,0.1334563525584764,0.15454105593054457,0.12007306591772124
68200,2016-10-15 10:00:00,0.20462185484006895,0.10803046417261775,0.34985630877120216,0.1336691521305974,0.15467133871393068,0.12026713050336588
68300,2016-10-19 14:00:00,0.20476036973560705,0.10825445550886117,0.349949941649403,0.13386707572362627,0.15478453648937265,0.120434596658544
68400,2016-10-23 18:00:00,0.20491157267738763,0.10849290071702723,0.35005523244181114,0.1340922679759913,0.15491891549493406,0.12062946554365553
68500,2016-10-27 22:00:00,0.20503173460764074,0.10870038385819406,0.3501520182310996,0.1342909664281889,0.155043501258405,0.12082849234519003
68600,2016-11-01 02:00:00,0.20515964399616707,0.10889761984813741,0.3502471914049418,0.1345054261404615,0.15518144382998583,0.12102561987470782
68700,2016-11-05 06:00:00,0.2052985993497614,0.10911846125443991,0.3503416558805189,0.13471143699763677,0.15530093646220208,0.12119993866180531
68800,2016-11-09 10:00:00,0.20544522376851584,0.1093511706779831,0.3504552516681751,0.13494154177373932,0.15545150108302544,0.12142108352511821
68900,2016-11-13 14:00:00,0.20560297946224013,0.10959362049918667,0.3505747007016312,0.13517540544832593,0.15560622942326574,0.12164081789296988
69000,2016-11-17 18:00:00,0.20574060930924984,0.10980786052074683,0.350665839013652,0.13539030230226262,0.15572916248888022,0.12181687964584482
69100,2016-11-21 22:00:00,0.20589080255400155,0.11004728655344172,0.35078319466305524,0.1356088388611031,0.15587358275798613,0.12202926747889963
69200,2016-11-26 02:00:00,0.2060269955665676,0.11027045754106032,0.3508947650069843,0.1358159296712569,0.15601285592600495,0.12224039652089594
69300,2016-11-30 06:00:00,0.20617775343350395,0.11051238675507354,0.3510108165855402,0.1360382999187936,0.15615669867212148,0.12245323452412342
69400,2016-12-04 10:00:00,0.20631643214504197,0.11075151522632688,0.35112570934836795,0.1362400586026559,0.1562881791898994,0.12266176005713592
69500,2016-12-08 14:00:00,0.20645828817304548,0.11097657953488778,0.3512311990861791,0.13645754480813693,0.15642517594594949,0.12286233752848635
69600,2016-12-12 18:00:00,0.2066013158195392,0.11120275771087393,0.351343409795293,0.13667845589627028,0.15657217007723098,0.12307749667415013
69700,2016-12-16 22:00:00,0.20673052218795315,0.11139186749026062,0.35144092126642146,0.13688202968159943,0.15671220776469194,0.12326757494825975
69800,2016-12-21 02:00:00,0.20684869784152907,0.11158865170457863,0.3515278323719832,0.13706695859968882,0.15682241064559596,0.12343641081500345
69900,2016-12-25 06:00:00,0.206995071864454,0.11181479379831034,0.3516390195436212,0.13728938149256179,0.15696904946085552,0.12364591561687939
70000,2016-12-29 10:00:00,0.2071264614656105,0.11202451994603049,0.3517368108347119,0.13749840663432905,0.15709969232702398,0.12383857273826639
70100,2017-01-02 14:00:00,0.20726548495137254,0.11224617261122083,0.35184090305388044,0.13770862597378458,0.15723257802130977,0.1240339657599664
70200,2017-01-06 18:00:00,0.20741085762052383,0.11247192249531605,0.35195001281533234,0.137923771797219,0.15737242042434701,0.1242344183037788
70300,2017-01-10 22:00:00,0.2075479804899118,0.11269140551534132,0.3520494007388001,0.1381202558597774,0.1574931920396841,0.12441192927378447
70400,2017-01-15 02:00:00,0.20765992692226212,0.11289790560036496,0.35213769229382874,0.13827895562163803,0.1575869679148353,0.12456908572088617
70500,2017-01-19 06:00:00,0.2078053590382834,0.11311986847229821,0.3522419796948099,0.13848890539249054,0.1577199698417926,0.12475613224158696
70600,2017-01-23 10:00:00,0.20791847941276376,0.11330552674655166,0.3523244585144537,0.13868243469540137,0.15783482891478784,0.12493033632140967
70700,2017-01-27 14:00:00,0.20804949906963902,0.1135319105381336,0.3524221328722996,0.1388695660097234,0.15794559715204745,0.12510501968043833
70800,2017-01-31 18:00:00,0.20816572046739504,0.11375259044449611,0.35252001676696165,0.1390351584925807,0.1580468544691222,0.12527992923740816
70900,2017-02-04 22:00:00,0.20830547879551417,0.11397051788757258,0.35262640007521,0.1392332345469092,0.15817739392051072,0.1254675348791814
71000,2017-02-09 02:00:00,0.20841659675940472,0.11417142688170817,0.35272346737675764,0.13940684732234973,0.15829084320114875,0.12565704727542681
71100,2017-02-13 06:00:00,0.20854980665762352,0.11437540775986965,0.3528192417803694,0.13961565658213929,0.15842199470120727,0.12584261991126738
71200,2017-02-17 10:00:00,0.20858934726798525,0.11447187328948487,0.3528538687889713,0.13969675330411455,0.15846196972178456,0.12593212924061836
71300,2017-02-21 14:00:00,0.20870108119720554,0.11465335317740051,0.3529212986548461,0.1398795472214882,0.15855379106784231,0.126068519505749
71400,2017-02-25 18:00:00,0.20880286864197645,0.11478414994542893,0.3528859983311632,0.14001845893295242,0.1585270449242501,0.12603886161144315
71500,2017-03-01 22:00:00,0.208890954215148,0.11492756939327227,0.3529534902274602,0.14017455619320357,0.1586249813936891,0.12618689980389455
71600,2017-03-06 02:00:00,0.20903395853305198,0.11514593230997451,0.35305182001317664,0.1403782251802303,0.1587491844045592,0.1263612708999516
71700,2017-03-10 06:00:00,0.20914652877935427,0.11531742812883101,0.3531250651328608,0.14056489510374967,0.15885536945080972,0.12651042062400125
71800,2017-03-14 10:00:00,0.20926293091871936,0.11550703603380247,0.3532152661927514,0.14074263618410027,0.15896919988587166,0.12668155869780334
71900,2017-03-18 14:00:00,0.20939583172615325,0.11572680278673235,0.35330980323834593,0.14093292359963655,0.15908110798660194,0.1268508026603187
72000,2017-03-22 18:00:00,0.20950534131141837,0.1159100930127154,0.3533913569753162,0.14110830472796512,0.15918615034610212,0.127012791695214
72100,2017-03-26 22:00:00,0.2095716082834459,0.11602325214216337,0.3534208989943712,0.141258841492997,0.15923713312134802,0.12709133082264484
72200,2017-03-31 02:00:00,0.20965722006932638,0.11616309688542005,0.35343656114044575,0.14137164720832926,0.15926310309504388,0.12712814643864445
72300,2017-04-04 06:00:00,0.20977997201346366,0.11633833694848496,0.35351769127898786,0.14156179895119383,0.1593803928953584,0.12728286964959876
72400,2017-04-08 10:00:00,0.20986096420036446,0.11645948780471237,0.3535680448648332,0.14170821415379964,0.15946053991722572,0.12739347044949167
72500,2017-04-12 14:00:00,0.20996883475238434,0.11663158499807708,0.3536397481363694,0.14184320035587836,0.159539396358528,0.12750771968870234
72600,2017-04-16 18:00:00,0.21010430776250616,0.1168380419265923,0.35374260949763153,0.14205172790230378,0.15967842235148264,0.12770391372296006
72700,2017-04-20 22:00:00,0.21021270739802336,0.11700368718737728,0.353780990233508,0.14220062186778118,0.15973103395698493,0.12777623288139042
72800,2017-04-25 02:00:00,0.21031460584518027,0.11716920888825433,0.35384106225769185,0.14235324716000505,0.15980738454882962,0.12788911995410152
72900,2017-04-29 06:00:00,0.2104421405758941,0.11736343866854185,0.35392311831964307,0.14254980836196757,0.15991905535156978,0.128045557980947
73000,2017-05-03 10:00:00,0.21055394624436374,0.11753517971152017,0.3540045920713407,0.14274391952593418,0.16004140296870564,0.1282198425355415
73100,2017-05-07 14:00:00,0.21067573940608952,0.11773039497027431,0.35409925668596687,0.14293848328926895,0.16016779562894176,0.12840746731601646
73200,2017-05-11 18:00:00,0.2108050352414456,0.11793369804099353,0.3541982296623183,0.1431343514497235,0.16029585264680446,0.12859357379261255
73300,2017-05-15 22:00:00,0.2109377048170008,0.11814041439228802,0.3543005193054311,0.1433287530625157,0.16042525483548883,0.12877982332068932
73400,2017-05-20 02:00:00,0.21105892862613515,0.11831911817015138,0.3543906626792492,0.14350965963605808,0.16054734890380987,0.12894643844589346
73500,2017-05-24 06:00:00,0.21117238726591922,0.1184958488872431,0.35448187318766017,0.14367283270067496,0.16066063828426297,0.1291096365535012
73600,2017-05-28 10:00:00,0.21128324285414937,0.11868140870920617,0.35456774671905983,0.14384382984618832,0.16076740456760202,0.12927435271832619
73700,2017-06-01 14:00:00,0.21139371637763973,0.11885063420051946,0.35465035076747153,0.1440345469485059,0.16089123265109387,0.12945047289942427
73800,2017-06-05 18:00:00,0.21151853348254313,0.11904704770077598,0.35474737095069353,0.14422228145153979,0.16101580384151312,0.12963172331359238
73900,2017-06-09 22:00:00,0.2116478884193652,0.11925013369445339,0.3548476835899963,0.14441589518718087,0.16114430120579473,0.12981821872001992
74000,2017-06-14 02:00:00,0.21176046031355983,0.11942945498574312,0.35493324241399626,0.14460559686401747,0.16126508875663512,0.12999664633414348
74100,2017-06-18 06:00:00,0.2118879145200045,0.1196367537503516,0.3550282276306786,0.14478476001071416,0.1613768733954984,0.13016337471405584
74200,2017-06-22 10:00:00,0.2120201091755257,0.11984279542411842,0.35512138692097484,0.1449717464461726,0.16149164416133846,0.13032765937157217
74300,2017-06-26 14:00:00,0.2121121004411928,0.12000375999375876,0.35519958291287135,0.14511115564338747,0.1615832679699511,0.13047559834245887
74400,2017-06-30 18:00:00,0.21219867899643513,0.12019397484942437,0.3552897043939344,0.14523693169789306,0.1616656440726748,0.13064034328440755
74500,2017-07-04 22:00:00,0.21231179606627124,0.12037331955768811,0.3553758968394943,0.1454204796314925,0.1617835943986501,0.1308135751955828
74600,2017-07-09 02:00:00,0.21243122130600844,0.12056257984124741,0.3554702444034037,0.14559970802813502,0.16190366267290798,0.13098956640266274
74700,2017-07-13 06:00:00,0.21252633892533201,0.12070784148979447,0.355525138126628,0.1457721443185076,0.16198960048746683,0.13111017602706904
74800,2017-07-17 10:00:00,0.21264412291270926,0.12089280278057378,0.35560213488458814,0.14594513925844857,0.1620875340800732,0.13125108782431535
74900,2017-07-21 14:00:00,0.21277153339028826,0.12109077949997678,0.35569669012348093,0.14613332746940005,0.16220849815264402,0.13142448807854384
75000,2017-07-25 18:00:00,0.2128854037637336,0.12126774449395696,0.35577066047421213,0.1463095996901063,0.1623077602179703,0.1315662116525845
75100,2017-07-29 22:00:00,0.21300081740869922,0.12144057441397356,0.3558446546258913,0.1464910480887579,0.1624117046171699,0.13170958056793694
75200,2017-08-03 02:00:00,0.21312486596492397,0.121634117674359,0.3559358480783932,0.1466701783186645,0.16252568420193209,0.13187334850264734
75300,2017-08-07 06:00:00,0.21325098211189072,0.12182098291756616,0.35602236149669647,0.14685543556127656,0.16264093316729727,0.13203082008457367
75400,2017-08-11 10:00:00,0.2133683062412008,0.12199761263755912,0.35607658333401115,0.14701885549199611,0.1627124776073477,0.13212854399111795
75500,2017-08-15 14:00:00,0.21349000561426137,0.12218242363526419,0.3561653272420442,0.14720001405319502,0.16282924633387755,0.13229229949141755
75600,2017-08-19 18:00:00,0.2136127903277483,0.12237610542514071,0.3562576424990501,0.1473816662568864,0.16294589210925514,0.13246198916158547
75700,2017-08-23 22:00:00,0.213743879703173,0.12257805284257316,0.3563577906551664,0.14757168254105868,0.16307267517770066,0.13264237538665077
75800,2017-08-28 02:00:00,0.21387614465781624,0.12277874916094741,0.35645232759789697,0.14776188792765638,0.163193479543417,0.1328112860381491
75900,2017-09-01 06:00:00,0.21400494569193623,0.1229823580400678,0.3565500786875659,0.14794087203166698,0.1633100125822688,0.1329806757903671
76000,2017-09-05 10:00:00,0.21412752502359875,0.12316669858067318,0.35664419015843896,0.14812940981756342,0.16343868910618553,0.1331601002495571
76100,2017-09-09 14:00:00,0.21423895667155585,0.12333185024800515,0.35672665554793137,0.14831648203195474,0.1635628497734683,0.1333309478671351
76200,2017-09-13 18:00:00,0.2143418939911017,0.12350807314614552,0.3568103450061427,0.14846554651571917,0.16365903124164202,0.13348223841699147
76300,2017-09-17 22:00:00,0.2144325059944371,0.1236794404808629,0.35689066832592853,0.14858738421004714,0.1637379947431669,0.13361782273574524
76400,2017-09-22 02:00:00,0.2145620425725824,0.12386978024397603,0.35697784346434475,0.14876911194174156,0.16385048804742525,0.1337699895431431
76500,2017-09-26 06:00:00,0.21468486015624638,0.12405569101538652,0.3570625907826946,0.1489544310433711,0.1639639094725657,0.13392827228170617
76600,2017-09-30 10:00:00,0.21479585444348814,0.12422192685076826,0.3571372216112711,0.14912020675218093,0.16406394040926464,0.1340662936704582
76700,2017-10-04 14:00:00,0.21485898294535996,0.1243349625643361,0.35716804817387826,0.14924048722430325,0.16410860626537185,0.13413798986569228
76800,2017-10-08 18:00:00,0.2149605868205137,0.12449643107360747,0.3572389920263945,0.14939552726546979,0.16420048140469168,0.13427225638818957
76900,2017-10-12 22:00:00,0.2150884424434469,0.12469085902509186,0.3573338880349578,0.14957829136175313,0.1643206397704795,0.13444083468024318
77000,2017-10-17 02:00:00,0.2152098901117472,0.12487470782880723,0.35742200958036663,0.1497604384707204,0.16443772384181848,0.13460456082246552
77100,2017-10-21 06:00:00,0.21533047123003507,0.12506251842058974,0.3575122754898819,0.14993879212024394,0.16455306950378124,0.13477035637462065
77200,2017-10-25 10:00:00,0.2154493864217294,0.1252272579991225,0.35756923381190137,0.15009710591048564,0.16462977968115666,0.1348677108147086
77300,2017-10-29 14:00:00,0.21551669332292606,0.12538027226104914,0.3576430904796638,0.1501951535855676,0.16469530458611273,0.13500342800864337
77400,2017-11-02 18:00:00,0.21563642941523803,0.12556464631237108,0.3577252621360236,0.15037189769249443,0.16480163424128094,0.13515402248490133
77500,2017-11-06 22:00:00,0.21573500233358717,0.12571749155934042,0.35779137807123845,0.15053514217547512,0.16489576284029572,0.13528863262450802
77600,2017-11-11 02:00:00,0.215849850013716,0.1258939759416629,0.3578769235937398,0.15071167945061117,0.1650103601668605,0.13545151898557364
77700,2017-11-15 06:00:00,0.21595583109434144,0.12606026024265504,0.3579599416483496,0.15087883274117012,0.16512205642053954,0.13561404180445402
77800,2017-11-19 10:00:00,0.2160787636781466,0.12624536871557976,0.3580478575059481,0.1510567482675891,0.16523579619603287,0.1357719800073824
77900,2017-11-23 14:00:00,0.21617844774441144,0.1264010019775256,0.3581215287495879,0.15120678859704342,0.16533127199876185,0.1359095414123435
78000,2017-11-27 18:00:00,0.21629221023387007,0.1265705806072238,0.358183807875419,0.15135510946068134,0.1654079943884117,0.13601363167759242
78100,2017-12-01 22:00:00,0.21641349348116368,0.12675386093611207,0.35827310392757283,0.1515293084388184,0.16552222213532933,0.13617293086562587
78200,2017-12-06 02:00:00,0.21652850384665168,0.12692994078034195,0.3583459275151098,0.1516968347552099,0.1656164145543399,0.1363050910071072
78300,2017-12-10 06:00:00,0.21664556804525192,0.12710789187243215,0.3584302373343506,0.15186857010324833,0.16572586014324836,0.136458547573494
78400,2017-12-14 10:00:00,0.21675281973350052,0.12727090444834618,0.3585021420877259,0.15203060829179327,0.16582198739160323,0.13659304050423285
78500,2017-12-18 14:00:00,0.21685153156718276,0.12742216036096934,0.35857329476124034,0.15219755622390113,0.16592635346163048,0.1367412520806758
78600,2017-12-22 18:00:00,0.21695042054490876,0.1275869455954049,0.358654208745696,0.15234989733284032,0.16602707910230022,0.13689654275926982
78700,2017-12-26 22:00:00,0.21705855851926711,0.12775132280225962,0.3587290038081812,0.15251736423591,0.16612911721984908,0.13703964295609694
78800,2017-12-31 02:00:00,0.21717411227533204,0.12792790141736216,0.35880910495023294,0.15268308204208508,0.16623081474798299,0.13718254072648248
78900,2018-01-04 06:00:00,0.2172663892459534,0.1280753547631376,0.35887014014314433,0.1528264901798127,0.16631100117057088,0.13730006632214034
79000,2018-01-08 10:00:00,0.21736779450176158,0.12823262916101752,0.35894605458319706,0.15298446861148082,0.16641308069583355,0.1374465554565474
79100,2018-01-12 14:00:00,0.21747351581502503,0.12840502728846984,0.3590285775076918,0.15314076071855723,0.16651412442081961,0.13759842565712294
79200,2018-01-16 18:00:00,0.21758519129242818,0.12858299650990648,0.3591158001878906,0.15330362372782766,0.16662177339206696,0.13775671827619757
79300,2018-01-20 22:00:00,0.21766927476010878,0.12872192695452211,0.35917950125602527,0.1534404116384233,0.16670591122022113,0.13788518183220558
79400,2018-01-25 02:00:00,0.21776618863879918,0.12887521593482265,0.3592495500064564,0.15357798526049682,0.16679127873107935,0.13800914969458397
79500,2018-01-29 06:00:00,0.21787726493137602,0.12903753412258082,0.3593341295378824,0.15373830534678273,0.16690318154940872,0.13816060883213666
79600,2018-02-02 10:00:00,0.21797490020800625,0.12919706755609184,0.35941478695054113,0.15388304503123365,0.16700179171229831,0.13830964025468867
79700,2018-02-06 14:00:00,0.21806804103810373,0.1293504713683721,0.35948577545494254,0.15403396489646815,0.16709547385193513,0.1384522758240731
79800,2018-02-10 18:00:00,0.21816943905167532,0.12952686479902628,0.35957261267745605,0.15417619268916982,0.16719083732544013,0.13860460217138737
79900,2018-02-14 22:00:00,0.21826328900887262,0.12967313410893302,0.35964584798865973,0.15433327752014223,0.16729573154111713,0.13875663624753426
80000,2018-02-19 02:00:00,0.2183742778060956,0.12984548080447264,0.35973114363192343,0.15448659264446435,0.1673983970418409,0.1389034669098338
80100,2018-02-23 06:00:00,0.21847013626922332,0.12999776112373967,0.35980814906171715,0.15463159241060037,0.16749687403553523,0.13904837084604563
80200,2018-02-27 10:00:00,0.21857284571303034,0.13015679934024466,0.35988538425763006,0.15478065622106327,0.1675943915016559,0.13918767735355322
80300,2018-03-03 14:00:00,0.21866934316947093,0.13030706022034697,0.35996451628219595,0.1549318146780285,0.16770097459770753,0.13934203436588563
80400,2018-03-07 18:00:00,0.2187516149780713,0.1304400892291981,0.35999970981061286,0.155062884075618,0.1677501529650701,0.13941329900240812
80500,2018-03-11 22:00:00,0.21885522714574546,0.13060281176601907,0.360047382770442,0.15521386483729577,0.16781330035299316,0.13950263873839658
80600,2018-03-16 02:00:00,0.21895680830571476,0.130757261823283,0.36011896645415475,0.15537135729173723,0.16791097299141836,0.13963977261687846
80700,2018-03-20 06:00:00,0.2190664008860286,0.13093105830015286,0.3602069019546497,0.1555236034095104,0.16801515382130305,0.13979207242453937
80800,2018-03-24 10:00:00,0.21917018973474242,0.1310916516746982,0.36028950684037686,0.15567750505807354,0.1681214019369572,0.13994436946674974
80900,2018-03-28 14:00:00,0.21926054351304286,0.1312416316754564,0.36036297906975573,0.15581762899893173,0.16821377205732255,0.14008628059183995
81000,2018-04-01 18:00:00,0.21936254655270188,0.1313994696797298,0.3604377142579157,0.15596252651280137,0.16830654149641755,0.14021840743219283
81100,2018-04-05 22:00:00,0.21947226875553005,0.13156737251371065,0.3605187784182068,0.15612216423011507,0.1684102767189417,0.14036487187241023
81200,2018-04-10 02:00:00,0.21955982530533952,0.1317076304601647,0.36058405995720266,0.1562670546464801,0.16850034873724495,0.14049846120426218
81300,2018-04-14 06:00:00,0.21965814903136904,0.13185180269472893,0.3606460350581793,0.15640189791839695,0.16857938612517334,0.14060478371949475
81400,2018-04-18 10:00:00,0.21976554147196298,0.13201948580249723,0.36073109412234283,0.15655753833867647,0.16868563545035975,0.14075815780933526
81500,2018-04-22 14:00:00,0.2198621105809742,0.13216832191873323,0.36080435770114466,0.15669817774142167,0.16877877812932734,0.1408907252486986
81600,2018-04-26 18:00:00,0.21996665192016637,0.1323235198343453,0.3608821686896007,0.15685364024303022,0.16888311501309156,0.1410340958542628
81700,2018-04-30 22:00:00,0.22004297855438662,0.13244478633095502,0.3609337779943359,0.15698296496589503,0.16895644865662288,0.14114150924266022
81800,2018-05-05 02:00:00,0.22013466532388634,0.13259010502283278,0.36100851463930594,0.1571214844303186,0.16905209973375732,0.14128207887967698
81900,2018-05-09 06:00:00,0.22019777801984652,0.13269372161369866,0.3610597773444114,0.1572538959133064,0.1691396630145213,0.14141734091256097
82000,2018-05-13 10:00:00,0.22028652904981919,0.13284166866606506,0.3611369108637369,0.1573911702638769,0.16923594868285868,0.1415665305006966
82100,2018-05-17 14:00:00,0.22037071463785116,0.1329695336333109,0.3611978915337928,0.15754207383437663,0.16933118230195698,0.14170092693214056
82200,2018-05-21 18:00:00,0.22046011070251603,0.13312014767561428,0.36126243742621106,0.15767439883086143,0.16940857130403578,0.1418201287527982
82300,2018-05-25 22:00:00,0.22054267770294592,0.13324980972985542,0.3613253486285212,0.1578182962749165,0.16950143166831066,0.1419557624044928
82400,2018-05-30 02:00:00,0.22064570744081222,0.1334142131623246,0.3614049946916964,0.15795957268125488,0.16959445822348004,0.14209211262862573
82500,2018-06-03 06:00:00,0.2207423011652713,0.1335647815751646,0.3614728863894542,0.15810448945307276,0.16968251707033327,0.14221843113421828
82600,2018-06-07 10:00:00,0.22083833238115416,0.13370928395791393,0.3615453753465291,0.15825628932709154,0.16978409820284993,0.1423602381259405
82700,2018-06-11 14:00:00,0.22094225749155583,0.13386786419174546,0.36161867836518824,0.15840294781368808,0.16987589633571118,0.142489020634509
82800,2018-06-15 18:00:00,0.22103341202330898,0.13400381503817616,0.36168140147571426,0.1585420364695799,0.16996177909478705,0.14260723133738257
82900,2018-06-19 22:00:00,0.22110963134008313,0.1341319794485019,0.3617464236992945,0.158670881379273,0.17004944907141095,0.14274480899909292
83000,2018-06-24 02:00:00,0.22120787343988332,0.1342797449866859,0.36181578282087273,0.15881533567649636,0.170140595229959,0.14287122511452502
83100,2018-06-28 06:00:00,0.22127815136659973,0.13438820448007283,0.3618708843758639,0.15896119623321697,0.17023947659379624,0.1430143003478013
83200,2018-07-02 10:00:00,0.22137816521917908,0.13453268720822326,0.36194066023834454,0.15910153643414862,0.1703306745783949,0.14313584620749592
83300,2018-07-06 14:00:00,0.22148157436541424,0.13467085218038158,0.36198422594489815,0.15922955153094598,0.1703891986260604,0.14320742688321986
83400,2018-07-10 18:00:00,0.22158159602016989,0.13482853065456674,0.3620628514298458,0.15937509454895663,0.17048697053999068,0.14334978558064154
83500,2018-07-14 22:00:00,0.2216774162633694,0.1349748996286145,0.3621281551264042,0.15952232145735956,0.1705751025190042,0.14347379510564034
83600,2018-07-19 02:00:00,0.22176215680611194,0.13510694303530674,0.36219748327169127,0.15965771523598557,0.1706702040812778,0.14361176425390038
83700,2018-07-23 06:00:00,0.22185675316763417,0.1352569116548355,0.3622740271556727,0.15979679933392438,0.17076572140114663,0.14375189115014392
83800,2018-07-27 10:00:00,0.2219269725095631,0.13539296704279377,0.3623390953900775,0.1599064670222535,0.1708372045784034,0.14387968031402126
83900,2018-07-31 14:00:00,0.2220143451757859,0.1355362975906422,0.36240402190482873,0.16003969709145352,0.1709187232422198,0.14400269654795084
84000,2018-08-04 18:00:00,0.22211262152129915,0.13568877844346292,0.36247473393514484,0.16018109216026352,0.17100739429351708,0.14412923228500044
84100,2018-08-08 22:00:00,0.22216712486157272,0.1357838074870096,0.3625176450921285,0.16029114315045717,0.17107340881497635,0.1442369405097323
84200,2018-08-13 02:00:00,0.22225971188540639,0.13592604306479428,0.3625851300157253,0.16041609251194616,0.17115407098043076,0.14435069831853786
84300,2018-08-17 06:00:00,0.22235171962426437,0.13606679982507058,0.36263905575397265,0.16055088099734577,0.17122472331164768,0.1444493444850573
84400,2018-08-21 10:00:00,0.22244681531407423,0.1362161729507385,0.36271220560802403,0.1606916746423765,0.17131750002560875,0.1445839388808798
84500,2018-08-25 14:00:00,0.22254322764961926,0.1363607815361158,0.3627838128941199,0.16083795624540623,0.1714143876259451,0.1447184620351275
84600,2018-08-29 18:00:00,0.22262984162098715,0.13650322516470517,0.3628473737879602,0.16096637242808423,0.17149216291460587,0.1448357969038274
84700,2018-09-02 22:00:00,0.22271284069585595,0.1366346897416614,0.3629126974970934,0.16109991334493318,0.17158090562508072,0.1449662974625798
84800,2018-09-07 02:00:00,0.22278145607490737,0.13674545730833795,0.36296470320208557,0.16122787423396687,0.17166058262155715,0.14508614820958224
84900,2018-09-11 06:00:00,0.22286410508889118,0.13687747086944396,0.36302713846711193,0.16136033288767598,0.17174444799545707,0.14521010264664086
85000,2018-09-15 10:00:00,0.22295704166198385,0.13701777883734545,0.36309369210566683,0.1614976941822813,0.17183196944766066,0.14533201052761205
85100,2018-09-19 14:00:00,0.22303346781161518,0.1371496363302813,0.36314333424793765,0.16161469684416224,0.17189265924891875,0.1454269515056769
85200,2018-09-23 18:00:00,0.22311709517452644,0.1372773664637377,0.36320451964820283,0.1617484886016613,0.1719781385271826,0.1455478521562585
85300,2018-09-27 22:00:00,0.2232040074477848,0.13740598258807957,0.3632643151880911,0.16188260308433633,0.17206139811733948,0.1456616497647612
85400,2018-10-02 02:00:00,0.22327915603424997,0.13752477681223485,0.36332393862652446,0.1620071552197002,0.17214487063526843,0.1457844212036329
85500,2018-10-06 06:00:00,0.2233681588063,0.13767011387029485,0.36339609368660625,0.16213734357168683,0.17223215445208237,0.1459159805770596
85600,2018-10-10 10:00:00,0.22339919287178334,0.13772047973513873,0.3634009520765146,0.162233931612487,0.1722430821966691,0.14592992847982886
85700,2018-10-14 14:00:00,0.22345859272803933,0.13781071205833512,0.3634451749205758,0.16236629666607555,0.172329068528183,0.14605218119644897
85800,2018-10-18 18:00:00,0.22354209237043388,0.1379540730025575,0.3635072814574389,0.16247986679301188,0.17239723875705393,0.14615843773461037
85900,2018-10-22 22:00:00,0.2236375500789739,0.13809392992616115,0.36357484494585496,0.16261774661483605,0.17248666602759588,0.1462793909531724
86000,2018-10-27 02:00:00,0.22370205251619046,0.1381972819342198,0.36362105127996064,0.1627321161174848,0.17255450974392497,0.1463801029792161
86100,2018-10-31 06:00:00,0.22379046004682993,0.1383387825708197,0.3636891092455815,0.1628580366167421,0.17263654682595228,0.1465009107611059
86200,2018-11-04 10:00:00,0.2238707652133077,0.13845929606257062,0.36373118644024705,0.16299299954935234,0.17269950433580533,0.14658721654606377
86300,2018-11-08 14:00:00,0.22395534017018578,0.13858065113228138,0.36379687230983654,0.16312409351728485,0.17279411014987262,0.14671348255742875
86400,2018-11-12 18:00:00,0.2240297876746923,0.1386904165286096,0.3638518804764674,0.16324636531863126,0.17287551871611376,0.146824967196339
86500,2018-11-16 22:00:00,0.22411393357224735,0.1388164195228896,0.36391716868846474,0.16338329986443154,0.172970059705798,0.14695669455409482
86600,2018-11-21 02:00:00,0.22418370795063575,0.13894209590219597,0.3639679485049656,0.1634847948077916,0.17302695636532148,0.1470494747953852
86700,2018-11-25 06:00:00,0.22427586970613886,0.1390808682649863,0.3640109006116552,0.16361821101396348,0.17308513674307385,0.1471287309494786
86800,2018-11-29 10:00:00,0.22436386199727218,0.13921886413563894,0.36407343626251115,0.16374594894808941,0.1731635301151767,0.14724165760776714
86900,2018-12-03 14:00:00,0.22445851492659188,0.13936045154153742,0.36414381207732777,0.16388391900888685,0.1732555698453701,0.1473689215351004
87000,2018-12-07 18:00:00,0.22454547717710208,0.1394950153512932,0.3642092967339487,0.1640161208920929,0.1733418475026284,0.14749237465437848
87100,2018-12-11 22:00:00,0.22461324452717948,0.1396033728115721,0.3642606818659599,0.1641382407068298,0.17341873926230136,0.1476068329272439
87200,2018-12-16 02:00:00,0.22469946259802076,0.1397368930615198,0.36432822633014245,0.16427252797509698,0.17350963746646714,0.14773745475678152
87300,2018-12-20 06:00:00,0.224745267203273,0.13980357262545354,0.3643459786881276,0.16439123117966276,0.17354757640283494,0.14778730817026234
87400,2018-12-24 10:00:00,0.22482713565893925,0.13992996657423354,0.3643900618720359,0.16451084343950195,0.17360540528517396,0.14786832094168229
87500,2018-12-28 14:00:00,0.22490575706021373,0.14003532051928197,0.36443609739226235,0.1646260595549258,0.17367262023978924,0.14795143873989555
87600,2019-01-01 18:00:00,0.22498833058332676,0.14015014060790718,0.36449509034636274,0.16474864596960223,0.17375652615350115,0.14805957676198334
87700,2019-01-05 22:00:00,0.22505525746491914,0.14026897485662043,0.36455265722832425,0.16485749844691222,0.1738276683408887,0.1481768050272531
87800,2019-01-10 02:00:00,0.22515110205410058,0.14041418919432255,0.36462407772702143,0.16499150949314415,0.17391665246314217,0.14830107471109497
87900,2019-01-14 06:00:00,0.22524361874456603,0.14055705165385585,0.3646978535576932,0.1651243550125385,0.17400895936038466,0.14843294029308024
88000,2019-01-18 10:00:00,0.2253225913601752,0.1406817974137659,0.3647601722522109,0.16524872763920323,0.17409216135291125,0.1485548830113673
88100,2019-01-22 14:00:00,0.22541342203713743,0.14082379598812644,0.36483297659061803,0.16537523582855088,0.1741797724801828,0.14868128177108703
88200,2019-01-26 18:00:00,0.22546927593061658,0.14091102086563403,0.36484113133154195,0.1654770151767151,0.1741960751181837,0.14870261491694584
88300,2019-01-30 22:00:00,0.22554817453280182,0.141025289553927,0.364886260748999,0.1656038137651538,0.17426278080323696,0.14879136354559983
88400,2019-02-04 02:00:00,0.22564072174042726,0.1411639591227959,0.36495644990588266,0.16573865640524693,0.17435435940350552,0.14891831590246854
88500,2019-02-08 06:00:00,0.22572517075946982,0.14130217794968528,0.365026696565341,0.165861125814701,0.17443843634603298,0.14904546145776937
88600,2019-02-12 10:00:00,0.2258087054784049,0.14142698583406452,0.3650892276881427,0.16599034221228426,0.174524867331427,0.14916518214819352
88700,2019-02-16 14:00:00,0.22588619748039285,0.14155135382297082,0.365147564006856,0.16610934907009092,0.17459996780277012,0.1492763933071693
88800,2019-02-20 18:00:00,0.22595574093468937,0.14167315453469714,0.365209755874404,0.16621762370818566,0.17467463351498191,0.14939787791295897
88900,2019-02-24 22:00:00,0.22603476218188268,0.14178916662473262,0.3652647394597782,0.16632834136204525,0.17474543704559567,0.14949362651419199
89000,2019-03-01 02:00:00,0.22612025807144676,0.14191673054925297,0.3653310922651728,0.16644487061279434,0.1748271639295942,0.14960623943253942
89100,2019-03-05 06:00:00,0.22620281963710503,0.14204577700455898,0.3653836962541317,0.16655732186850855,0.17489056936435332,0.1496964396522681
89200,2019-03-09 10:00:00,0.22627410668966397,0.14213785151110075,0.3654190896036583,0.1666620526820603,0.1749444771788118,0.14976065465133329
89300,2019-03-13 14:00:00,0.22633812718950758,0.14222959932436582,0.36546209303163163,0.16677494718239166,0.17501404378395238,0.14985307417689847
89400,2019-03-17 18:00:00,0.22637619269436768,0.14233029495094052,0.3655162509919926,0.1668297144757905,0.17505507147399282,0.14995276826783555
89500,2019-03-21 22:00:00,0.22646082258935382,0.14245877500523665,0.3655634998433416,0.16694731400385543,0.1751152226507048,0.15003574175526102
89600,2019-03-26 02:00:00,0.22653672760071766,0.14257562132051893,0.3655952514291376,0.1670655233505174,0.1751605406324194,0.15009839384551243
89700,2019-03-30 06:00:00,0.22659486128182185,0.14265695060559952,0.36561535702199083,0.16716890618941174,0.17519476360965144,0.1501418111983003
89800,2019-04-03 10:00:00,0.2266677062697325,0.14275722884749403,0.36563879874504535,0.1672741944193538,0.1752307222369509,0.15018671010789228
89900,2019-04-07 14:00:00,0.2267530228207327,0.14288099838994522,0.36569883713491286,0.16739490109518293,0.1753094555990668,0.15029211111931615
90000,2019-04-11 18:00:00,0.22684512294550313,0.14301199465224962,0.3657593578194513,0.16751588925254407,0.1753855501819027,0.15039158498099145
90100,2019-04-15 22:00:00,0.22691569880246304,0.14311680054709516,0.3657844492262194,0.16762515999131106,0.17542311669539068,0.1504416330408084
90200,2019-04-20 02:00:00,0.226994512833961,0.14324184500934706,0.3658414760044031,0.16773859735803878,0.1754933225115312,0.15054387511760217
90300,2019-04-24 06:00:00,0.22707274668057004,0.14336713494399106,0.36590402179020304,0.16785549277265624,0.17557187489270504,0.15066024484705387
90400,2019-04-28 10:00:00,0.2271559771417784,0.1434889319256447,0.36596570265990414,0.16796964770644196,0.1756497759502914,0.15076548033700837
90500,2019-05-02 14:00:00,0.22723340519643986,0.14361452042383857,0.36602352186466525,0.16808330100150654,0.1757206914287644,0.15087116613792032
90600,2019-05-06 18:00:00,0.22730304955994513,0.14372900628691213,0.3660778131866207,0.1681913861388294,0.17578969762677418,0.1509759492231056
90700,2019-05-10 22:00:00,0.22738848589653185,0.14385942817384606,0.36614224670987255,0.16831203446919205,0.17587011677586945,0.15108916825437582
90800,2019-05-15 02:00:00,0.22747134483408188,0.1439895920465005,0.3662031284668491,0.16842547798246246,0.1759424355925936,0.15119332529107707
90900,2019-05-19 06:00:00,0.22756474367018695,0.144128205772979,0.3662678000625345,0.16855316048473382,0.1760232631756041,0.15130357064886651
91000,2019-05-23 10:00:00,0.22763857987806976,0.14423904559088813,0.3663116827445635,0.1686675319751576,0.1760842300957713,0.15138742149780604
91100,2019-05-27 14:00:00,0.22771828150406917,0.14436271287626865,0.3663718653210314,0.16878244134854986,0.1761596593701659,0.15149534746297671
91200,2019-05-31 18:00:00,0.22779147385808976,0.1444709924919972,0.3664262269433289,0.1688987138980353,0.17623737183949326,0.15160206742023927
91300,2019-06-04 22:00:00,0.22786692045222723,0.14459385890125342,0.36648524374662206,0.16900064951456045,0.17630427723688827,0.1517018597892317
91400,2019-06-09 02:00:00,0.22795397226285471,0.14472553765392254,0.3665449663794862,0.16912435341968346,0.17638025637077134,0.15180744657212092
91500,2019-06-13 06:00:00,0.22803435031396244,0.14484281228791895,0.3666019597133229,0.16923807103044988,0.1764545960052479,0.15190752934384041
91600,2019-06-17 10:00:00,0.22809797085458697,0.1449644978427386,0.36666210020462964,0.16932798225318965,0.17651562059712123,0.152014405805614
91700,2019-06-21 14:00:00,0.2281784262244998,0.1450876357816069,0.36672568426986785,0.16944640692492327,0.17659769207976111,0.15213079929446113
91800,2019-06-25 18:00:00,0.22824899569358476,0.145211182616392,0.36677521571496985,0.16954427252482107,0.1766525783756811,0.1522175031236556
91900,2019-06-29 22:00:00,0.22833450774237837,0.1453368886664169,0.3668327024143645,0.16966802271843032,0.1767287675722829,0.1523206342057437
92000,2019-07-04 02:00:00,0.22841230656476608,0.145458088988702,0.3668948833355713,0.16977999389840687,0.1768061212551274,0.15243209188606463
92100,2019-07-08 06:00:00,0.2284920757836824,0.1455684567116446,0.36695017776972577,0.16989431003182281,0.17688263920861808,0.15253005911184966
92200,2019-07-12 10:00:00,0.22857766780996092,0.14569969677230823,0.3670156384108159,0.1700124834370425,0.1769623553141497,0.15264268813553644
92300,2019-07-16 14:00:00,0.228646319437998,0.14579911904604093,0.36706570039553776,0.1701166484001009,0.17703230112467291,0.15273657346288527
92400,2019-07-20 18:00:00,0.22872714555116283,0.145922671196682,0.3671152965212317,0.17023268675818218,0.17709601118868307,0.15282548248531955
92500,2019-07-24 22:00:00,0.22881067576848327,0.14604913455632412,0.36717995497106104,0.17034909139091345,0.17717623929837667,0.15293765653115224
92600,2019-07-29 02:00:00,0.228891358907952,0.1461715771293275,0.367240656970229,0.1704667680909196,0.17725463344602024,0.15304759865645076
92700,2019-08-02 06:00:00,0.22895968397178032,0.14626724836259616,0.3672879814635386,0.17057400916321708,0.17732497116860801,0.153138894228298
92800,2019-08-06 10:00:00,0.22901084125107998,0.14634608019599984,0.36731370606368285,0.170669355162307,0.1773658629308517,0.15319624783903127
92900,2019-08-10 14:00:00,0.22908310779434948,0.14645006865197494,0.3673441722298261,0.17077084483978197,0.1774082648352146,0.15325148777722325
93000,2019-08-14 18:00:00,0.2291648194584793,0.14657277053572765,0.36740455125505145,0.17089083256106274,0.17748750357183382,0.15336146089419223
93100,2019-08-18 22:00:00,0.2292478971358394,0.14669741961893387,0.3674604751139536,0.1710111130737436,0.1775603773843629,0.15346197014472968
93200,2019-08-23 02:00:00,0.2293279979497716,0.14681566050773592,0.36751346716529204,0.1711255784960275,0.17762968868008816,0.15355602540134944
93300,2019-08-27 06:00:00,0.22940915068808923,0.1469284484826867,0.36757000330424894,0.17123527073419625,0.1777036609159133,0.15365098201179492
93400,2019-08-31 10:00:00,0.22947687136505052,0.14704124109784247,0.3676239518619152,0.17132357753172434,0.17776181818304815,0.15373930732154625
93500,2019-09-04 14:00:00,0.22955632258460096,0.14716232280357452,0.3676861077398076,0.171438422556434,0.1778410472109088,0.15385105396863633
93600,2019-09-08 18:00:00,0.22962406741427083,0.14726281515153825,0.3677357853688146,0.1715507492967236,0.17791472640608025,0.15395260329605867
93700,2019-09-12 22:00:00,0.22970072462442703,0.14737741741963686,0.3677954471289862,0.17166884945534902,0.17799684131711024,0.15406667520285725
93800,2019-09-17 02:00:00,0.2297803694039871,0.14749836668014765,0.36785778997160873,0.17178180696599513,0.1780751914482465,0.15417670875761064
93900,2019-09-21 06:00:00,0.2298633677766604,0.14762022826927654,0.36791634335697476,0.17189938987705566,0.17815126095633105,0.1542796951589877
94000,2019-09-25 10:00:00,0.22992330316763712,0.14771219815213787,0.36796082474348885,0.17200235865513314,0.17821732991970446,0.15437396747670465
94100,2019-09-29 14:00:00,0.22997498629155383,0.14778933702577896,0.36799612485023747,0.17210492385166123,0.17827862729905475,0.15445905306370344
94200,2019-10-03 18:00:00,0.23005353642777013,0.14790838124004996,0.36805697872737747,0.17221965444877177,0.17835735320496682,0.1545695138631485
94300,2019-10-07 22:00:00,0.23012830096128328,0.14802097359227967,0.3681156477915228,0.17232802965146088,0.17843313782602396,0.15467525732763054
94400,2019-10-12 02:00:00,0.23020971365519494,0.14814081564783085,0.36817606646881695,0.17244237143655392,0.17851067411363555,0.15478069482324205
94500,2019-10-16 06:00:00,0.2302857525546029,0.14825427452704257,0.36823574696050204,0.17255603040192768,0.17859066872802887,0.15489151779227187
94600,2019-10-20 10:00:00,0.2303608970001756,0.14836829422086037,0.3682938827862915,0.17266491280583562,0.17866525481341905,0.15499623384399402
94700,2019-10-24 14:00:00,0.23043419325182493,0.14848729909817537,0.36835401116216276,0.1727681833072703,0.1787359362589068,0.1551020251226732
94800,2019-10-28 18:00:00,0.23050861056876096,0.14859994134272567,0.3684080183497614,0.17287638678984737,0.17880575504736562,0.15519949355680238
94900,2019-11-01 22:00:00,0.23056668428193386,0.14868878901171562,0.36843012931109315,0.17296819744035738,0.1788382626823326,0.1552439098349091
95000,2019-11-06 02:00:00,0.23064195067744622,0.1488040687030642,0.36848679724754785,0.17307126751013788,0.17890692307209552,0.15534068141344562
95100,2019-11-10 06:00:00,0.23070637078448974,0.14891675697155,0.36853633792632945,0.17316385278347127,0.17896289531281803,0.15542988686366221
95200,2019-11-14 10:00:00,0.23077355079277773,0.14902158841169852,0.36858142207594974,0.1732623918721756,0.17902040925174426,0.15551209943863345
95300,2019-11-18 14:00:00,0.23083910214156367,0.14912746648437833,0.3686266591511471,0.1733555715538517,0.17907496308195162,0.1555924924317055
95400,2019-11-22 18:00:00,0.23090242929961627,0.1492279626388992,0.36866642368570723,0.17344692695062858,0.17912465620501283,0.1556642428614932
95500,2019-11-26 22:00:00,0.23097852202648986,0.14934386328477753,0.36872240890050856,0.17355678530886418,0.1791961467841371,0.15576466299194694
95600,2019-12-01 02:00:00,0.23105295692491318,0.1494550828174869,0.36877557147069745,0.17366316312221952,0.17926465713222547,0.1558590148743141
95700,2019-12-05 06:00:00,0.23110978181664207,0.1495556491224474,0.36882292509868275,0.17374777270082933,0.17931892973428615,0.1559472652231023
95800,2019-12-09 10:00:00,0.23118258390730673,0.14966790746430103,0.3688802468513353,0.1738521311630915,0.17939067620784713,0.15604955619262356
95900,2019-12-13 14:00:00,0.23126124291012326,0.14978120491003108,0.36893960736109604,0.1739636279298059,0.1794689554245876,0.1561539949724806
96000,2019-12-17 18:00:00,0.23132948393777544,0.14988847933054594,0.368993408270139,0.17406136717558293,0.17953510734263847,0.1562499964499588
96100,2019-12-21 22:00:00,0.23140634489870154,0.1500023577086508,0.3690491354459577,0.1741704097104055,0.1796069313274424,0.15634818607421172
96200,2019-12-26 02:00:00,0.231481319536649,0.1501179343979087,0.3691064270311486,0.17427559302647214,0.17967738525303675,0.15644829846264127
96300,2019-12-30 06:00:00,0.23155058017763064,0.15022192753671565,0.3691605976241784,0.17438087189442036,0.17975070772935509,0.15655055363164377
96400,2020-01-03 10:00:00,0.231618373656359,0.15032369784986074,0.3692060956111788,0.17448857927181596,0.17981489502559195,0.156639446751411
96500,2020-01-07 14:00:00,0.23168549498027247,0.15042213439677418,0.36925772387973305,0.1745947642281269,0.17988906262204685,0.15674066204184406
96600,2020-01-11 18:00:00,0.23175057465875523,0.15052055529907427,0.3693089760328357,0.17469379555909686,0.17995804529219275,0.15683756690246725
96700,2020-01-15 22:00:00,0.23182003631478307,0.15061423699562598,0.36934499684417543,0.17479325295601963,0.18000980637663108,0.1569016970618962
96800,2020-01-20 02:00:00,0.2318886115873217,0.15071321021205847,0.36939283710282017,0.1748944212236093,0.1800752118891286,0.15698893959819257
96900,2020-01-24 06:00:00,0.23195166052554275,0.15080866270052876,0.36944089141536063,0.17499912579504998,0.18014530039986132,0.15708770723482854
97000,2020-01-28 10:00:00,0.23201921382896,0.15091445672230894,0.36949353633732823,0.17510000467690676,0.18021277061210492,0.15718546202502245
97100,2020-02-01 14:00:00,0.232096171234652,0.1510327597943226,0.3695438464911694,0.17520256573434273,0.18027299461331608,0.15726982497933428
97200,2020-02-05 18:00:00,0.23217241874089176,0.1511467134655218,0.36960237022510234,0.17530694415561432,0.18034531802068524,0.15736960266928146
97300,2020-02-09 22:00:00,0.2322397095068705,0.1512499455433872,0.3696454951815965,0.1754039587781717,0.18040052587559807,0.1574470423269301
97400,2020-02-14 02:00:00,0.23227128193189572,0.15132410540353447,0.3696793583713534,0.17544927060288673,0.18042974199672113,0.15750879999478115
97500,2020-02-18 06:00:00,0.23234651133737536,0.15144081796154196,0.3697360217113003,0.17555125111518455,0.1804970671417811,0.15760473039501394
97600,2020-02-22 10:00:00,0.2324207252973682,0.15154976313580285,0.3697829895276542,0.17565648235004602,0.18055859006445713,0.15768757478136364
97700,2020-02-26 14:00:00,0.2324920835157128,0.15165944699331538,0.3698418487057223,0.17575975858537335,0.18063304200877403,0.15779378686779752
97800,2020-03-01 18:00:00,0.23257031394604408,0.1517733413918397,0.369897598751071,0.1758652646006588,0.18070290314784995,0.15788746022404104
97900,2020-03-05 22:00:00,0.23262904187487676,0.15187027008123283,0.36994591627734535,0.17595549869142668,0.18076346867734594,0.157980093110171
98000,2020-03-10 02:00:00,0.23268960352311574,0.15196898266946862,0.36998947034399443,0.17605003037074907,0.1808197064286059,0.1580643608130257
98100,2020-03-14 06:00:00,0.2327574975970061,0.15207430584377038,0.3700345131681495,0.17614482365052067,0.18087520516920128,0.1581429921829831
98200,2020-03-18 10:00:00,0.232835802187501,0.1521892878272226,0.37008519902289416,0.1762498030445072,0.18093847782925684,0.15822808663476054
98300,2020-03-22 14:00:00,0.232912509533311,0.15230466158864406,0.37014402916147127,0.1763538581502068,0.1810101981318799,0.1583275566032835
98400,2020-03-26 18:00:00,0.23297787210912824,0.1524012405803939,0.3701911673683543,0.17645399260972924,0.18107541921308812,0.15841677476866767
98500,2020-03-30 22:00:00,0.23302189912822605,0.15248294811496527,0.3702339526472582,0.17653186178159638,0.18113060146241092,0.15851363138010477
98600,2020-04-04 02:00:00,0.2330813094704512,0.15256193710662858,0.37024313288368405,0.17661986685569275,0.181148383554809,0.15853483132155557
98700,2020-04-08 06:00:00,0.23315441387843197,0.1526650036421555,0.37027003075197285,0.17671196776320017,0.18118489769948287,0.15858118764121196
98800,2020-04-12 10:00:00,0.23322746725857582,0.1527714282219976,0.37032606891108316,0.17682016947122475,0.18126103336058833,0.15868414769451897
98900,2020-04-16 14:00:00,0.23330019164369956,0.15288345063211722,0.3703827518504794,0.17692099299161146,0.18132998474137593,0.1587820989693024
99000,2020-04-20 18:00:00,0.2333749848330723,0.15299329761672997,0.37044002861369896,0.17702636627863597,0.18140376149827536,0.15888239225039913
99100,2020-04-24 22:00:00,0.23343753261805053,0.15309042347382706,0.370488645191197,0.1771219837319375,0.18146789976925587,0.1589747083357459
99200,2020-04-29 02:00:00,0.23350757690746146,0.1531980228279719,0.37053828990084364,0.17721673917443817,0.18152758292642115,0.1590586887953757
99300,2020-05-03 06:00:00,0.23358374435427098,0.15331291986890336,0.3705960481296735,0.17732047638139278,0.18159812005140913,0.159156738419659
99400,2020-05-07 10:00:00,0.23365712928548485,0.15342304040016733,0.37065113648609826,0.17742362088016433,0.18166764903950816,0.15925303966753424
99500,2020-05-11 14:00:00,0.23371249125970503,0.15352183566289518,0.37069917474961345,0.17750635249447627,0.1817223803980226,0.15934304947913186
99600,2020-05-15 18:00:00,0.23378290094018842,0.15362950537289097,0.3707548658755122,0.1776039667527217,0.18179050559467097,0.15943927015817239
99700,2020-05-19 22:00:00,0.23384204740052522,0.15371826108349168,0.3707841351606728,0.17769934865143475,0.18183310563625701,0.15949729807695315
99800,2020-05-24 02:00:00,0.23390951754626338,0.1538226915573526,0.3708355490124113,0.17779722846627527,0.1818980257658172,0.15959005619943606
99900,2020-05-28 06:00:00,0.2339881718925989,0.15393882237684364,0.3708901114507752,0.17789967969466156,0.1819637919782224,0.1596790861454536
100000,2020-06-01 10:00:00,0.23405969310849115,0.15404383161281393,0.3709355890706684,0.17799439784640544,0.1820201201373784,0.15975471684921427
100100,2020-06-05 14:00:00,0.23413557792467907,0.15415706242671307,0.3709913958289002,0.17809393183568464,0.1820868413206842,0.15984619993186888
100200,2020-06-09 18:00:00,0.23420332368911773,0.15426383760594387,0.37104352191128975,0.17819050417303972,0.18215060914502965,0.15993878350030943
100300,2020-06-13 22:00:00,0.23427325108653366,0.1543741001931986,0.3710906996025964,0.17828369599007002,0.1822057884709226,0.16001792353205638
100400,2020-06-18 02:00:00,0.23434630301850598,0.15448455973318273,0.37114879794949607,0.17838368446528477,0.18227672300528228,0.16011703996927326
100500,2020-06-22 06:00:00,0.23441953386227604,0.15459206048697877,0.3712051803167555,0.17848827407359213,0.1823502761685606,0.16021708451436933
100600,2020-06-26 10:00:00,0.23449018973793592,0.15470095293936956,0.3712623177894769,0.17858650487562325,0.18241979916050796,0.1603161395664272
100700,2020-06-30 14:00:00,0.2345594617415283,0.15480142503313654,0.37131014088196057,0.1786821779343909,0.1824812948695735,0.16039827463838469
100800,2020-07-04 18:00:00,0.23462153086032447,0.15490278173147015,0.37131907602864594,0.17876690909039272,0.1824982945181859,0.16042103777877337
100900,2020-07-08 22:00:00,0.23469362554886924,0.1550102988279786,0.371374707434182,0.17886469558719698,0.18256659001989428,0.16051505574596717
101000,2020-07-13 02:00:00,0.23476714530679216,0.15512217977428824,0.3714338154204486,0.17896264051589572,0.18263658699973404,0.16061333368144798
101100,2020-07-17 06:00:00,0.23482999135919094,0.15522258332363625,0.3714645250725715,0.17904934599861075,0.1826750191655745,0.16066811819142493
101200,2020-07-21 10:00:00,0.2348827049028495,0.15531843032157638,0.3715138688740048,0.17912587632515076,0.1827286840769832,0.1607582419473705
101300,2020-07-25 14:00:00,0.23492520552130824,0.15540394261852308,0.3715605156380927,0.17918775096599418,0.182774855050875,0.16084452006629463
101400,2020-07-29 18:00:00,0.23498406473405536,0.15549173938119834,0.37160326068173133,0.17928434938089396,0.18283725849618054,0.16093094618675186
101500,2020-08-02 22:00:00,0.23505530363797422,0.15560370980848728,0.3716601628739349,0.1793786770772908,0.18290248311044918,0.16102515349084345
101600,2020-08-07 02:00:00,0.23512864402319994,0.15571271972982131,0.3717176009724969,0.17947938776482028,0.1829739402015663,0.16112337125060516
101700,2020-08-11 06:00:00,0.23519278403159147,0.1558161905687277,0.3717672700419725,0.17956811153811156,0.18303195567858413,0.1612092321324383
101800,2020-08-15 10:00:00,0.2352606009967054,0.15591602064976867,0.37182044892094557,0.17966579972099717,0.18310167486608464,0.1613044512998312
101900,2020-08-19 14:00:00,0.23532391349999468,0.15601388519890683,0.3718726104661931,0.17975655953356595,0.18316673661311628,0.16139770662069813
102000,2020-08-23 18:00:00,0.23537792275015598,0.15609628141186435,0.3719152431612044,0.17984339507652217,0.18322665300128543,0.16148286326754627
102100,2020-08-27 22:00:00,0.23544820023870003,0.15620380306442458,0.37196630229651545,0.17993799965563922,0.18328785486586094,0.1615687535178045
102200,2020-09-01 02:00:00,0.23551289143466247,0.15629750066612613,0.3720058432871452,0.18003336745982823,0.18334205287991054,0.16164082443522232
102300,2020-09-05 06:00:00,0.23558695958989828,0.15640582352771615,0.37206290627545163,0.18013316866640997,0.18341290003271962,0.16173657482009854
102400,2020-09-09 10:00:00,0.2356543310621173,0.15650573009087765,0.3721133868382565,0.1802309442806417,0.18347915256182767,0.16182748484618212
102500,2020-09-13 14:00:00,0.23572145490594856,0.1566120022998075,0.3721701984457719,0.180322846185081,0.1835455822656342,0.16192467949509612
102600,2020-09-17 18:00:00,0.23578513049946023,0.1567157521902157,0.3722192786907274,0.18040878847268582,0.18360128573643592,0.16200765797227798
102700,2020-09-21 22:00:00,0.2358464065954391,0.1568157494443467,0.37226948267810306,0.18048514724267903,0.18365410248146846,0.1620862478409272
102800,2020-09-26 02:00:00,0.23591553421109304,0.15691761597701553,0.3723197162737293,0.18058017384086067,0.18371736968572194,0.16217217871883782
102900,2020-09-30 06:00:00,0.2359862520040068,0.15702380665519525,0.372375475350085,0.18067390321430377,0.18378394574480086,0.16226438865760778
103000,2020-10-04 10:00:00,0.23604986880458478,0.15711925673645186,0.37242421356245703,0.18076511270218065,0.18384651611435662,0.1623512403141227
103100,2020-10-08 14:00:00,0.23611653341775365,0.15722168264104314,0.3724756611246271,0.1808550293724342,0.18390777759983906,0.16243785679983325
103200,2020-10-12 18:00:00,0.23618991073003215,0.15733072550805124,0.37253309601742585,0.18095317212815115,0.18397757276545007,0.16253362379770905
103300,2020-10-16 22:00:00,0.23626134614664157,0.1574371245748095,0.37258817299116015,0.1810493697434176,0.18404483466466487,0.1626260663998167
103400,2020-10-21 02:00:00,0.2363296907570441,0.15753915509166572,0.3726415060755298,0.18114401351370846,0.18411144316367595,0.16271801580258682
103500,2020-10-25 06:00:00,0.23638573345367503,0.15763279055701052,0.3726887809217357,0.18122722150702808,0.18416821895374638,0.1628057815517053
103600,2020-10-29 10:00:00,0.23644965582019084,0.15773089895672646,0.37274040669719194,0.1813192272418953,0.18423329938679137,0.1628983582827739
103700,2020-11-02 14:00:00,0.23651225793640168,0.15783231471607787,0.37279092657894763,0.18140411283451882,0.18429090571080992,0.16298404161989585
103800,2020-11-06 18:00:00,0.23658238593611136,0.1579374974923051,0.3728472722365497,0.18149700106244476,0.18435813674333365,0.16307715571204534
103900,2020-11-10 22:00:00,0.2366121091908702,0.15798620411023437,0.3728640103806561,0.18157267567437554,0.18439048327552973,0.16312599570982958
104000,2020-11-15 02:00:00,0.2366592574774424,0.15808049186212128,0.3729050001408074,0.18163915828776406,0.18443103474849526,0.16319901251556132
104100,2020-11-19 06:00:00,0.23672511124046233,0.15818146600899444,0.3729562898309349,0.1817290192393087,0.18449280738665766,0.16328630425802676
104200,2020-11-23 10:00:00,0.23678502332560436,0.1582718088854486,0.37299728267205895,0.18181565862225868,0.1845458935955966,0.16335987673649918
104300,2020-11-27 14:00:00,0.23684866878149563,0.15837070875186132,0.3730457028423146,0.18189731330642817,0.1846006738667667,0.16343777377472535
104400,2020-12-01 18:00:00,0.2369153270471363,0.15846943113864015,0.3730937652159523,0.18198420119193415,0.18465829356571165,0.16351612720507047
104500,2020-12-05 22:00:00,0.23697910404018296,0.1585691500908411,0.37314678945005697,0.18207256280929268,0.18472172079659252,0.1636078486938654
104600,2020-12-10 02:00:00,0.23704447763039743,0.15866654717469392,0.37319822005014325,0.18216085669277193,0.18478461235014734,0.1636944196169408
104700,2020-12-14 06:00:00,0.2370920996648608,0.15874927092027558,0.3732411094364415,0.18223406830368663,0.1848359068253706,0.16377730700785068
104800,2020-12-18 10:00:00,0.2370920996648608,0.15874927092027558,0.3732411094364415,0.18223406830368663,0.1848359068253706,0.16377730700785068
