snapshot_id,hour,date,kl_in_degree,kl_out_degree,kl_degree,kl_clustering
hour-000100,100,2009-01-07 22:00:00,0.0,0.0,3.2908095095178105,0.0
hour-000200,200,2009-01-12 02:00:00,0.0,0.0,0.0,0.0
hour-000300,300,2009-01-16 06:00:00,0.0,0.0,0.0,0.0
hour-000400,400,2009-01-20 10:00:00,0.0,0.0,5.778808608524323,0.0
hour-000500,500,2009-01-24 14:00:00,0.0,0.0,0.0,0.0
hour-000600,600,2009-01-28 18:00:00,0.0,0.0,3.844930357261253,0.0
hour-000700,700,2009-02-01 22:00:00,0.0,0.0,0.0,0.0
hour-000800,800,2009-02-06 02:00:00,0.0,0.0,2.884962497296904,0.0
hour-000900,900,2009-02-10 06:00:00,0.0,0.0,0.0,0.0
hour-001000,1000,2009-02-14 10:00:00,0.0,0.0,3.857864727095424,0.0
hour-001100,1100,2009-02-18 14:00:00,0.0,0.0,5.763844715132791,0.0
hour-001200,1200,2009-02-22 18:00:00,0.0,0.0,4.612172283483763,0.0
hour-001300,1300,2009-02-26 22:00:00,0.0,0.0,5.778808608524323,0.0
hour-001400,1400,2009-03-03 02:00:00,0.0,0.0,0.0,0.0
hour-001500,1500,2009-03-07 06:00:00,0.0,0.0,0.0,0.0
hour-001600,1600,2009-03-11 10:00:00,0.0,0.0,3.844930357261253,0.0
hour-001700,1700,2009-03-15 14:00:00,0.0,0.0,2.897891547990567,0.0
hour-001800,1800,2009-03-19 18:00:00,0.0,0.0,4.617270327008306,0.0
hour-001900,1900,2009-03-23 22:00:00,0.0,0.0,3.3004765557088604,0.0
hour-002000,2000,2009-03-28 02:00:00,0.0,0.0,4.608976892563572,0.0
hour-002100,2100,2009-04-01 06:00:00,0.0,0.0,3.841273217934857,0.0
hour-002200,2200,2009-04-05 10:00:00,0.0,0.0,0.0,0.0
hour-002300,2300,2009-04-09 14:00:00,0.0,0.0,4.608976892563572,0.0
hour-002400,2400,2009-04-13 18:00:00,0.0,0.0,3.844930357261253,0.0
hour-002500,2500,2009-04-17 22:00:00,0.0,0.0,2.8795818148914085,0.0
hour-002600,2600,2009-04-22 02:00:00,0.0,0.0,3.2915322113173513,0.0
hour-002700,2700,2009-04-26 06:00:00,0.0,0.0,3.841273217934857,0.0
hour-002800,2800,2009-04-30 10:00:00,0.0,0.0,4.608976892563572,0.0
hour-002900,2900,2009-05-04 14:00:00,0.0,0.0,3.841273217934857,0.0
hour-003000,3000,2009-05-08 18:00:00,0.0,0.0,4.608976892563572,0.0
hour-003100,3100,2009-05-12 22:00:00,0.0,0.0,3.857864727095424,0.0
hour-003200,3200,2009-05-17 02:00:00,0.0,0.0,5.713987960075909,0.0
hour-003300,3300,2009-05-21 06:00:00,0.0,0.0,0.40546510815063525,0.0
hour-003400,3400,2009-05-25 10:00:00,0.0,0.0,0.0,0.0
hour-003500,3500,2009-05-29 14:00:00,0.0,0.0,7.724011121355788,0.0
hour-003600,3600,2009-06-02 18:00:00,0.0,0.0,0.0,0.0
hour-003700,3700,2009-06-06 22:00:00,0.0,0.0,4.612172283483763,0.0
hour-003800,3800,2009-06-11 02:00:00,0.0,0.0,0.0,0.0
hour-003900,3900,2009-06-15 06:00:00,0.0,0.0,0.0,0.0
hour-004000,4000,2009-06-19 10:00:00,0.0,0.0,3.857864727095424,0.0
hour-004100,4100,2009-06-23 14:00:00,0.0,0.0,5.778808608524323,0.0
hour-004200,4200,2009-06-27 18:00:00,0.0,0.0,3.857864727095424,0.0
hour-004300,4300,2009-07-01 22:00:00,0.0,0.0,5.763844715132791,0.0
hour-004400,4400,2009-07-06 02:00:00,0.0,0.0,0.0,0.0
hour-004500,4500,2009-07-10 06:00:00,0.0,0.0,0.0,0.0
hour-004600,4600,2009-07-14 10:00:00,0.0,0.0,0.0,0.0
hour-004700,4700,2009-07-18 14:00:00,0.0,0.0,0.0,0.0
hour-004800,4800,2009-07-22 18:00:00,0.0,0.0,0.0,0.0
hour-004900,4900,2009-07-26 22:00:00,0.0,0.0,0.0,0.0
hour-005000,5000,2009-07-31 02:00:00,0.0,0.0,7.6926556182075085,0.0
hour-005100,5100,2009-08-04 06:00:00,0.0,0.0,5.77287947681902,0.0
hour-005200,5200,2009-08-08 10:00:00,0.0,0.0,7.724011121355788,0.0
hour-005300,5300,2009-08-12 14:00:00,0.0,0.0,4.648862297697877,0.0
hour-005400,5400,2009-08-16 18:00:00,0.0,0.0,0.0,0.0
hour-005500,5500,2009-08-20 22:00:00,0.0,0.0,7.6926556182075085,0.0
hour-005600,5600,2009-08-25 02:00:00,0.0,0.0,0.0,0.0
hour-005700,5700,2009-08-29 06:00:00,0.0,0.0,5.77287947681902,0.0
hour-005800,5800,2009-09-02 10:00:00,0.0,0.0,0.0,0.0
hour-005900,5900,2009-09-06 14:00:00,0.0,0.0,0.0,0.0
hour-006000,6000,2009-09-10 18:00:00,0.0,0.0,5.77287947681902,0.0
hour-006100,6100,2009-09-14 22:00:00,0.0,0.0,0.04872750359324922,0.0
hour-006200,6200,2009-09-19 02:00:00,0.0,0.0,4.605170176797751,0.0
hour-006300,6300,2009-09-23 06:00:00,0.0,0.0,4.627481175837914,0.0
hour-006400,6400,2009-09-27 10:00:00,0.0,0.0,0.0,0.0
hour-006500,6500,2009-10-01 14:00:00,0.0,0.0,0.0,0.0
hour-006600,6600,2009-10-05 18:00:00,0.0,0.0,0.0,0.0
hour-006700,6700,2009-10-09 22:00:00,0.0,0.0,7.6926556182075085,0.0
hour-006800,6800,2009-10-14 02:00:00,0.0,0.0,5.778808608524323,0.0
hour-006900,6900,2009-10-18 06:00:00,0.0,0.0,3.857864727095424,0.0
hour-007000,7000,2009-10-22 10:00:00,0.0,0.0,0.0,0.0
hour-007100,7100,2009-10-26 14:00:00,0.0,0.0,0.0,0.0
hour-007200,7200,2009-10-30 18:00:00,0.0,0.0,5.796218120857814,0.0
hour-007300,7300,2009-11-03 22:00:00,0.0,0.0,3.1763540306174343,0.0
hour-007400,7400,2009-11-08 02:00:00,0.0,0.0,0.0,0.0
hour-007500,7500,2009-11-12 06:00:00,0.0,0.0,0.0,0.0
hour-007600,7600,2009-11-16 10:00:00,0.0,0.0,3.3004765557088604,0.0
hour-007700,7700,2009-11-20 14:00:00,0.0,0.0,4.6495731846770125,0.0
hour-007800,7800,2009-11-24 18:00:00,0.0,0.0,2.3032293071394134,0.0
hour-007900,7900,2009-11-28 22:00:00,0.0,0.0,2.5590923622413153,0.0
hour-008000,8000,2009-12-03 02:00:00,0.0,0.0,2.310828744122783,0.0
hour-008100,8100,2009-12-07 06:00:00,0.0,0.0,0.0,0.0
hour-008200,8200,2009-12-11 10:00:00,0.0,0.0,3.383777087181592,0.0
hour-008300,8300,2009-12-15 14:00:00,0.0,0.0,7.757570310765376,0.0
hour-008400,8400,2009-12-19 18:00:00,0.0,0.0,3.858645218438879,0.0
hour-008500,8500,2009-12-23 22:00:00,0.0,0.0,2.310828744122783,0.0
hour-008600,8600,2009-12-28 02:00:00,0.0,0.0,0.0,0.0
hour-008700,8700,2010-01-01 06:00:00,0.0,0.0,3.314320324848122,0.0
hour-008800,8800,2010-01-05 10:00:00,0.0,0.0,1.772462037951386,0.0
hour-008900,8900,2010-01-09 14:00:00,0.0,0.0,2.093731280716376,0.0
hour-009000,9000,2010-01-13 18:00:00,0.0,0.0,0.0,0.0
hour-009100,9100,2010-01-17 22:00:00,0.0,0.0,2.305624524863539,0.0
hour-009200,9200,2010-01-22 02:00:00,0.0,0.0,2.926469810253318,0.0
hour-009300,9300,2010-01-26 06:00:00,0.0,0.0,5.880612769444556,0.0
hour-009400,9400,2010-01-30 10:00:00,0.0,0.0,1.9354488952414466,0.0
hour-009500,9500,2010-02-03 14:00:00,0.0,0.0,3.3239176380694517,0.0
hour-009600,9600,2010-02-07 18:00:00,0.0,0.0,5.796218120857814,0.0
hour-009700,9700,2010-02-11 22:00:00,0.0,0.0,3.29080950951781,0.0
hour-009800,9800,2010-02-16 02:00:00,0.0,0.0,2.881474789250196,0.0
hour-009900,9900,2010-02-20 06:00:00,0.0,0.0,2.310828744122783,0.0
hour-010000,10000,2010-02-24 10:00:00,0.0,0.0,0.0,0.0
hour-010100,10100,2010-02-28 14:00:00,0.0,0.0,3.2915322113173513,0.0
hour-010200,10200,2010-03-04 18:00:00,0.0,0.0,3.858645218438879,0.0
hour-010300,10300,2010-03-08 22:00:00,0.0,0.0,2.371899808649097,0.0
hour-010400,10400,2010-03-13 02:00:00,0.0,8.953216997046368,2.234988304900906,0.0
hour-010500,10500,2010-03-17 06:00:00,0.08701137668797085,11.80681874055645,2.0533700702836355,0.0
hour-010600,10600,2010-03-21 10:00:00,1.7941441057103271,0.6931471798327418,2.9800612721866386,0.0
hour-010700,10700,2010-03-25 14:00:00,0.0,11.571816925340338,2.5590923622413153,0.0
hour-010800,10800,2010-03-29 18:00:00,0.0,0.0,2.310828744122782,0.0
hour-010900,10900,2010-04-02 22:00:00,0.22314355058642824,0.0,3.3994975810237618,0.0
hour-011000,11000,2010-04-07 02:00:00,4.324490212325831,0.0,4.473542852876884,0.0
hour-011100,11100,2010-04-11 06:00:00,0.0,0.0,0.0,0.0
hour-011200,11200,2010-04-15 10:00:00,0.117783035924203,0.0,6.1111584976747375,0.0
hour-011300,11300,2010-04-19 14:00:00,2.4760285908864215,4.3480468202486175,1.825580702148587,0.0
hour-011400,11400,2010-04-23 18:00:00,0.08701137670454573,11.926264695108177,0.0606179253759679,0.0
hour-011500,11500,2010-04-27 22:00:00,1.7941441057103271,0.31637702087449276,2.33322512936493,0.0
hour-011600,11600,2010-05-02 02:00:00,0.0,11.656766443906426,2.5607487503627624,0.0
hour-011700,11700,2010-05-06 06:00:00,0.0,0.0,2.176178993667799,0.0
hour-011800,11800,2010-05-10 10:00:00,0.0,0.0,5.796218120857814,0.0
hour-011900,11900,2010-05-14 14:00:00,0.13353139237999204,12.206072587630157,0.2969093166192687,0.0
hour-012000,12000,2010-05-18 18:00:00,1.467810630842546,11.512925451280282,1.8235287667665907,0.0
hour-012100,12100,2010-05-22 22:00:00,7.687406167448232,0.6931471789782202,3.294137065805985,0.0
hour-012200,12200,2010-05-27 02:00:00,0.0,10.819778233046952,2.465438570905189,0.0
hour-012300,12300,2010-05-31 06:00:00,0.15415067943730829,0.2876820735921241,0.20067069480530736,0.0
hour-012400,12400,2010-06-04 10:00:00,3.2457122901257343,6.31607850437984,2.2301876233979705,0.0
hour-012500,12500,2010-06-08 14:00:00,0.06942850687932242,3.7595662682857096,0.16248606257498865,0.01699757692465381
hour-012600,12600,2010-06-12 18:00:00,0.28753271848959516,1.699821429007169,0.7777766767680382,0.13671463689163432
hour-012700,12700,2010-06-16 22:00:00,2.2169873700710023,1.1844234190600256,2.1308804272760207,0.802998889294385
hour-012800,12800,2010-06-21 02:00:00,1.806821931307722,1.401026621097977,1.1927412552459655,6.108053861911127
hour-012900,12900,2010-06-25 06:00:00,0.0,9.091846431757716,2.695089486779675,0.0
hour-013000,13000,2010-06-29 10:00:00,0.13353139229831415,4.54109863786795,0.22661623718103316,0.22314355091796664
hour-013100,13100,2010-07-03 14:00:00,2.7145547151693603,13.31736762968971,1.136093148911705,4.4513413508814885
hour-013200,13200,2010-07-07 18:00:00,0.0,3.9052193331799603,2.864004664010733,0.0
hour-013300,13300,2010-07-11 22:00:00,0.057158413655304934,15.533669309660848,1.2080815511588157,0.0
hour-013400,13400,2010-07-16 02:00:00,9.817343198959428e-05,1.3862943580628266,0.2768469582125868,0.14660347394950124
hour-013500,13500,2010-07-20 06:00:00,1.3007656108310415,2.73001401030669,1.0329008281242376,3.0823516546848673
hour-013600,13600,2010-07-24 10:00:00,0.09531017970221224,7.724011133890514,0.1841281680480394,0.2231435510588338
hour-013700,13700,2010-07-28 14:00:00,2.0609623741731657,5.8965272189609355,1.8384481275789104,4.6212400910811775
hour-013800,13800,2010-08-01 18:00:00,0.0,7.472551077378233,0.9682650437101051,0.0
hour-013900,13900,2010-08-05 22:00:00,0.0,0.2797765622422061,0.22306657933182855,0.0
hour-014000,14000,2010-08-10 02:00:00,0.23638877729758231,4.7015720913191155,0.11026723246723319,0.19671029355798395
hour-014100,14100,2010-08-14 06:00:00,2.3248863853198127,1.598794382918796,2.6455984518357343,3.948314351841304
hour-014200,14200,2010-08-18 10:00:00,1.496393854142438,4.13834737424049,1.2323020022291147,0.182321556378951
hour-014300,14300,2010-08-22 14:00:00,1.281460707308947,6.1887794369504805,0.9646151056184095,3.713082528672909
hour-014400,14400,2010-08-26 18:00:00,1.542637958817981,3.031974656897418,2.3605443795452534,0.0
hour-014500,14500,2010-08-30 22:00:00,1.0635738798146617,5.119025911141188,1.6176234302957648,0.11778303546313361
hour-014600,14600,2010-09-04 02:00:00,0.007051534563590027,2.316284172594186,0.8630016192081931,2.5541686123033998
hour-014700,14700,2010-09-08 06:00:00,2.8428451749528457e-05,0.1898438415202455,0.5858137923701703,0.1397619422830447
hour-014800,14800,2010-09-12 10:00:00,1.271796405905743,12.4375166306171,6.905690528338155,2.886359836348801
hour-014900,14900,2010-09-16 14:00:00,0.0,6.803565482748703,1.6774778693555166,0.0
hour-015000,15000,2010-09-20 18:00:00,0.0,18.430393021244782,3.9166120357264154,0.0
hour-015100,15100,2010-09-24 22:00:00,0.0,8.186109239404566,0.15148787267895877,0.0
hour-015200,15200,2010-09-29 02:00:00,0.0,4.852384992487904,1.502219031879336,0.0
hour-015300,15300,2010-10-03 06:00:00,0.0,3.5917079197435378,2.0809977126152504,0.0
hour-015400,15400,2010-10-07 10:00:00,0.17185025671157547,7.871212506808587,2.0228371226688258,0.0
hour-015500,15500,2010-10-11 14:00:00,0.1014753230823743,2.671944683425147,1.7554036973695921,0.0
hour-015600,15600,2010-10-15 18:00:00,0.8897430255956368,2.951200919230294,2.2649817462100037,0.0
hour-015700,15700,2010-10-19 22:00:00,0.0,4.068690875563433,4.088935089484737,0.0
hour-015800,15800,2010-10-24 02:00:00,0.06062462198302504,7.871212506808587,0.2190644570997676,0.0
hour-015900,15900,2010-10-28 06:00:00,0.04326897445433443,2.5849968233772405,0.1622084611929701,0.21511137923461604
hour-016000,16000,2010-11-01 10:00:00,1.6732062210239902,1.9779145871253676,1.4735704565504155,4.420381619980278
hour-016100,16100,2010-11-05 14:00:00,0.0,2.4193684666448405,0.9452807699988566,0.0
hour-016200,16200,2010-11-09 18:00:00,0.10008345857952879,4.768755213324764,1.715242911595559,0.1941560140209115
hour-016300,16300,2010-11-13 22:00:00,0.534783009180151,0.09176657271109699,1.3840640539475781,3.9984571289854056
hour-016400,16400,2010-11-18 02:00:00,0.05934950350690442,3.2463205930546453,1.3061787931992979,0.0
hour-016500,16500,2010-11-22 06:00:00,0.0752930245791606,1.3759422604372593,0.7017355760104939,0.051293294273987586
hour-016600,16600,2010-11-26 10:00:00,0.9093772530167048,0.7259962582001797,1.1896222077798595,1.1406740523678756
hour-016700,16700,2010-11-30 14:00:00,0.3440954608292816,0.7702715949046446,0.30520462719814534,0.05635293643114185
hour-016800,16800,2010-12-04 18:00:00,0.7837620540222499,0.7686776091468707,0.6380641951644888,1.166556923744479
hour-016900,16900,2010-12-08 22:00:00,0.9138623162092729,0.09634735632814914,0.7613634511454426,0.0
hour-017000,17000,2010-12-13 02:00:00,0.08283329562943431,0.6471251143210563,0.44324187813722665,0.14953173386275337
hour-017100,17100,2010-12-17 06:00:00,1.8560132233703928,0.012112327639390236,1.064385559486123,3.3000571868970665
hour-017200,17200,2010-12-21 10:00:00,0.28828539785938134,0.04872895125187758,0.2562697442463852,0.10536051553449612
hour-017300,17300,2010-12-25 14:00:00,0.6393493485981331,1.0110988832295182,0.4794153515140491,0.887905073816388
hour-017400,17400,2010-12-29 18:00:00,0.3008299922728318,0.8700717044287609,0.42828961923345044,0.694754407861924
hour-017500,17500,2011-01-02 22:00:00,0.9016740980010997,1.6137416880945026,0.3281201253224845,0.1820419790091291
hour-017600,17600,2011-01-07 02:00:00,0.038214178486726126,1.1278282803508362,0.48328230841403486,0.6377063914396002
hour-017700,17700,2011-01-11 06:00:00,0.5231135099962968,0.6327303958034665,0.4109562076969229,0.05781414915134662
hour-017800,17800,2011-01-15 10:00:00,0.38505593957215445,1.600722279401281,0.3037471173312015,1.339649456339091
hour-017900,17900,2011-01-19 14:00:00,0.013240387740158304,0.37349822017464923,0.16932997179858278,0.03670136677266973
hour-018000,18000,2011-01-23 18:00:00,0.4769448390648382,0.8594239867320532,0.5418516531421904,0.8144849296000122
hour-018100,18100,2011-01-27 22:00:00,0.29664902389821635,0.8249148902973565,0.5447121365037316,0.8319583264689067
hour-018200,18200,2011-02-01 02:00:00,0.3098692367622113,0.3188406301489629,0.5290492168425046,5.834943803095471
hour-018300,18300,2011-02-05 06:00:00,0.3328659059820787,0.7854234246473867,0.3738250369773359,0.4928054935115376
hour-018400,18400,2011-02-09 10:00:00,0.22827004018466243,0.5109499175175896,0.29583383117211354,0.168909066994766
hour-018500,18500,2011-02-13 14:00:00,0.23464229819623994,0.665913253007498,0.4595201350029232,0.1799822342038302
hour-018600,18600,2011-02-17 18:00:00,0.6614263550923805,0.7029543003266147,0.5900486362956171,0.3578428890738203
hour-018700,18700,2011-02-21 22:00:00,0.3698510663650173,0.4569464139334146,0.685593127740244,0.846932708802562
hour-018800,18800,2011-02-26 02:00:00,0.48809375771124824,0.6567325159022297,0.7541718177858239,2.7709072648094235
hour-018900,18900,2011-03-02 06:00:00,0.17944938603763502,0.8944340003873787,0.457293641614266,0.48153902993861186
hour-019000,19000,2011-03-06 10:00:00,0.8764044430979827,0.45516850785450813,0.33951694779120445,0.9389072804446976
hour-019100,19100,2011-03-10 14:00:00,0.2763781446678209,1.6390236481423535,0.8626418475729177,1.2834742704951259
hour-019200,19200,2011-03-14 18:00:00,0.36540351997450154,1.2022051373101617,9.733978098318394,9.702018656520991
hour-019300,19300,2011-03-18 22:00:00,0.4583926052095055,0.057479643245170055,0.35020939254022254,0.05762911275170339
hour-019400,19400,2011-03-23 02:00:00,0.32175452946350874,0.9420074463048612,0.2471023895429135,0.21823981230646186
hour-019500,19500,2011-03-27 06:00:00,0.3275708065131302,1.145625399053662,0.6081251462093564,0.5049683633535286
hour-019600,19600,2011-03-31 10:00:00,0.18085265710042708,0.5092776882338568,0.18224313882590212,0.35437826303074355
hour-019700,19700,2011-04-04 14:00:00,0.31675006143125606,0.22604712501266466,0.3273580819252028,0.4908535454233785
hour-019800,19800,2011-04-08 18:00:00,0.23834210423613467,1.5109545144106244,0.47587839356194217,0.9885478172627926
hour-019900,19900,2011-04-12 22:00:00,0.5324696074436794,0.5349334489499257,0.35740014732544484,0.15510347640532623
hour-020000,20000,2011-04-17 02:00:00,0.12959999212789133,1.2576064233608903,0.6824332165762502,0.4237266785698798
hour-020100,20100,2011-04-21 06:00:00,0.15974762550332938,0.43385155188811525,0.23865290469077394,0.5068641291792982
hour-020200,20200,2011-04-25 10:00:00,0.0750819892860225,0.5949932780259225,0.3262954764149585,0.12325470268794289
hour-020300,20300,2011-04-29 14:00:00,0.2922183706824488,0.4493070242519245,0.1934202334104949,0.11112302943946979
hour-020400,20400,2011-05-03 18:00:00,0.1323704707990645,0.34367319545971314,0.32684823974255717,0.19632523746085387
hour-020500,20500,2011-05-07 22:00:00,0.1343445919993345,0.29029891239892086,0.1520886754179375,0.07863084098692205
hour-020600,20600,2011-05-12 02:00:00,0.16100588487181802,0.36067277787925417,0.24461343631240823,0.20009425449681334
hour-020700,20700,2011-05-16 06:00:00,0.08441422403061949,0.22113272414364524,0.17207344732906668,0.09096864168842879
hour-020800,20800,2011-05-20 10:00:00,0.19112005887546582,0.1678127134499001,0.20753058364279975,0.23659572904698575
hour-020900,20900,2011-05-24 14:00:00,0.12964184199477302,0.49900132491296256,0.18315557317027334,0.48873686524550186
hour-021000,21000,2011-05-28 18:00:00,0.3580997077745401,0.3564479909621995,0.3134498169804899,0.2457043887624191
hour-021100,21100,2011-06-01 22:00:00,0.26764392040995294,0.3276119801136921,0.2650692213072766,0.1038762121362541
hour-021200,21200,2011-06-06 02:00:00,0.11057032122179672,0.12925653975751278,0.15594577147078215,0.3027375410080463
hour-021300,21300,2011-06-10 06:00:00,0.1568369595548666,0.45094254254066335,0.1298983262202951,0.15312257089530348
hour-021400,21400,2011-06-14 10:00:00,0.20422830065165615,0.4571594657246174,0.2104895819530582,0.09665423698344419
hour-021500,21500,2011-06-18 14:00:00,0.10539356244060642,0.43843111644850397,0.2160835753505305,0.239609450886506
hour-021600,21600,2011-06-22 18:00:00,0.2730429835284264,0.4694711942032975,0.23436977006952311,0.1646940200353422
hour-021700,21700,2011-06-26 22:00:00,0.08036376598684856,0.29128815486746984,0.15130551207024365,0.07683729276217785
hour-021800,21800,2011-07-01 02:00:00,0.07459748944779648,0.3771264898322577,0.1708425280726977,0.0302021269554006
hour-021900,21900,2011-07-05 06:00:00,0.08631604852685118,1.0146834549239865,0.19311164207826867,0.24856661154585813
hour-022000,22000,2011-07-09 10:00:00,0.06449743031898794,0.4904033667116783,0.2670677394221031,0.19864558162272955
hour-022100,22100,2011-07-13 14:00:00,0.12757160425718622,0.26114915302884134,0.1747396642262159,0.09578560916678903
hour-022200,22200,2011-07-17 18:00:00,0.3292792713377454,0.10352087795384685,0.31515643273500255,0.25045878375754327
hour-022300,22300,2011-07-21 22:00:00,0.07904846526206516,0.6841367799957466,0.2256415686542848,0.11792629374879152
hour-022400,22400,2011-07-26 02:00:00,0.20799587413397966,0.35816949442475093,0.39487346268578327,0.26771587092352833
hour-022500,22500,2011-07-30 06:00:00,0.1102662921283451,0.4503164137806924,0.24263083033645613,0.14280921004823496
hour-022600,22600,2011-08-03 10:00:00,0.2165288865296079,0.7419615854118822,0.2871328516815298,0.0870795698378792
hour-022700,22700,2011-08-07 14:00:00,0.10983937510762011,0.6044730713945909,0.17226901382222598,0.18568598600025193
hour-022800,22800,2011-08-11 18:00:00,0.3498527273547725,0.5533669411018696,0.33721498452774723,0.48922684146969386
hour-022900,22900,2011-08-15 22:00:00,0.16054474316169148,0.31232508752356136,0.42698272462574927,0.26957305645151575
hour-023000,23000,2011-08-20 02:00:00,0.136781744286497,0.32515939217519524,0.4352139598149472,0.1414387141714542
hour-023100,23100,2011-08-24 06:00:00,0.16057966007478336,0.5650177209216307,0.20622616371495944,0.16206336162460214
hour-023200,23200,2011-08-28 10:00:00,0.18022880761723725,0.6733595465085709,0.2532379798695208,0.32484212505911686
hour-023300,23300,2011-09-01 14:00:00,0.15335055290080007,0.8209981994845503,0.21709758228434511,0.12861759151779434
hour-023400,23400,2011-09-05 18:00:00,0.4893503032064914,0.32306162427307306,0.7433159010362765,0.5314883414100505
hour-023500,23500,2011-09-09 22:00:00,0.3586121356929309,0.06214597763363651,0.22464702275861204,0.19283731591587083
hour-023600,23600,2011-09-14 02:00:00,0.19432426245856257,0.7091182193951427,0.29092186833190076,0.31697710732930884
hour-023700,23700,2011-09-18 06:00:00,0.31869105741028503,0.744406516674508,0.2409207813479333,0.05904547757406505
hour-023800,23800,2011-09-22 10:00:00,0.27876460044650275,0.9460483769603046,0.7025797978742311,0.4293543994340764
hour-023900,23900,2011-09-26 14:00:00,0.21493269596890557,0.4047198416042729,0.33778613905352173,0.30402422303503684
hour-024000,24000,2011-09-30 18:00:00,0.31971584094773364,0.4762689113057176,0.3784325781157254,0.259023337600465
hour-024100,24100,2011-10-04 22:00:00,0.30541850848506347,0.3995906747578103,0.2923656091668868,0.2588436014420943
hour-024200,24200,2011-10-09 02:00:00,0.2469389910387249,0.25794731663404463,0.2984498039445062,0.25550773303283447
hour-024300,24300,2011-10-13 06:00:00,0.20224810626905879,1.207152107594616,0.5440150956787654,0.3543206200913541
hour-024400,24400,2011-10-17 10:00:00,0.1774559622731679,0.6629458828750059,0.388395279896699,0.22497439978154987
hour-024500,24500,2011-10-21 14:00:00,0.27388309009532325,1.0746786345033554,0.4005548371372421,0.07498604121218919
hour-024600,24600,2011-10-25 18:00:00,0.3747729883725428,0.6677768528804835,0.33300783695555247,0.11817181280205952
hour-024700,24700,2011-10-29 22:00:00,0.35395338678171356,0.8968410206350333,0.5212956258352547,0.3839031523781271
hour-024800,24800,2011-11-03 02:00:00,0.192679047833874,1.9589232035809712,0.3501279112032483,0.23152273418792682
hour-024900,24900,2011-11-07 06:00:00,1.2529980305378845,1.416769780347395,0.5979366061226419,3.8972812275724613
hour-025000,25000,2011-11-11 10:00:00,0.12902101852088002,2.3515909480217942,0.12764220635098655,0.1403573572916519
hour-025100,25100,2011-11-15 14:00:00,0.3478221897833328,1.3046017212706116,0.49269653969882127,0.39234890800612376
hour-025200,25200,2011-11-19 18:00:00,0.2290588243789964,1.2310898283904086,0.5461825692910542,0.7114322092119412
hour-025300,25300,2011-11-23 22:00:00,0.2514595002431576,0.8663691191364139,0.4452761920968851,0.1484629041203894
hour-025400,25400,2011-11-28 02:00:00,0.2513877878038947,0.7619826563715046,0.31688195533149294,0.27179594521721084
hour-025500,25500,2011-12-02 06:00:00,0.6111832570057452,1.0401185240696202,0.5831781298398635,0.7160317023046385
hour-025600,25600,2011-12-06 10:00:00,0.3153530734123926,1.0460283725141752,0.5051676482665977,0.19370510009351297
hour-025700,25700,2011-12-10 14:00:00,0.37795164289591865,1.228400647739332,0.5088283214847089,0.09594943898861781
hour-025800,25800,2011-12-14 18:00:00,0.26777895446504246,0.719059228668876,0.34581857063482935,0.23306764035079242
hour-025900,25900,2011-12-18 22:00:00,0.5599673068840274,1.085232937081151,0.6344869409228079,0.3545663397019476
hour-026000,26000,2011-12-23 02:00:00,0.4401179673552817,0.5292193331564513,0.44535626553396523,0.7501105957711384
hour-026100,26100,2011-12-27 06:00:00,0.21737702039760343,0.8555767684890868,0.27599678759868124,0.13760437655044944
hour-026200,26200,2011-12-31 10:00:00,0.308071200948553,0.9550964454724449,0.26619079509968957,0.2042939781657218
hour-026300,26300,2012-01-04 14:00:00,0.3797083135032485,1.1993559758290229,0.5102996787756009,0.9575565017175047
hour-026400,26400,2012-01-08 18:00:00,0.3127678436731124,0.5158896373694134,0.3842092185058222,0.09933456491480074
hour-026500,26500,2012-01-12 22:00:00,0.23060646847311012,1.0765739346196694,0.23614415926167523,0.36817338620200896
hour-026600,26600,2012-01-17 02:00:00,0.48853172176009757,0.7521554029836657,0.44605701080349414,0.09763069552498059
hour-026700,26700,2012-01-21 06:00:00,0.25683858101210555,0.5812071536090586,0.5345776107434443,0.11121129309776484
hour-026800,26800,2012-01-25 10:00:00,0.16705684970004492,2.0496187973337783,0.3237647012418821,0.22388176852523398
hour-026900,26900,2012-01-29 14:00:00,0.28549407127845255,1.3253166797954175,0.31253201890904225,0.10894141030356451
hour-027000,27000,2012-02-02 18:00:00,0.22129899031144923,0.5393368832065483,0.3799047503393611,0.33335576450824006
hour-027100,27100,2012-02-06 22:00:00,0.2625595251804051,0.6991481270155958,0.4887371404727248,0.4288891633726766
hour-027200,27200,2012-02-11 02:00:00,0.282177232954068,1.6062195533892392,0.6093169259632889,0.2793622812761473
hour-027300,27300,2012-02-15 06:00:00,0.28193615008495976,0.597572575513883,0.4332801246345786,0.2928868794484502
hour-027400,27400,2012-02-19 10:00:00,0.46222563193885147,0.315936676452356,0.3553351941502415,0.13678609880198958
hour-027500,27500,2012-02-23 14:00:00,0.20527108383518722,0.951840299563242,0.5081276019520191,0.10804459999775114
hour-027600,27600,2012-02-27 18:00:00,0.34339080526676435,0.49900670674292114,0.3650223334755891,0.10588784173624013
hour-027700,27700,2012-03-02 22:00:00,0.16141360224043322,1.6449568898815554,0.3941441592676498,0.1814524362794324
hour-027800,27800,2012-03-07 02:00:00,0.3682057929329498,0.5402193634928621,0.35078653514229374,0.4363448066509377
hour-027900,27900,2012-03-11 06:00:00,0.289641347459805,0.8758194286815395,0.3535649097832693,0.15766112458132348
hour-028000,28000,2012-03-15 10:00:00,0.20740243977801173,0.895888546008768,0.3821870589129296,0.31244623944153926
hour-028100,28100,2012-03-19 14:00:00,0.11108893404715271,0.6883588260862388,0.15709417048665913,0.17454618451762935
hour-028200,28200,2012-03-23 18:00:00,0.28232510974124914,0.6103882720631132,0.22294813256992743,0.43307588282537574
hour-028300,28300,2012-03-27 22:00:00,0.3670948980956692,0.8017320648189721,0.57748899759219,0.31062149234062375
hour-028400,28400,2012-04-01 02:00:00,0.353518917240405,0.9832368331258516,0.47970997560525674,0.49391003380173115
hour-028500,28500,2012-04-05 06:00:00,0.21761130190250552,1.2356229079149361,0.3730768893310497,0.15959462481797243
hour-028600,28600,2012-04-09 10:00:00,0.2142639709988133,0.7392907022607532,0.3830839934821349,0.14403901833662314
hour-028700,28700,2012-04-13 14:00:00,0.33019258098399623,0.9249370624248687,0.3919773888026014,0.5605982075427183
hour-028800,28800,2012-04-17 18:00:00,0.4878492625943522,0.8537613539753857,0.2887831610888845,0.3111020645596625
hour-028900,28900,2012-04-21 22:00:00,0.36934452375437715,0.8930922850723618,0.3034156566767211,0.4750799757757072
hour-029000,29000,2012-04-26 02:00:00,0.2304143625028619,1.6248534863284225,0.44840042858193563,0.9832691008037756
hour-029100,29100,2012-04-30 06:00:00,0.08477431317620551,0.7641666900185733,0.3039828532131612,0.4359229235803716
hour-029200,29200,2012-05-04 10:00:00,0.36915202311473283,0.5849305913746694,0.47022767893601114,0.22777310025363937
hour-029300,29300,2012-05-08 14:00:00,0.1763306640001982,0.8447998057902035,0.5255513768329854,0.7125772868303882
hour-029400,29400,2012-05-12 18:00:00,0.39387079601683217,0.9134976736768097,0.6153031491762855,0.6029469464269523
hour-029500,29500,2012-05-16 22:00:00,0.3000972715246899,0.6549173595040205,0.38160250210027924,0.38903892882403224
hour-029600,29600,2012-05-21 02:00:00,0.3193514163177724,0.46764153927959995,0.3464296934688483,0.5215673806106489
hour-029700,29700,2012-05-25 06:00:00,0.208687798159981,0.7899085210718881,0.32359409201270006,0.18177246958213772
hour-029800,29800,2012-05-29 10:00:00,0.30193088495003845,0.6184637274314411,0.36462616921833507,0.3778778410470107
hour-029900,29900,2012-06-02 14:00:00,0.126380446531883,0.6585709114645165,0.3298621186568169,0.41774693973540666
hour-030000,30000,2012-06-06 18:00:00,0.3309510579075049,0.8890098473370981,0.5146294599924015,0.9866423028984644
hour-030100,30100,2012-06-10 22:00:00,0.23024958321583738,0.37879257706438785,0.34636746420439113,1.1115196704912091
hour-030200,30200,2012-06-15 02:00:00,0.1613691049989238,0.25214298772075067,0.28241596670592534,0.1530426753145172
hour-030300,30300,2012-06-19 06:00:00,0.23362300746071143,0.5815175010981625,0.3261103311941952,1.045461814945309
hour-030400,30400,2012-06-23 10:00:00,0.21158836847974385,0.6548994588638971,0.44975251593948956,0.2932673019902572
hour-030500,30500,2012-06-27 14:00:00,0.2846774439771652,0.6092359386658318,0.3220071167211917,0.2814697675686616
hour-030600,30600,2012-07-01 18:00:00,0.2727140372762932,0.359108959003092,0.1738842127137234,0.16980007595807972
hour-030700,30700,2012-07-05 22:00:00,0.36373182405278526,0.3636288955857276,0.3782899546532732,0.3146588120396195
hour-030800,30800,2012-07-10 02:00:00,0.19937767779327942,0.5220876376946777,0.32467376316917346,0.17473437755031865
hour-030900,30900,2012-07-14 06:00:00,0.3026232156970494,0.3669612494179531,0.42667332364432664,0.8870993067618508
hour-031000,31000,2012-07-18 10:00:00,0.181419388638035,0.4150439756237581,0.2559141025740435,0.11763628684975418
hour-031100,31100,2012-07-22 14:00:00,0.27100130121181915,0.3065646335102607,0.34300215925612154,0.15522680386081025
hour-031200,31200,2012-07-26 18:00:00,0.2437162002105377,0.2527950116595936,0.2630317399871231,0.23263051924121433
hour-031300,31300,2012-07-30 22:00:00,0.21232839839792467,0.31187708509707973,0.28910919638394295,0.3082548162908333
hour-031400,31400,2012-08-04 02:00:00,0.06806231803581396,0.6495431246246753,0.3223092876502487,0.2905909294934861
hour-031500,31500,2012-08-08 06:00:00,0.13247253330487435,0.2484562194457379,0.3099792200855879,0.3755217658481232
hour-031600,31600,2012-08-12 10:00:00,0.5761108451776513,0.9156991476463405,0.4359089962098289,0.6200506814982835
hour-031700,31700,2012-08-16 14:00:00,0.20450754434355006,0.5760934389247603,0.32420653426653856,0.22745805329337646
hour-031800,31800,2012-08-20 18:00:00,0.30341919866586226,0.5751869809716936,0.4334033219095595,0.5242398324631117
hour-031900,31900,2012-08-24 22:00:00,0.16712131019626728,0.5616911583518408,0.2314596132921763,0.18181353613757661
hour-032000,32000,2012-08-29 02:00:00,0.4638409340224764,0.8018839772097671,0.25479730461212446,0.13298185906661403
hour-032100,32100,2012-09-02 06:00:00,0.20404378889863817,0.6877002781606514,0.2491141508131489,0.19079630052008578
hour-032200,32200,2012-09-06 10:00:00,0.2104696006440858,0.6452379185169992,0.19935160904320573,0.31848822719289577
hour-032300,32300,2012-09-10 14:00:00,0.2659747261612873,0.9745878769729982,0.36610110883055935,0.32927702092171884
hour-032400,32400,2012-09-14 18:00:00,0.3965429209526048,0.8348951500682491,0.834248697842864,0.6201105613826338
hour-032500,32500,2012-09-18 22:00:00,0.17638928237426832,0.8302639654921387,0.3763669797564435,0.19382292512132848
hour-032600,32600,2012-09-23 02:00:00,0.26156074271599,0.4756392383582545,0.34755461035215857,0.49127310665011154
hour-032700,32700,2012-09-27 06:00:00,0.14435699757260975,0.6235939456806259,0.19094963179567406,0.07337550013125313
hour-032800,32800,2012-10-01 10:00:00,0.14552864220422454,0.7465466335366853,0.2920376296979751,0.269084600263874
hour-032900,32900,2012-10-05 14:00:00,0.3110159182832795,0.5772216045239372,0.3527321443499967,0.35916551045673395
hour-033000,33000,2012-10-09 18:00:00,0.26153976407470303,0.9419855408813977,0.5477155277365539,0.4888456473208885
hour-033100,33100,2012-10-13 22:00:00,0.41870904264215314,1.4550615364436292,0.5243375220925793,0.10636942611972905
hour-033200,33200,2012-10-18 02:00:00,0.4757138633220733,0.8347629488328996,0.6189183351300059,0.457410737071173
hour-033300,33300,2012-10-22 06:00:00,0.28760418726311804,1.0193814709690698,0.6034791750048392,0.6101790738706444
hour-033400,33400,2012-10-26 10:00:00,0.0841212741581661,0.3821024569608376,0.4508915457420458,0.8338168956466202
hour-033500,33500,2012-10-30 14:00:00,0.2614700266213343,0.7173505822140634,0.48115160453254746,0.8206910101935935
hour-033600,33600,2012-11-03 18:00:00,0.19619980247692861,0.9477066146401889,0.35828905610816036,0.1473575744731751
hour-033700,33700,2012-11-07 22:00:00,0.22478522555737548,0.8139520032237643,0.2894291003039098,0.3008292486817071
hour-033800,33800,2012-11-12 02:00:00,0.2511507076691343,0.23098727210869274,0.2720906955303478,0.3576226295372647
hour-033900,33900,2012-11-16 06:00:00,0.13523609627726385,0.19129042387903647,0.5789509411730501,0.4823976184646424
hour-034000,34000,2012-11-20 10:00:00,0.29891911975366486,0.4254685607714994,0.24864927476022125,0.19951549248283715
hour-034100,34100,2012-11-24 14:00:00,0.5430128440462607,0.9688935358580227,0.7186314085434542,0.9174620339704651
hour-034200,34200,2012-11-28 18:00:00,0.8282576119087357,0.27124626252152767,1.003368368337916,4.697190380648535
hour-034300,34300,2012-12-02 22:00:00,0.24042122862674553,0.6514292658918145,0.3717423874914276,0.5195387610752215
hour-034400,34400,2012-12-07 02:00:00,0.13444147582924776,0.2758820187548765,0.1285583246612593,0.03994501174894563
hour-034500,34500,2012-12-11 06:00:00,0.10123137611733854,0.45740325546402494,0.11326043516172712,0.1980212280967031
hour-034600,34600,2012-12-15 10:00:00,0.17190498076041927,0.5604249167843203,0.3047282412108074,0.1648069374880329
hour-034700,34700,2012-12-19 14:00:00,0.2574563697652823,0.8959547576406098,0.3388868394426773,0.44248731465487773
hour-034800,34800,2012-12-23 18:00:00,0.2819873402010218,0.38122914248710377,0.25199967776590865,0.1914377771202857
hour-034900,34900,2012-12-27 22:00:00,0.22005167857834926,0.4805015914893603,0.22910026269131917,0.39697494403055145
hour-035000,35000,2013-01-01 02:00:00,0.21703079424111582,0.5121765962555423,0.28004168064305857,0.31429092798920544
hour-035100,35100,2013-01-05 06:00:00,0.23090550165297077,0.5497933546761407,0.17756848452841062,0.45137889579047136
hour-035200,35200,2013-01-09 10:00:00,0.1885503407644283,0.5229387476071675,0.3148049918477881,0.6778105247231725
hour-035300,35300,2013-01-13 14:00:00,0.24095757717836172,0.44947007272223466,0.16864392345512944,0.2659492118146102
hour-035400,35400,2013-01-17 18:00:00,0.2104491088951544,0.27265746244496397,0.305033909807983,0.09213887217557075
hour-035500,35500,2013-01-21 22:00:00,0.17824788787978868,0.2324499178434526,0.18616420670436173,0.2112440753963389
hour-035600,35600,2013-01-26 02:00:00,0.18838590812136802,0.4421286539811668,0.26389861639827356,0.27927965756085704
hour-035700,35700,2013-01-30 06:00:00,0.3366346220908949,0.8762491818571598,0.591725782363334,0.7215564550357211
hour-035800,35800,2013-02-03 10:00:00,0.25112504436397104,0.18044359175785907,0.4746711319321407,0.38770637893069393
hour-035900,35900,2013-02-07 14:00:00,0.1087856404282293,0.28831644133474144,0.12708899191926196,0.1791700105566004
hour-036000,36000,2013-02-11 18:00:00,0.16684685903694033,0.8837101278576832,0.2786789356960098,0.16839638658343245
hour-036100,36100,2013-02-15 22:00:00,0.0972356734750197,0.26047981553868926,0.249734861837738,0.22301967571929446
hour-036200,36200,2013-02-20 02:00:00,0.047770705909669385,0.33028439108068447,0.2884421138139092,0.39245138423535525
hour-036300,36300,2013-02-24 06:00:00,0.16981290961654766,0.1983279605250957,0.10404923990704251,0.1392172849651893
hour-036400,36400,2013-02-28 10:00:00,0.2956946080688068,0.5908338660445475,0.30667342235620487,0.17126221729245317
hour-036500,36500,2013-03-04 14:00:00,0.05677689517716263,0.3916981858835296,0.15680915160342696,0.1133520778590056
hour-036600,36600,2013-03-08 18:00:00,0.07987715994546188,0.12998096729745862,0.14818367048051892,0.06692324063866734
hour-036700,36700,2013-03-12 22:00:00,0.09601658353263032,0.3652758038168774,0.11518565734142687,0.08053521664828199
hour-036800,36800,2013-03-17 02:00:00,0.07778633348070497,0.41825355432306455,0.15199957197362982,0.10184903875837709
hour-036900,36900,2013-03-21 06:00:00,0.06031982822284441,0.46228976707475045,0.1893866174369352,0.23302111281122556
hour-037000,37000,2013-03-25 10:00:00,0.09129017764786361,0.2327071330340239,0.09112780084207366,0.11464290308425404
hour-037100,37100,2013-03-29 14:00:00,0.16963265711147893,0.44221823368008384,0.15029587887434862,0.06003868469024414
hour-037200,37200,2013-04-02 18:00:00,0.12288585344258829,0.3664761993089639,0.11703420168987327,0.06697511331671364
hour-037300,37300,2013-04-06 22:00:00,0.16772555385956145,0.3852921275719164,0.29873491590349915,0.3262485852930688
hour-037400,37400,2013-04-11 02:00:00,0.06038819567460521,0.6426274067315552,0.17708541784145834,0.06814770423249857
hour-037500,37500,2013-04-15 06:00:00,0.10553673141657191,0.5076774163077467,0.15669125799725137,0.12291570501153792
hour-037600,37600,2013-04-19 10:00:00,0.08099922764987913,0.5448211863087982,0.25049171464847303,0.15824007665701623
hour-037700,37700,2013-04-23 14:00:00,0.09192240350687064,0.4428413397275111,0.12492731589714735,0.0748078754053453
hour-037800,37800,2013-04-27 18:00:00,0.13147558402663118,0.4265980513763551,0.21976411321091133,0.11207284143411214
hour-037900,37900,2013-05-01 22:00:00,0.08369455256864496,0.4607440654717204,0.1508803514057029,0.11341053004758023
hour-038000,38000,2013-05-06 02:00:00,0.11718119395247165,0.27139777616804583,0.13593453969318348,0.07088471237546007
hour-038100,38100,2013-05-10 06:00:00,0.12666991660194687,0.3726847526003338,0.15710494359406982,0.18281306148794746
hour-038200,38200,2013-05-14 10:00:00,0.046786934016890824,0.2987770723286841,0.1551038022914017,0.07949020086607085
hour-038300,38300,2013-05-18 14:00:00,0.21970378808486488,0.485852376356851,0.2674700807482597,0.17745182563833847
hour-038400,38400,2013-05-22 18:00:00,0.2155312311171905,0.3610143371934069,0.2579331450544851,0.23924738470267173
hour-038500,38500,2013-05-26 22:00:00,0.17343581096294386,0.28254361980492376,0.14837267368151721,0.08527847325541324
hour-038600,38600,2013-05-31 02:00:00,0.16648307796073358,0.44544846930935805,0.1925528959468088,0.22559291420102057
hour-038700,38700,2013-06-04 06:00:00,0.11261029023054683,0.282931681625868,0.14975741970093578,0.20748708648041236
hour-038800,38800,2013-06-08 10:00:00,0.18942874908365492,0.2676809138740204,0.21832884518250378,0.4644974151338482
hour-038900,38900,2013-06-12 14:00:00,0.19940497793801837,0.255062588619945,0.16218392506918905,0.026520484375094553
hour-039000,39000,2013-06-16 18:00:00,0.1133957143011123,0.3325161655941141,0.19947341002310426,0.035243670194140125
hour-039100,39100,2013-06-20 22:00:00,0.14144680788081326,0.3155557113000076,0.20228222816222732,0.19312934170596938
hour-039200,39200,2013-06-25 02:00:00,0.086049257216503,0.40945506269832554,0.30912133880176657,0.16110535353149702
hour-039300,39300,2013-06-29 06:00:00,0.17480501672308354,0.26332170166910246,0.22997605020049966,0.09941732192125403
hour-039400,39400,2013-07-03 10:00:00,0.09208184146022538,0.23266856408578673,0.19485274727936472,0.12295839351990048
hour-039500,39500,2013-07-07 14:00:00,0.1093783562154752,0.31697626829612224,0.1421852850484788,0.12590144291955196
hour-039600,39600,2013-07-11 18:00:00,0.3487667737927401,0.9851565583721669,0.5709573684704375,0.80197826272108
hour-039700,39700,2013-07-15 22:00:00,0.07137665051074117,0.255959521198222,0.22257930523636676,0.19390641415946078
hour-039800,39800,2013-07-20 02:00:00,0.12000109926294701,0.41133841756011263,0.3117796142441716,0.44018237301231894
hour-039900,39900,2013-07-24 06:00:00,0.14154283374581034,0.16032237734650012,0.3308527843164758,0.5937351416288696
hour-040000,40000,2013-07-28 10:00:00,0.10068653045811449,0.23031563615376607,0.0832727750104487,0.04770838236865332
hour-040100,40100,2013-08-01 14:00:00,0.13159277311788387,0.46624974897224236,0.16675606768575807,0.07125693578878108
hour-040200,40200,2013-08-05 18:00:00,0.12920490014253935,0.1815303082923643,0.12037912727853353,0.1776952270961057
hour-040300,40300,2013-08-09 22:00:00,0.10161654802643133,0.15268745520758442,0.19343823205340893,0.03392610768298571
hour-040400,40400,2013-08-14 02:00:00,0.11707412952382935,0.43245579887517915,0.1676790216896205,0.04960619869284491
hour-040500,40500,2013-08-18 06:00:00,0.15349833442568298,0.32281222557233014,0.11182014368847028,0.0770264406554175
hour-040600,40600,2013-08-22 10:00:00,0.11224551444585412,0.2475470968053669,0.14918053299727696,0.09691851374911702
hour-040700,40700,2013-08-26 14:00:00,0.09751691052525092,0.36408522119216663,0.14646897301557357,0.07550375723678417
hour-040800,40800,2013-08-30 18:00:00,0.1253163869713621,0.32018225721770815,0.19384658114953418,0.14357504012212874
hour-040900,40900,2013-09-03 22:00:00,0.17179272633914752,0.41167424877255393,0.1885237247762166,0.09801600533510305
hour-041000,41000,2013-09-08 02:00:00,0.06543133656229408,0.40332698708963877,0.17769859033209903,0.05359277621668816
hour-041100,41100,2013-09-12 06:00:00,0.08119037427154957,0.25109385051962974,0.08609547110113745,0.09999089187503477
hour-041200,41200,2013-09-16 10:00:00,0.1232998122253527,0.17719038973703702,0.07093047670052818,0.07246355896896818
hour-041300,41300,2013-09-20 14:00:00,0.11179034955366882,0.23917186770280605,0.08675328729636053,0.050509560107619846
hour-041400,41400,2013-09-24 18:00:00,0.11663402217870791,0.12232713349623651,0.18593643679205488,0.12861399814837002
hour-041500,41500,2013-09-28 22:00:00,0.05846032003473193,0.28407515922682125,0.13542453763688755,0.16162987581725968
hour-041600,41600,2013-10-03 02:00:00,0.07968746533438488,0.29023071271206424,0.086718164839455,0.05060743133649437
hour-041700,41700,2013-10-07 06:00:00,0.13235348082500412,0.23989624204535737,0.15254655956725097,0.2224206650195218
hour-041800,41800,2013-10-11 10:00:00,0.13359277079986107,0.32793292539572433,0.11017640496861363,0.08787836336817557
hour-041900,41900,2013-10-15 14:00:00,0.11358109566509554,0.1502752653005519,0.08697552711303728,0.017326436482032852
hour-042000,42000,2013-10-19 18:00:00,0.053608598887861805,0.10792032274924526,0.1282672595864983,0.09869802296038017
hour-042100,42100,2013-10-23 22:00:00,0.054673062663843024,0.213802243425358,0.17333795050086503,0.17738382891514187
hour-042200,42200,2013-10-28 02:00:00,0.05523210462459126,0.1115397784010173,0.0734157365031271,0.033097696085060566
hour-042300,42300,2013-11-01 06:00:00,0.05515361315847853,0.1932316765681907,0.10062023302276506,0.06685753750379372
hour-042400,42400,2013-11-05 10:00:00,0.04829335694247409,0.13676533661177456,0.07040217609616757,0.02428251474520087
hour-042500,42500,2013-11-09 14:00:00,0.075274226398707,0.18933382283764544,0.10899655679923852,0.07283536727165674
hour-042600,42600,2013-11-13 18:00:00,0.1027381854433422,0.17444967287399907,0.17680694213358386,0.0665061233216827
hour-042700,42700,2013-11-17 22:00:00,0.06902792940517792,0.1357337093929028,0.1101368767012851,0.07037619729438284
hour-042800,42800,2013-11-22 02:00:00,0.15579532505240196,0.22528550873115988,0.10673338294989791,0.09109190806664094
hour-042900,42900,2013-11-26 06:00:00,0.15216425639186293,0.0652198771935188,0.11936758402067435,0.12905006622605855
hour-043000,43000,2013-11-30 10:00:00,0.07051948160276833,0.4562994433599513,0.11403260960128099,0.09068460039623717
hour-043100,43100,2013-12-04 14:00:00,0.0641929445781768,0.08592695483481474,0.07470691395606717,0.060989681680227004
hour-043200,43200,2013-12-08 18:00:00,0.2075913322687239,0.24320613874692865,0.2932768510995624,0.24729768654951068
hour-043300,43300,2013-12-12 22:00:00,0.03704760735591138,0.16636219627161083,0.10180931585200702,0.08397149667588588
hour-043400,43400,2013-12-17 02:00:00,0.05237042846383866,0.4171425683039635,0.15701699735161664,0.05551957811833889
hour-043500,43500,2013-12-21 06:00:00,0.0960116646006472,0.2269000037454148,0.04192793153173775,0.07917089523835703
hour-043600,43600,2013-12-25 10:00:00,0.07839447804873571,0.1194076756644451,0.06309120353489896,0.0214230172710298
hour-043700,43700,2013-12-29 14:00:00,0.04072387446368812,0.05844136218653396,0.07206369162113728,0.07753287822099167
hour-043800,43800,2014-01-02 18:00:00,0.0979361230584171,0.29766726259117054,0.12238720218410228,0.2431035412949781
hour-043900,43900,2014-01-06 22:00:00,0.12243399640574258,0.1621388710860216,0.11520473297772493,0.03645335665677823
hour-044000,44000,2014-01-11 02:00:00,0.07210667998686013,0.20774362992114367,0.07860645163311403,0.06159704537312494
hour-044100,44100,2014-01-15 06:00:00,0.08884354086348932,0.2372306772883055,0.13339211114828245,0.1519914704922967
hour-044200,44200,2014-01-19 10:00:00,0.15046236526592252,0.1644883959782151,0.24176602748963646,0.1936197997162902
hour-044300,44300,2014-01-23 14:00:00,0.0438343148848201,0.12063661569557957,0.08338617537971074,0.039083556186361196
hour-044400,44400,2014-01-27 18:00:00,0.07050223499915635,0.2359009115476667,0.13380225475708465,0.05194942945918523
hour-044500,44500,2014-01-31 22:00:00,0.13041488775226046,0.3757423798084923,0.19808168392995898,0.22160225859307214
hour-044600,44600,2014-02-05 02:00:00,0.06421612675836878,0.3665815133630992,0.1432229634710885,0.04654913650353082
hour-044700,44700,2014-02-09 06:00:00,0.08700045117183243,0.9113435429208906,0.14134400321247462,0.04434542989160645
hour-044800,44800,2014-02-13 10:00:00,0.061012112891306834,0.2561977772519948,0.20355205143230493,0.11775462897382931
hour-044900,44900,2014-02-17 14:00:00,0.08895302054172644,0.09574494111838946,0.1424831522715629,0.12615341493036508
hour-045000,45000,2014-02-21 18:00:00,0.07893535722666246,0.23451659006719214,0.11103429180339087,0.15138471215689847
hour-045100,45100,2014-02-25 22:00:00,0.08599896348506623,0.16896978099834178,0.14008388627547452,0.057493881553716764
hour-045200,45200,2014-03-02 02:00:00,0.07413957722008678,0.2298741259131308,0.10530778459597162,0.056468096509792474
hour-045300,45300,2014-03-06 06:00:00,0.05386549947179247,0.1260310978565829,0.060940169126859046,0.07210036601742575
hour-045400,45400,2014-03-10 10:00:00,0.11695171687702173,0.26494464354740066,0.17802549598817627,0.4549865726440364
hour-045500,45500,2014-03-14 14:00:00,0.0918960033333395,0.26297652102714075,0.09424069179195578,0.10686089017683625
hour-045600,45600,2014-03-18 18:00:00,0.07348272657619703,0.1450567636333716,0.1538979508229951,0.08459501799863162
hour-045700,45700,2014-03-22 22:00:00,0.07870663573141601,0.22002575367697869,0.13265557539375045,0.07344034967871219
hour-045800,45800,2014-03-27 02:00:00,0.21169454077215535,0.29977832796743936,0.26805805771395014,0.38801732180524684
hour-045900,45900,2014-03-31 06:00:00,0.06801491547063057,0.1144659230102538,0.04434153101953483,0.07478139081326508
hour-046000,46000,2014-04-04 10:00:00,0.06501118307447229,0.11842578656947471,0.07648105456719169,0.03889485625454416
hour-046100,46100,2014-04-08 14:00:00,0.05619739698984947,0.3400671206261615,0.19086084058582947,0.3043258826095971
hour-046200,46200,2014-04-12 18:00:00,0.14005963120455373,0.13740437778342401,0.1410742598671446,0.0814705802534677
hour-046300,46300,2014-04-16 22:00:00,0.07019925980696537,0.30159409463078407,0.10016804339119803,0.050472252100187756
hour-046400,46400,2014-04-21 02:00:00,0.13778024521448404,0.654012460192018,0.21719268842407757,0.38417356872731534
hour-046500,46500,2014-04-25 06:00:00,0.0992575231520588,0.21436449960279952,0.09370043469972789,0.08709822324578924
hour-046600,46600,2014-04-29 10:00:00,0.05034773927448801,0.12770163153229055,0.07940967617946865,0.10010569825118926
hour-046700,46700,2014-05-03 14:00:00,0.0930516498229717,0.15532028690631183,0.05966511432930419,0.04210063983219533
hour-046800,46800,2014-05-07 18:00:00,0.12869176394780713,0.244550592620433,0.1700030057022187,0.08988453305351518
hour-046900,46900,2014-05-11 22:00:00,0.05392113437717238,0.24327968115245943,0.1128886550274796,0.15078044942246024
hour-047000,47000,2014-05-16 02:00:00,0.05119992826830746,0.20826309933127535,0.0702008882117611,0.05956190316141163
hour-047100,47100,2014-05-20 06:00:00,0.09266060178633845,0.0923851750004111,0.039968076793081064,0.09955013073329322
hour-047200,47200,2014-05-24 10:00:00,0.12079549650376313,0.2507187974919418,0.17755387559110253,0.482828658249035
hour-047300,47300,2014-05-28 14:00:00,0.09788377781303394,0.19882007262155987,0.16006885153596384,0.06681935691028697
hour-047400,47400,2014-06-01 18:00:00,0.06059056341183613,0.29877238383008586,0.22042215164653706,0.1131865456647498
hour-047500,47500,2014-06-05 22:00:00,0.11366895976715474,0.30471132461706973,0.43298647869775175,0.25221377850951704
hour-047600,47600,2014-06-10 02:00:00,0.1157669976107484,0.47478785656000033,0.33752041046428155,0.5134781632864285
hour-047700,47700,2014-06-14 06:00:00,0.08574003284430022,0.13111682542154018,0.09635696397615495,0.07070801593329257
hour-047800,47800,2014-06-18 10:00:00,0.07972432663137953,0.09644453653572992,0.03713083429670112,0.13187211375596114
hour-047900,47900,2014-06-22 14:00:00,0.12000756926810292,0.1455264700913433,0.0913558631566202,0.14508624617954005
hour-048000,48000,2014-06-26 18:00:00,0.04136928043103523,0.2910069928298597,0.10577773058496046,0.09145156510912457
hour-048100,48100,2014-06-30 22:00:00,0.04833243725188561,0.19666057670184386,0.15082424569251857,0.18145026287224789
hour-048200,48200,2014-07-05 02:00:00,0.1549881969109887,0.17329117563844504,0.46806022519032076,0.5413798806041213
hour-048300,48300,2014-07-09 06:00:00,0.047583792794148684,0.1424478655348681,0.20456396392080628,0.13092384111735098
hour-048400,48400,2014-07-13 10:00:00,0.037483516324058996,0.1573777091620282,0.06725860092769013,0.08103557749498529
hour-048500,48500,2014-07-17 14:00:00,0.03622351187473543,0.12317523530122454,0.07468771549671781,0.12669749151421125
hour-048600,48600,2014-07-21 18:00:00,0.03180352177894941,0.21748983384011,0.0874244175295506,0.08297462885118116
hour-048700,48700,2014-07-25 22:00:00,0.07153375387973102,0.20188095385235122,0.08353806603776796,0.10013924072310848
hour-048800,48800,2014-07-30 02:00:00,0.022381170322565203,0.0889509616652027,0.07017770487791758,0.06634544684140577
hour-048900,48900,2014-08-03 06:00:00,0.046749249524461994,0.10413123731936075,0.04407990493432899,0.05412567495729604
hour-049000,49000,2014-08-07 10:00:00,0.06781273119387163,0.14343210052444405,0.06971814559210066,0.13133442897923053
hour-049100,49100,2014-08-11 14:00:00,0.06464778615316405,0.07862241739117824,0.04458393830806062,0.044831908645802686
hour-049200,49200,2014-08-15 18:00:00,0.1536082857374449,0.2750331573482458,0.0785230103414985,0.2778131618937431
hour-049300,49300,2014-08-19 22:00:00,0.06379745416798922,0.2516310266415684,0.08885421768536346,0.04807183326010295
hour-049400,49400,2014-08-24 02:00:00,0.05780460958464888,0.14486845588511288,0.06946271491676259,0.14669100900011378
hour-049500,49500,2014-08-28 06:00:00,0.030096582951829837,0.11410239702402725,0.05174338199817036,0.1447715654589591
hour-049600,49600,2014-09-01 10:00:00,0.065166585975749,0.3051886374395541,0.11717851213472212,0.14407116191711516
hour-049700,49700,2014-09-05 14:00:00,0.06810391655573574,0.16152467733715895,0.06620210182504715,0.1496276367959986
hour-049800,49800,2014-09-09 18:00:00,0.130072619649989,0.18689736852356026,0.08039296112315897,0.056806955342306335
hour-049900,49900,2014-09-13 22:00:00,0.08762320529689813,0.1429995938148733,0.10357325691137406,0.2161832155337808
hour-050000,50000,2014-09-18 02:00:00,0.04120946097128869,0.2933144297500267,0.08081527268226871,0.25586596488759866
hour-050100,50100,2014-09-22 06:00:00,0.08541136307458193,0.088138069675279,0.05810911707673613,0.05316026583711732
hour-050200,50200,2014-09-26 10:00:00,0.0717589707668315,0.17989025500921788,0.09179710320825692,0.1986060633571842
hour-050300,50300,2014-09-30 14:00:00,0.06583507944957019,0.15895978035640407,0.05419772915968567,0.04430470125555411
hour-050400,50400,2014-10-04 18:00:00,0.06645652201018055,0.18014576738875565,0.07418605799118466,0.1178042460181687
hour-050500,50500,2014-10-08 22:00:00,0.04493548809396272,0.09925868959347277,0.10255085146012194,0.18721766460390818
hour-050600,50600,2014-10-13 02:00:00,0.027048203541509563,0.10662295850226228,0.044909404206672325,0.04655451052000536
hour-050700,50700,2014-10-17 06:00:00,0.036648139660240595,0.11912815362148392,0.07224609314361327,0.09605419981869344
hour-050800,50800,2014-10-21 10:00:00,0.06470853797649223,0.161103358335306,0.04948668500575312,0.1588630630556442
hour-050900,50900,2014-10-25 14:00:00,0.08359235586757663,0.10121485537735914,0.09860078155836424,0.13181214810667427
hour-051000,51000,2014-10-29 18:00:00,0.08496772606682684,0.16453871639465267,0.07627938617551155,0.05763250972113071
hour-051100,51100,2014-11-02 22:00:00,0.29497094979141897,0.6244099826076314,0.3210777399834299,0.6505868770445733
hour-051200,51200,2014-11-07 02:00:00,0.04969031003777263,0.438771054461626,0.18319165118456912,0.23956037230987837
hour-051300,51300,2014-11-11 06:00:00,0.05644028184620539,0.11739243330546084,0.03323296055906436,0.03408873025241216
hour-051400,51400,2014-11-15 10:00:00,0.1449876799656191,0.2861892075455258,0.13523968501283973,0.49181479461123634
hour-051500,51500,2014-11-19 14:00:00,0.16105773296098555,0.14357959208118823,0.12522609549367603,0.06537223597728102
hour-051600,51600,2014-11-23 18:00:00,0.09928745191017402,0.15720017425601163,0.06985043211858573,0.03910015024274213
hour-051700,51700,2014-11-27 22:00:00,0.04423809500685118,0.05798915134989111,0.06832635162936229,0.029680487009471804
hour-051800,51800,2014-12-02 02:00:00,0.05601037272867195,0.2326458993009118,0.09691840512071773,0.07520659965174623
hour-051900,51900,2014-12-06 06:00:00,0.08053236745416774,0.09837211753932765,0.07954354093381517,0.05773718964718417
hour-052000,52000,2014-12-10 10:00:00,0.05862793736652879,0.1350612793892086,0.04825677257981946,0.10853434057050268
hour-052100,52100,2014-12-14 14:00:00,0.04743173768242462,0.24041828007982716,0.1751106054332293,0.20622760935575501
hour-052200,52200,2014-12-18 18:00:00,0.08574575731844578,0.11444978925800338,0.10687027156408162,0.20273742096279915
hour-052300,52300,2014-12-22 22:00:00,0.03690395812057666,0.10653068483655935,0.054248842439578115,0.05287770615679434
hour-052400,52400,2014-12-27 02:00:00,0.016729173635985587,0.09425317841691996,0.05656624098054807,0.030139738581479086
hour-052500,52500,2014-12-31 06:00:00,0.047142772681455586,0.09788354635045435,0.07221003172467974,0.0720014061185421
hour-052600,52600,2015-01-04 10:00:00,0.05022627955157776,0.153469935172611,0.1316389973337757,0.05988293380915387
hour-052700,52700,2015-01-08 14:00:00,0.058783226181001215,0.10359322168762675,0.2588315469467125,0.13485632880300985
hour-052800,52800,2015-01-12 18:00:00,0.07955053176829407,0.0645077739978516,0.05437552137722463,0.013652560249716866
hour-052900,52900,2015-01-16 22:00:00,0.032532160644093026,0.13803553169359534,0.06945804505987535,0.06551957910815535
hour-053000,53000,2015-01-21 02:00:00,0.042470515315200394,0.11223043579044578,0.09835479843410627,0.06456265276160941
hour-053100,53100,2015-01-25 06:00:00,0.04504821215881198,0.10441524312797036,0.03596188644576442,0.05081964077436287
hour-053200,53200,2015-01-29 10:00:00,0.09909953241087043,0.1599487041597806,0.059680710114045625,0.16790939700975455
hour-053300,53300,2015-02-02 14:00:00,0.04849525762579359,0.07954099341581876,0.053757779774868744,0.03906579502036013
hour-053400,53400,2015-02-06 18:00:00,0.06322550269923459,0.13896205673898102,0.0643378091197385,0.0596548670378146
hour-053500,53500,2015-02-10 22:00:00,0.05195753550213288,0.13708439820839596,0.04585191832778342,0.02783799792917762
hour-053600,53600,2015-02-15 02:00:00,0.056253765887571826,0.07023264836235694,0.0658811532738616,0.05644905433254017
hour-053700,53700,2015-02-19 06:00:00,0.043083934886076834,0.12074238573832347,0.053907566057470525,0.049124778180175736
hour-053800,53800,2015-02-23 10:00:00,0.03933053195702112,0.09818825879802374,0.03704054252729749,0.03874839514095142
hour-053900,53900,2015-02-27 14:00:00,0.08194565908021717,0.14336994817245935,0.06261782354731506,0.05987882465080751
hour-054000,54000,2015-03-03 18:00:00,0.05172850440844045,0.10510529350144585,0.06973633836843225,0.04831130933821387
hour-054100,54100,2015-03-07 22:00:00,0.054636950188808424,0.06664865122576569,0.06590740451634418,0.036670466195550755
hour-054200,54200,2015-03-12 02:00:00,0.038716475858654384,0.19078467564058704,0.04401420685519203,0.12123049395060925
hour-054300,54300,2015-03-16 06:00:00,0.025888027401337804,0.13228230555683268,0.07095212703620764,0.033974822050715565
hour-054400,54400,2015-03-20 10:00:00,0.042559630977303226,0.08531452609955288,0.14080083453887982,0.13860867038195718
hour-054500,54500,2015-03-24 14:00:00,0.012592434769746053,0.16647388954037629,0.07447085750672848,0.053206987025883015
hour-054600,54600,2015-03-28 18:00:00,0.0263052788824377,0.08174102490570945,0.04208613542379819,0.02582023406963298
hour-054700,54700,2015-04-01 22:00:00,0.03528913159085367,0.10479751158277845,0.055083963774744754,0.14195260290804318
hour-054800,54800,2015-04-06 02:00:00,0.04849870259847365,0.08778282609484057,0.07619459576450284,0.12976696741650373
hour-054900,54900,2015-04-10 06:00:00,0.07049560283041295,0.17736721590362947,0.04341718014064073,0.16162820186343504
hour-055000,55000,2015-04-14 10:00:00,0.06572544249452249,0.22878739374168533,0.05078307322744887,0.07599780342771481
hour-055100,55100,2015-04-18 14:00:00,0.04037203092077005,0.14338152788041972,0.05564084023203905,0.03911734097855652
hour-055200,55200,2015-04-22 18:00:00,0.03830443767600461,0.05420189573251758,0.14707355387139423,0.07895353676174394
hour-055300,55300,2015-04-26 22:00:00,0.04123454794723289,0.04671600721092361,0.0878253929562473,0.0579974183862485
hour-055400,55400,2015-05-01 02:00:00,0.06963254491637329,0.09266867911379004,0.07435398844085027,0.08279187690183369
hour-055500,55500,2015-05-05 06:00:00,0.03884924199010026,0.14105192576846207,0.031731105064644105,0.049700242802409395
hour-055600,55600,2015-05-09 10:00:00,0.0458700435348197,0.060474792370953684,0.13503150613707468,0.05428157321544512
hour-055700,55700,2015-05-13 14:00:00,0.015863649877090644,0.08562807192817853,0.03535933987979674,0.03469111009366021
hour-055800,55800,2015-05-17 18:00:00,0.02810078861167288,0.046588860380117635,0.14716710468645333,0.09963940424336913
hour-055900,55900,2015-05-21 22:00:00,0.04113654846193243,0.0989848344357786,0.038053097360061426,0.04897379326539785
hour-056000,56000,2015-05-26 02:00:00,0.09373589293947444,0.06000876237404185,0.15097382962381659,0.12126781147326895
hour-056100,56100,2015-05-30 06:00:00,0.055686681299630746,0.06388424998167334,0.1384422149128723,0.08859182815245215
hour-056200,56200,2015-06-03 10:00:00,0.04750666244121996,0.3977454322789657,0.21322826759111121,0.18626540349667814
hour-056300,56300,2015-06-07 14:00:00,0.1274480064429313,1.1202171073512284,0.6730017882768433,0.5699189457577601
hour-056400,56400,2015-06-11 18:00:00,0.04882640130560321,0.09801570863394655,0.06827405435158944,0.04745480879625739
hour-056500,56500,2015-06-15 22:00:00,0.05532341680689314,0.09761571787491319,0.04227561533117351,0.019933686750170793
hour-056600,56600,2015-06-20 02:00:00,0.06648701923280345,0.35457255500949003,0.19936182150929996,0.15768943052600193
hour-056700,56700,2015-06-24 06:00:00,0.14229868889797087,0.05938075906327669,0.11810434112459177,0.050637671764681425
hour-056800,56800,2015-06-28 10:00:00,0.12443144034286749,0.09370347635535412,0.10766564747399106,0.025095870992625377
hour-056900,56900,2015-07-02 14:00:00,0.23763756309173517,5.285872355630962,1.915014571505337,0.36836624804833545
hour-057000,57000,2015-07-06 18:00:00,0.057734891792823366,0.07261689612057122,0.04115716431038222,0.06869816841595884
hour-057100,57100,2015-07-10 22:00:00,0.05305698558588277,0.12881792871592024,0.065971012058676,0.06190972412614774
hour-057200,57200,2015-07-15 02:00:00,0.03424982572286113,0.0759954853341913,0.036058337980054325,0.03119025827835622
hour-057300,57300,2015-07-19 06:00:00,0.027687308553115894,0.20963312654748978,0.04147207451864075,0.03852238898187373
hour-057400,57400,2015-07-23 10:00:00,0.034832267177904865,0.0684512655795401,0.07264727052458216,0.04722501537320925
hour-057500,57500,2015-07-27 14:00:00,0.029688126804637376,0.0751059295450648,0.2908013023715976,0.2021209731509683
hour-057600,57600,2015-07-31 18:00:00,0.039984385283851134,0.06997994994855383,0.08055143408540069,0.22964106381372243
hour-057700,57700,2015-08-04 22:00:00,0.046240898574254626,0.11360096235383163,0.03671275081711806,0.05093157708496651
hour-057800,57800,2015-08-09 02:00:00,0.04166818548302427,0.10522270008839388,0.02864377814354046,0.020645758424644448
hour-057900,57900,2015-08-13 06:00:00,0.054707936596873535,0.08117992812591791,0.05105315452389767,0.03881674576412579
hour-058000,58000,2015-08-17 10:00:00,0.04982027711423173,0.038560746572699305,0.09247798737014434,0.0570800284882538
hour-058100,58100,2015-08-21 14:00:00,0.06361872978515323,0.07169370981656331,0.18010018704273034,0.14662163269377754
hour-058200,58200,2015-08-25 18:00:00,0.05875629927360357,0.03669970085204709,0.24819869575563575,0.12486230105314171
hour-058300,58300,2015-08-29 22:00:00,0.046302109850746884,0.1765575472719545,0.05667591128031352,0.0372167507960046
hour-058400,58400,2015-09-03 02:00:00,0.06199503186199142,0.10027556866743473,0.0836627246238835,0.031526560108173264
hour-058500,58500,2015-09-07 06:00:00,0.03933406806067954,0.10530063117386085,0.07929077278316893,0.08051723803890698
hour-058600,58600,2015-09-11 10:00:00,0.0184501419722988,0.04074674059626529,0.036011537880461256,0.034785651257234776
hour-058700,58700,2015-09-15 14:00:00,0.03435250201176802,0.03852745932716955,0.05332303686784913,0.0209517178777144
hour-058800,58800,2015-09-19 18:00:00,0.04448899894692958,0.12123521716868818,0.08232240959575111,0.07851260444356595
hour-058900,58900,2015-09-23 22:00:00,0.03156363603776699,0.08577496691326181,0.030608190472232587,0.021850041627684696
hour-059000,59000,2015-09-28 02:00:00,0.0387365774000706,0.11126200812657394,0.061809805315770204,0.0430240384708019
hour-059100,59100,2015-10-02 06:00:00,0.06133082042531095,0.1022163838581149,0.048009483708623034,0.03096840408645713
hour-059200,59200,2015-10-06 10:00:00,0.0630305597706978,0.026846419461120444,0.02928863700360614,0.01593270387286952
hour-059300,59300,2015-10-10 14:00:00,0.031991646899854634,0.035137297585416186,0.025851735757340975,0.03931217338295333
hour-059400,59400,2015-10-14 18:00:00,0.03750877229978594,0.06556197494646436,0.025171768384014474,0.027745525813141537
hour-059500,59500,2015-10-18 22:00:00,0.04201644173974986,0.10484485953241736,0.022167637810677945,0.014260265477198605
hour-059600,59600,2015-10-23 02:00:00,0.05134446638748346,0.06319623096310083,0.03261735226588327,0.08441395939725244
hour-059700,59700,2015-10-27 06:00:00,0.045818899682498464,0.03999549333548486,0.02578669881847059,0.01930320652048612
hour-059800,59800,2015-10-31 10:00:00,0.04230511289494849,0.04722634619855789,0.031618194508604376,0.02028746615185327
hour-059900,59900,2015-11-04 14:00:00,0.036913833208046094,0.07792737040976458,0.013973911380711015,0.04240190278735705
hour-060000,60000,2015-11-08 18:00:00,0.023447060898824812,0.03586942124870378,0.02797001602851547,0.025444592406499156
hour-060100,60100,2015-11-12 22:00:00,0.05988151244735298,0.10006706189196526,0.04245624057144505,0.04386187738152756
hour-060200,60200,2015-11-17 02:00:00,0.05518389226085358,0.061190178321923513,0.04996942305023789,0.030117954525977486
hour-060300,60300,2015-11-21 06:00:00,0.045461795806082866,0.12664764501329154,0.1567217940773878,0.21523005343445523
hour-060400,60400,2015-11-25 10:00:00,0.047765208685632284,0.3544436339760996,0.11620271445158813,0.07778212824914157
hour-060500,60500,2015-11-29 14:00:00,0.043219986577140775,0.037924631657011515,0.02988674944082407,0.011894581343943098
hour-060600,60600,2015-12-03 18:00:00,0.06486924977779593,0.05777789463036783,0.0589191735610291,0.05181034546973113
hour-060700,60700,2015-12-07 22:00:00,0.02805980090105833,0.0838245451866545,0.03902182175787446,0.020559309447821215
hour-060800,60800,2015-12-12 02:00:00,0.029460824291317564,0.11318999397507509,0.09129967560846744,0.0694987400934219
hour-060900,60900,2015-12-16 06:00:00,0.03162711651703989,0.0692662472177444,0.0698058300927136,0.09955869399681413
hour-061000,61000,2015-12-20 10:00:00,0.03458352091720196,0.10973558479570904,0.05268665360050338,0.09299579192838946
hour-061100,61100,2015-12-24 14:00:00,0.038196502692892306,0.05173746332618377,0.05125528865941829,0.06705639863769358
hour-061200,61200,2015-12-28 18:00:00,0.025287120403127236,0.03787587442858186,0.08954369632914949,0.05589475062553925
hour-061300,61300,2016-01-01 22:00:00,0.03591245702182882,0.18234849899586014,0.16721370670584165,0.13424122790832058
hour-061400,61400,2016-01-06 02:00:00,0.06072001298192587,0.2740112449983154,0.11285110347153376,0.08750204666009619
hour-061500,61500,2016-01-10 06:00:00,0.031339641603791143,0.04020009253477309,0.0196223003710951,0.0076764851002567485
hour-061600,61600,2016-01-14 10:00:00,0.020442426719288354,0.056482193284631124,0.02413594467459312,0.04969576469272868
hour-061700,61700,2016-01-18 14:00:00,0.030726580053268285,0.07781294889883841,0.04854080071903625,0.03556255881574927
hour-061800,61800,2016-01-22 18:00:00,0.021454279839475343,0.05514413756938462,0.08162885648041697,0.03662681490595693
hour-061900,61900,2016-01-26 22:00:00,0.028629462697783523,0.1404176449517142,0.05831734802941574,0.04054836388352218
hour-062000,62000,2016-01-31 02:00:00,0.036412406523051416,0.12269202491081684,0.049425847789868166,0.035933177132219
hour-062100,62100,2016-02-04 06:00:00,0.05425120457426935,0.032925900367419283,0.028086763007282748,0.024757550506708047
hour-062200,62200,2016-02-08 10:00:00,0.024265675387386332,0.08016684140891737,0.025196589462434124,0.026612520810057987
hour-062300,62300,2016-02-12 14:00:00,0.03369515635456449,0.11046929434285538,0.07682278407395537,0.12774995479041398
hour-062400,62400,2016-02-16 18:00:00,0.01908705053884594,0.06918379699780253,0.04478352320408385,0.05682239147046683
hour-062500,62500,2016-02-20 22:00:00,0.031518733661395966,0.03591668292200874,0.03709832208014581,0.031583645865089494
hour-062600,62600,2016-02-25 02:00:00,0.07979985319384442,0.09855205012406347,0.07806364591007706,0.13092494044538994
hour-062700,62700,2016-02-29 06:00:00,0.036490263738470974,0.07951914175832821,0.06547525914951394,0.053254218737112245
hour-062800,62800,2016-03-04 10:00:00,0.01703734585266569,0.05624562129564072,0.029926863146221134,0.02058612606166446
hour-062900,62900,2016-03-08 14:00:00,0.022376996998898033,0.06473796791297126,0.038525851173959895,0.028902930162833976
hour-063000,63000,2016-03-12 18:00:00,0.023126987759761797,0.11769894374119012,0.06381616548760491,0.057329349498860024
hour-063100,63100,2016-03-16 22:00:00,0.019764282329993128,0.1553635915240851,0.06123535283167619,0.04386189640180503
hour-063200,63200,2016-03-21 02:00:00,0.042889007006026644,0.1391505796277342,0.0617548437602524,0.04563471386714171
hour-063300,63300,2016-03-25 06:00:00,0.029952184271730957,0.07133880228242788,0.06169873010391451,0.06609595191860707
hour-063400,63400,2016-03-29 10:00:00,0.0207812702701181,0.04632077256389993,0.04740365220649538,0.12000605540417611
hour-063500,63500,2016-04-02 14:00:00,0.03583841295043436,0.03066966783477624,0.06269497029832241,0.03345693203202389
hour-063600,63600,2016-04-06 18:00:00,0.016871246000775202,0.11462910938118051,0.04176511555964397,0.022280064820297485
hour-063700,63700,2016-04-10 22:00:00,0.128306237181986,0.19205892165061722,0.07847829882599514,0.09513899752899732
hour-063800,63800,2016-04-15 02:00:00,0.16830428121590282,0.9117678238177425,0.14674485234087245,0.08925763167779548
hour-063900,63900,2016-04-19 06:00:00,0.018921459166381036,0.03795248420028671,0.013801924622238632,0.03670625352674319
hour-064000,64000,2016-04-23 10:00:00,0.015375905238829727,0.030297283295778608,0.06503477442788523,0.044861190929819605
hour-064100,64100,2016-04-27 14:00:00,0.02900836150493509,0.06415695759000345,0.03907017688634924,0.02094827952662106
hour-064200,64200,2016-05-01 18:00:00,0.04685453319362226,0.08199540187689396,0.07830462282819732,0.04977192311423319
hour-064300,64300,2016-05-05 22:00:00,0.021266956735880745,0.05584917502165201,0.04865542032724166,0.017701303545471586
hour-064400,64400,2016-05-10 02:00:00,0.01775584955132265,0.0725084018646889,0.030589683480937425,0.017287556245838297
hour-064500,64500,2016-05-14 06:00:00,0.05526462466569029,0.06783803935928288,0.09463238691011047,0.14464894953590746
hour-064600,64600,2016-05-18 10:00:00,0.022557170841829722,0.1489522427851482,0.05685156635306779,0.07766561217423981
hour-064700,64700,2016-05-22 14:00:00,0.0206709974263519,0.046467328093581936,0.022313339749394562,0.029683437531568952
hour-064800,64800,2016-05-26 18:00:00,0.018544722966330023,0.060893828371092945,0.01703754492547693,0.02388763436298831
hour-064900,64900,2016-05-30 22:00:00,0.025309965452508205,0.05926494316453604,0.029493249300743717,0.023509941207504707
hour-065000,65000,2016-06-04 02:00:00,0.01939315668424332,0.02468032762507206,0.01598259142322796,0.01312893328516005
hour-065100,65100,2016-06-08 06:00:00,0.023748635313282015,0.054892243936760385,0.007369097345894262,0.016186445114989505
hour-065200,65200,2016-06-12 10:00:00,0.02147730137109834,0.040989391258574474,0.10669719761456525,0.0520062543557092
hour-065300,65300,2016-06-16 14:00:00,0.024664181618341746,0.09485240273768644,0.07870884088300001,0.03520341454190615
hour-065400,65400,2016-06-20 18:00:00,0.04439925380529378,0.1519293333353599,0.02909702755452647,0.02962079827736802
hour-065500,65500,2016-06-24 22:00:00,0.03842172580849524,0.03532049919534893,0.08695204508856896,0.029953506496821686
hour-065600,65600,2016-06-29 02:00:00,0.021065052020578904,0.0648232479936872,0.07408373859348771,0.04467331861481456
hour-065700,65700,2016-07-03 06:00:00,0.0949116990261807,0.08490800826539267,0.17476197959974352,0.5089275884422376
hour-065800,65800,2016-07-07 10:00:00,0.04213368162004704,0.13860059221890447,0.06290605450291428,0.07746902610571704
hour-065900,65900,2016-07-11 14:00:00,0.016520027271056247,0.038385227807315084,0.04202219228033822,0.02441823818213879
hour-066000,66000,2016-07-15 18:00:00,0.03511045891692051,0.06652462565537827,0.03521173905018431,0.01946001217047375
hour-066100,66100,2016-07-19 22:00:00,0.01393441846211273,0.049435674341116786,0.018382475997865147,0.020431190014983266
hour-066200,66200,2016-07-24 02:00:00,0.07443531987863586,0.12208014010508092,0.16695134033130501,0.44244171833237134
hour-066300,66300,2016-07-28 06:00:00,0.028369558623484815,0.4687784602936035,0.12550465753233717,0.07602982565309896
hour-066400,66400,2016-08-01 10:00:00,0.0384231830480931,0.0410923956698153,0.016187005300375826,0.029648994227777628
hour-066500,66500,2016-08-05 14:00:00,0.022560570185738135,0.08812211889491725,0.0192748383078368,0.013027454190854094
hour-066600,66600,2016-08-09 18:00:00,0.024167939264749895,0.08273592869094702,0.02938583057119021,0.04695094042427422
hour-066700,66700,2016-08-13 22:00:00,0.014991021092505576,0.04306832806994325,0.0225849460341179,0.01481034539354139
hour-066800,66800,2016-08-18 02:00:00,0.019761026229527582,0.03203042646136427,0.019644592533229522,0.008239121219596945
hour-066900,66900,2016-08-22 06:00:00,0.02759038809012219,0.05277225946448618,0.021517437433722798,0.04582048587772431
hour-067000,67000,2016-08-26 10:00:00,0.018746781846136873,0.08470495341733786,0.044520063324257106,0.03800647945401544
hour-067100,67100,2016-08-30 14:00:00,0.015047705300895851,0.09355322837368259,0.07239500467439987,0.06222706417778705
hour-067200,67200,2016-09-03 18:00:00,0.021356778102890182,0.06410275910609094,0.036502028750488816,0.040039720025686974
hour-067300,67300,2016-09-07 22:00:00,0.023444932110865423,0.06245232473900419,0.04301364250992631,0.04077430038465937
hour-067400,67400,2016-09-12 02:00:00,0.08647530033683232,0.16083453367094758,0.10501923273291806,0.12550338808719155
hour-067500,67500,2016-09-16 06:00:00,0.02861915757720115,0.16227425856001074,0.0779969250958973,0.07975548420277172
hour-067600,67600,2016-09-20 10:00:00,0.023099124177261093,0.0232345980901794,0.01566583863646821,0.00451827145486363
hour-067700,67700,2016-09-24 14:00:00,0.012951700357024467,0.04206658142069552,0.014304071969085157,0.035573699706542526
hour-067800,67800,2016-09-28 18:00:00,0.006537170267842294,0.02038746997696004,0.01684494009323304,0.018272788497718184
hour-067900,67900,2016-10-02 22:00:00,0.015329580642133609,0.029147308044506194,0.028760677137494983,0.02156486307183347
hour-068000,68000,2016-10-07 02:00:00,0.0182138929857334,0.0764655483081827,0.015347742353560179,0.008366919697143553
hour-068100,68100,2016-10-11 06:00:00,0.029681329451553152,0.05575520032984666,0.020388117242266753,0.013437413076594556
hour-068200,68200,2016-10-15 10:00:00,0.01927437109588255,0.07767203816409245,0.03607185648070927,0.03199493147013509
hour-068300,68300,2016-10-19 14:00:00,0.018559814944742653,0.09910018207764122,0.06226841070780491,0.053645139876124896
hour-068400,68400,2016-10-23 18:00:00,0.01634561891037467,0.04793557512306693,0.022804653365318676,0.03322568998513955
hour-068500,68500,2016-10-27 22:00:00,0.035574765251130756,0.11734504068722146,0.02997461329210712,0.026217085348354697
hour-068600,68600,2016-11-01 02:00:00,0.039442340477240455,0.05659631640191673,0.04509745942917943,0.023373028561247504
hour-068700,68700,2016-11-05 06:00:00,0.021631377306526808,0.07714255971252891,0.04844782616780124,0.046782056944106504
hour-068800,68800,2016-11-09 10:00:00,0.02154725518152088,0.03896349276246097,0.00587932182115176,0.007368149677967405
hour-068900,68900,2016-11-13 14:00:00,0.013141891644682489,0.020527391036574624,0.012175605113698905,0.006228702406350364
hour-069000,69000,2016-11-17 18:00:00,0.027147972833251478,0.05376076204425567,0.03622961816027358,0.045761661386720186
hour-069100,69100,2016-11-21 22:00:00,0.012265886452565449,0.0535381435957589,0.02080920891433689,0.010040073939674222
hour-069200,69200,2016-11-26 02:00:00,0.021547108421350852,0.07961010667086844,0.027700597010049698,0.008597876630579624
hour-069300,69300,2016-11-30 06:00:00,0.011994079254247295,0.04779450970281257,0.008782395119872872,0.011456498634888774
hour-069400,69400,2016-12-04 10:00:00,0.011795368400304335,0.09992087507414746,0.0160692352811532,0.013222261934251304
hour-069500,69500,2016-12-08 14:00:00,0.020544511734520342,0.05021807087384071,0.018056804377943894,0.02043994898368735
hour-069600,69600,2016-12-12 18:00:00,0.02044056126836708,0.04284009988062141,0.01209332984585532,0.0057453139833148655
hour-069700,69700,2016-12-16 22:00:00,0.035123142172283205,0.04437772736116946,0.06920170266769347,0.015885478031440987
hour-069800,69800,2016-12-21 02:00:00,0.03204063679620305,0.11412676893139116,0.053635092040741,0.04389185817064188
hour-069900,69900,2016-12-25 06:00:00,0.018339392861773447,0.029437048358273675,0.015185775130633815,0.008742785266568067
hour-070000,70000,2016-12-29 10:00:00,0.027690725976970247,0.060591771688599354,0.023135958828789112,0.024058974778929404
hour-070100,70100,2017-01-02 14:00:00,0.01921886775750973,0.05652558753703909,0.021131021743827676,0.020916826778706613
hour-070200,70200,2017-01-06 18:00:00,0.015642372839042837,0.03895231836492094,0.02190542221393233,0.014455995802998965
hour-070300,70300,2017-01-10 22:00:00,0.015206350278600431,0.07683185451336354,0.04240231029034773,0.03359252352366872
hour-070400,70400,2017-01-15 02:00:00,0.01942891268788934,0.17653705130047218,0.06465028182230413,0.05050839862233317
hour-070500,70500,2017-01-19 06:00:00,0.014187914760013569,0.03839108772881054,0.0339544924182635,0.02388824960152394
hour-070600,70600,2017-01-23 10:00:00,0.040261824357369226,0.08889232266144334,0.031229674129355175,0.0382191945886307
hour-070700,70700,2017-01-27 14:00:00,0.011558227504207326,0.10985003585443871,0.026640969967434862,0.038196168689346735
hour-070800,70800,2017-01-31 18:00:00,0.013452752748662132,0.16802236402650175,0.0343731016028184,0.035365223368997126
hour-070900,70900,2017-02-04 22:00:00,0.013265240379151094,0.0604071434842952,0.041957452231997316,0.018296390773473156
hour-071000,71000,2017-02-09 02:00:00,0.027635201795119777,0.1430284374756133,0.03001667849637593,0.018826418859832845
hour-071100,71100,2017-02-13 06:00:00,0.02573515968103836,0.036575087394462906,0.025950475911331778,0.023661633364721362
hour-071200,71200,2017-02-17 10:00:00,0.08795027486145644,0.3740755776729451,0.1568322196812555,0.10994644784222198
hour-071300,71300,2017-02-21 14:00:00,0.03725129996259627,0.09675110131474175,0.04758247439231695,0.07284764684399879
hour-071400,71400,2017-02-25 18:00:00,0.046833174774674025,0.10851983140793559,0.20691454561567904,0.2686238329395899
hour-071500,71500,2017-03-01 22:00:00,0.057173135249124485,0.14324179052532066,0.09595142496441796,0.04712406501562992
hour-071600,71600,2017-03-06 02:00:00,0.01193089068900477,0.03845099355393672,0.03197630260066544,0.03219025734529221
hour-071700,71700,2017-03-10 06:00:00,0.04088489157150237,0.06710757535554054,0.05956546064077083,0.05375087926303615
hour-071800,71800,2017-03-14 10:00:00,0.028211416599297386,0.10034707782045371,0.051927336400387485,0.02934683820498883
hour-071900,71900,2017-03-18 14:00:00,0.01138471333903028,0.08149524175720649,0.022986760200490387,0.03839577711783875
hour-072000,72000,2017-03-22 18:00:00,0.0336867335182784,0.11084230717429774,0.043211270725005066,0.04101924118351293
hour-072100,72100,2017-03-26 22:00:00,0.08073576534356103,0.1629893635163261,0.08011045666973679,0.13119593884862357
hour-072200,72200,2017-03-31 02:00:00,0.03876702675118602,0.2189113757988963,0.18814129742940455,0.17448690709159234
hour-072300,72300,2017-04-04 06:00:00,0.03334519687505834,0.03419384037870426,0.07078363905323136,0.04116984103839964
hour-072400,72400,2017-04-08 10:00:00,0.06565671599561712,0.12959243182468916,0.13458870025665554,0.08093262644760046
hour-072500,72500,2017-04-12 14:00:00,0.01884598105699309,0.1640214945340702,0.1425659683499924,0.07369686323187892
hour-072600,72600,2017-04-16 18:00:00,0.02028659711372864,0.021706465176471443,0.012124197109096938,0.007429755666229092
hour-072700,72700,2017-04-20 22:00:00,0.028441215727333168,0.1254767621056002,0.12251620013059991,0.1316362645393417
hour-072800,72800,2017-04-25 02:00:00,0.03459457353042683,0.13500543807816637,0.09259644557652624,0.0849987328070716
hour-072900,72900,2017-04-29 06:00:00,0.02439489894925644,0.038541718171019604,0.02989457885412296,0.04626709250801265
hour-073000,73000,2017-05-03 10:00:00,0.040874650088804025,0.0456040551904437,0.028402511140291076,0.025562652466524827
hour-073100,73100,2017-05-07 14:00:00,0.02637087239329927,0.05617985295144672,0.011300449136106259,0.014376706588487508
hour-073200,73200,2017-05-11 18:00:00,0.0191016695342017,0.04641401479052863,0.015949080282657513,0.01411712079003834
hour-073300,73300,2017-05-15 22:00:00,0.01497232195789831,0.04457671351799304,0.021387003538704714,0.011721364915904016
hour-073400,73400,2017-05-20 02:00:00,0.027064512483956634,0.050075973798943414,0.06412265129628697,0.021962100604283743
hour-073500,73500,2017-05-24 06:00:00,0.02523191119488767,0.09688338732211162,0.07818190387954276,0.021363300748173185
hour-073600,73600,2017-05-28 10:00:00,0.026703020468934687,0.10299689577788351,0.03510450995828036,0.031084601000822443
hour-073700,73700,2017-06-01 14:00:00,0.0399332123928448,0.04369658503941354,0.02755252969207045,0.019155074313311742
hour-073800,73800,2017-06-05 18:00:00,0.019890945714438654,0.05445409275858026,0.023783811554098908,0.013579049760869544
hour-073900,73900,2017-06-09 22:00:00,0.01667967901679495,0.04281080720039618,0.012817518161919467,0.00997868963639883
hour-074000,74000,2017-06-14 02:00:00,0.03401474196777879,0.05445109353615858,0.01128167289144074,0.018994167158594602
hour-074100,74100,2017-06-18 06:00:00,0.009784679122674063,0.07456705120969256,0.02589980633731516,0.027990273641786405
hour-074200,74200,2017-06-22 10:00:00,0.010401176306677945,0.048078559617552544,0.025171510141136114,0.030430265796938034
hour-074300,74300,2017-06-26 14:00:00,0.03424660791850908,0.16409921035177458,0.07916987038048837,0.03527774252206913
hour-074400,74400,2017-06-30 18:00:00,0.019332871913470905,0.23435826416460023,0.03591743044813004,0.02586567458796361
hour-074500,74500,2017-07-04 22:00:00,0.030375467667575554,0.058719741894066785,0.01952198694309649,0.01969288936593871
hour-074600,74600,2017-07-09 02:00:00,0.02077151666161704,0.06396173191189825,0.028104776283580383,0.013384527309298183
hour-074700,74700,2017-07-13 06:00:00,0.050265641581378875,0.06606217217305255,0.05078878077465433,0.07360015934358435
hour-074800,74800,2017-07-17 10:00:00,0.020497159777578752,0.07007741859651391,0.041488404182895386,0.05071328018664341
hour-074900,74900,2017-07-21 14:00:00,0.015405579617180074,0.039702053932491564,0.01554899834769476,0.018228589369505804
hour-075000,75000,2017-07-25 18:00:00,0.0269941536803407,0.06014332226377728,0.035780229957884,0.049964526655509475
hour-075100,75100,2017-07-29 22:00:00,0.02934093813667771,0.03900964833433028,0.03811885053783186,0.046930610679777274
hour-075200,75200,2017-08-03 02:00:00,0.014824444233696438,0.053388080162359575,0.028026677972708358,0.024479223745606266
hour-075300,75300,2017-08-07 06:00:00,0.01837984598064894,0.026338606361275486,0.033646973589206486,0.0299473035040912
hour-075400,75400,2017-08-11 10:00:00,0.018594256086179303,0.06901660682492239,0.06870656009344696,0.09505084660517146
hour-075500,75500,2017-08-15 14:00:00,0.019830899846423996,0.039426327966987404,0.030112038217479015,0.022265049238597588
hour-075600,75600,2017-08-19 18:00:00,0.015728103751032275,0.0488486344881928,0.014569317652240716,0.018825952778756594
hour-075700,75700,2017-08-23 22:00:00,0.010563205691781432,0.026152374632145512,0.0069382979366420525,0.007736846347948629
hour-075800,75800,2017-08-28 02:00:00,0.01015013602741754,0.020104687373279688,0.011098258449625585,0.019435785886649612
hour-075900,75900,2017-09-01 06:00:00,0.006168391499797318,0.05017199895947835,0.01681583136206714,0.016692534367406083
hour-076000,76000,2017-09-05 10:00:00,0.021126025017294006,0.01920130983141975,0.014102639684428781,0.004859180902386843
hour-076100,76100,2017-09-09 14:00:00,0.034332707265484354,0.016988323727580502,0.020027779812828012,0.012777624471873302
hour-076200,76200,2017-09-13 18:00:00,0.020250318184505952,0.12282850162643817,0.045649174246023314,0.02902169940369954
hour-076300,76300,2017-09-17 22:00:00,0.016628098206170096,0.1940732394784809,0.07835505078537335,0.039760785168244536
hour-076400,76400,2017-09-22 02:00:00,0.01099974084003661,0.019440624033938286,0.031808883484909435,0.030523264589181257
hour-076500,76500,2017-09-26 06:00:00,0.018083323287119552,0.022248860474410586,0.01258725217324536,0.02754454455966912
hour-076600,76600,2017-09-30 10:00:00,0.025325756572088347,0.05315777516672414,0.052084958620316764,0.04180975444175261
hour-076700,76700,2017-10-04 14:00:00,0.06357183606407446,0.18889354779160777,0.0856597600875451,0.11980691576688138
hour-076800,76800,2017-10-08 18:00:00,0.02872102045387111,0.08859480248449497,0.05100160002472182,0.045932438874692914
hour-076900,76900,2017-10-12 22:00:00,0.009866608161884232,0.024003340935570428,0.012477263184918647,0.013197210642039887
hour-077000,77000,2017-10-17 02:00:00,0.01748481713225135,0.023457204659111074,0.01335603445890517,0.01819374985385288
hour-077100,77100,2017-10-21 06:00:00,0.01476713881850733,0.03753545919867824,0.009405709898245311,0.016186410055105176
hour-077200,77200,2017-10-25 10:00:00,0.01636935003122372,0.03785258353491107,0.08694908376754229,0.0838683404664746
hour-077300,77300,2017-10-29 14:00:00,0.0292499957752305,0.2673226420531307,0.07322730875569597,0.03562045458508492
hour-077400,77400,2017-11-02 18:00:00,0.015338087224120944,0.03463145791157636,0.013610322564850064,0.03183782329254572
hour-077500,77500,2017-11-06 22:00:00,0.035987772841785996,0.06165874361386929,0.03446891413280019,0.045832394395745484
hour-077600,77600,2017-11-11 02:00:00,0.021039984229269306,0.03319316319868004,0.011963913815757416,0.016311284982675825
hour-077700,77700,2017-11-15 06:00:00,0.02690274089356127,0.05556434203969228,0.02120202014819471,0.013576513084362474
hour-077800,77800,2017-11-19 10:00:00,0.012683786619638641,0.022044035996278116,0.015467023383828505,0.020218123745561714
hour-077900,77900,2017-11-23 14:00:00,0.027991623107756144,0.08362916837824043,0.05628725917009341,0.03443960957235166
hour-078000,78000,2017-11-27 18:00:00,0.011096015701969664,0.07153729873110873,0.07621533415080259,0.07332225066142606
hour-078100,78100,2017-12-01 22:00:00,0.01225609293768439,0.027127910628967973,0.018388814526327932,0.016166077516387614
hour-078200,78200,2017-12-06 02:00:00,0.016147196986417128,0.042389531195998364,0.025415635120408366,0.047408533165892705
hour-078300,78300,2017-12-10 06:00:00,0.01562532120672475,0.031860872612181464,0.018622314746213377,0.022236541238138355
hour-078400,78400,2017-12-14 10:00:00,0.023830392128523083,0.04919766400276479,0.03603124576530742,0.04099005618779421
hour-078500,78500,2017-12-18 14:00:00,0.035784848816027184,0.042937464376134715,0.020977138187950346,0.027055933364035088
hour-078600,78600,2017-12-22 18:00:00,0.024397837183918813,0.09085160025647095,0.02182239582532349,0.01743444782918184
hour-078700,78700,2017-12-26 22:00:00,0.02430504596108383,0.03696406088120448,0.021980566840991644,0.03208492198519753
hour-078800,78800,2017-12-31 02:00:00,0.013596290390515194,0.039793753389416923,0.023815763925893494,0.031353293150781954
hour-078900,78900,2018-01-04 06:00:00,0.03176498672144082,0.09454140522071004,0.05211327266666442,0.056516262589892105
hour-079000,79000,2018-01-08 10:00:00,0.027255848904128074,0.05793702890749237,0.03077073887515903,0.02397688574261316
hour-079100,79100,2018-01-12 14:00:00,0.017226031134968796,0.07307342098222115,0.016990580935126856,0.02035965232591462
hour-079200,79200,2018-01-16 18:00:00,0.013588137071365813,0.05378801583446671,0.01075446949565257,0.013494520824881746
hour-079300,79300,2018-01-20 22:00:00,0.03775780274511835,0.11341790687827327,0.05072867570658526,0.04051206067637165
hour-079400,79400,2018-01-25 02:00:00,0.022137061938458873,0.09806237181928426,0.06503669103736649,0.04239822887687917
hour-079500,79500,2018-01-29 06:00:00,0.018720033821118684,0.03146735700384114,0.04250455942286683,0.011427199683052086
hour-079600,79600,2018-02-02 10:00:00,0.02201962795487234,0.09137880809496865,0.03605020811617943,0.01595477555200557
hour-079700,79700,2018-02-06 14:00:00,0.030337689224792616,0.0824614655834261,0.01703922869383776,0.028772591663882383
hour-079800,79800,2018-02-10 18:00:00,0.01046441373274216,0.10878534663592508,0.02025290524737157,0.015104896566879819
hour-079900,79900,2018-02-14 22:00:00,0.034701879054905724,0.05481527252866812,0.021031440678728763,0.014697344814427011
hour-080000,80000,2018-02-19 02:00:00,0.010356502898683517,0.05736950726696412,0.03243076114400226,0.017633203585915056
hour-080100,80100,2018-02-23 06:00:00,0.025510219863455585,0.08007066798872116,0.03960263433111592,0.01756291414835931
hour-080200,80200,2018-02-27 10:00:00,0.01941523976676794,0.06399763617779747,0.03931797515512352,0.024503285017103787
hour-080300,80300,2018-03-03 14:00:00,0.028172421411873948,0.06178053811254886,0.030801256466861476,0.00659659782804383
hour-080400,80400,2018-03-07 18:00:00,0.03705094874295229,0.11056683369020087,0.060833005313600835,0.10901354430817208
hour-080500,80500,2018-03-11 22:00:00,0.01755628799801505,0.06185181245265279,0.02778342563248467,0.09004220764465971
hour-080600,80600,2018-03-16 02:00:00,0.025003838717624093,0.04057625137448546,0.02333373138653961,0.029725151612296934
hour-080700,80700,2018-03-20 06:00:00,0.008866345853068466,0.059586145892092574,0.021026554677810623,0.010223531187075894
hour-080800,80800,2018-03-24 10:00:00,0.019043147038314983,0.0501002828642053,0.023524372937032724,0.008928944130696545
hour-080900,80900,2018-03-28 14:00:00,0.026819622215013234,0.09485070879209423,0.027539931718077712,0.020815402255223006
hour-081000,81000,2018-04-01 18:00:00,0.01694461349238849,0.06537876411209137,0.041220314732900505,0.0295449167993813
hour-081100,81100,2018-04-05 22:00:00,0.01389948550479564,0.03353378622778146,0.013158864843042791,0.01781348449746581
hour-081200,81200,2018-04-10 02:00:00,0.034375265351532264,0.07519834304428967,0.025000678695981767,0.030824527858240164
hour-081300,81300,2018-04-14 06:00:00,0.020201890142184077,0.06869654475273433,0.07717838240694004,0.05451051702474034
hour-081400,81400,2018-04-18 10:00:00,0.013235906528382456,0.04425613367229035,0.011780666806952682,0.0077905692936651675
hour-081500,81500,2018-04-22 14:00:00,0.021806415788196743,0.06924770499876931,0.04655119145238614,0.024977047773036033
hour-081600,81600,2018-04-26 18:00:00,0.019943830436262563,0.029264715224570886,0.026803383368158174,0.015497250782958508
hour-081700,81700,2018-04-30 22:00:00,0.04350226445213157,0.10046599803193829,0.05749406576170675,0.055687825732393566
hour-081800,81800,2018-05-05 02:00:00,0.025402627754107343,0.0789990229708727,0.03877616102366732,0.014799613903557956
hour-081900,81900,2018-05-09 06:00:00,0.061629863797980494,0.10361659207349079,0.034225706021674185,0.02274106807697138
hour-082000,82000,2018-05-13 10:00:00,0.025615717973036047,0.09303986826593871,0.0225622646560735,0.0069479968533913
hour-082100,82100,2018-05-17 14:00:00,0.04244645427566501,0.04293158849335301,0.021504708170035254,0.02626939324411967
hour-082200,82200,2018-05-21 18:00:00,0.02123921424348021,0.1030308153612737,0.02970477734863072,0.04383262478895101
hour-082300,82300,2018-05-25 22:00:00,0.04003253640684341,0.06421593680804188,0.02319236453244658,0.023231899472612304
hour-082400,82400,2018-05-30 02:00:00,0.009030876426401453,0.0692152068190825,0.027209233399618206,0.02068727934225669
hour-082500,82500,2018-06-03 06:00:00,0.021300011340556597,0.056763210989397336,0.024170170723846092,0.03434289772217842
hour-082600,82600,2018-06-07 10:00:00,0.0269851911041582,0.03351468421675694,0.01982669871195962,0.014461038581272227
hour-082700,82700,2018-06-11 14:00:00,0.013063691532520046,0.04515431838800815,0.026778613920084526,0.02944612044664325
hour-082800,82800,2018-06-15 18:00:00,0.028414511928182815,0.054450427976272996,0.04801491721452302,0.03794891598727453
hour-082900,82900,2018-06-19 22:00:00,0.03838894084944091,0.10655968220325755,0.029027354113331526,0.016040175103886622
hour-083000,83000,2018-06-24 02:00:00,0.02024995779207772,0.04400560897814819,0.03273660066000945,0.029676151530853123
hour-083100,83100,2018-06-28 06:00:00,0.056463933440409446,0.051043870881984685,0.01598278671668061,0.011358659121281381
hour-083200,83200,2018-07-02 10:00:00,0.01825545358081895,0.039182113001010106,0.05300148753732862,0.030054770890274876
hour-083300,83300,2018-07-06 14:00:00,0.012377205745087426,0.04217001058510587,0.10205014347418741,0.0914576036026154
hour-083400,83400,2018-07-10 18:00:00,0.01451098102734383,0.051192196117029784,0.011851236913654004,0.01211094668060392
hour-083500,83500,2018-07-14 22:00:00,0.022893072524707046,0.03949798841924014,0.01683993414639491,0.034649242684712346
hour-083600,83600,2018-07-19 02:00:00,0.03181265600230533,0.06822716198126463,0.03430935794179341,0.010536784085500149
hour-083700,83700,2018-07-23 06:00:00,0.018220524458182986,0.06332065572943853,0.021176913622289812,0.01092042176793539
hour-083800,83800,2018-07-27 10:00:00,0.029194180498896414,0.1676009072861046,0.025659886927799698,0.025927458793315296
hour-083900,83900,2018-07-31 14:00:00,0.02344290713313791,0.08285330048531434,0.020624567889348633,0.033192967803878204
hour-084000,84000,2018-08-04 18:00:00,0.014996538307952919,0.05079380105806977,0.020941883759020657,0.027922451922946737
hour-084100,84100,2018-08-08 22:00:00,0.06089316941353859,0.14771543679721855,0.04952916209510638,0.04639545482633307
hour-084200,84200,2018-08-13 02:00:00,0.015141275917535345,0.07990638919401168,0.06014320786475646,0.0346590020099631
hour-084300,84300,2018-08-17 06:00:00,0.021148516810748336,0.05875420611212659,0.037039188395983295,0.06092755518551576
hour-084400,84400,2018-08-21 10:00:00,0.01772927900224971,0.0528873888811653,0.014321631210605043,0.017044853329126846
hour-084500,84500,2018-08-25 14:00:00,0.0211226506094318,0.02916816057735871,0.016461238524899387,0.016059575346691324
hour-084600,84600,2018-08-29 18:00:00,0.020874582792920204,0.08776514863000576,0.02566842709455939,0.03660239932189731
hour-084700,84700,2018-09-02 22:00:00,0.030699999297254622,0.06869396108126666,0.02351090597361602,0.018659416972737732
hour-084800,84800,2018-09-07 02:00:00,0.048121394462918396,0.08613105073778644,0.026629957364166814,0.032024710878523495
hour-084900,84900,2018-09-11 06:00:00,0.02996409919342173,0.07159398692843617,0.021571318486394483,0.02723500214764505
hour-085000,85000,2018-09-15 10:00:00,0.02071594572724799,0.0451332917903069,0.029492522620309675,0.02754701190398027
hour-085100,85100,2018-09-19 14:00:00,0.02732733338224414,0.1193782125362158,0.03310760668991545,0.0635905703134074
hour-085200,85200,2018-09-23 18:00:00,0.031188065148961126,0.0552193222380091,0.030711814062669558,0.02778188700097032
hour-085300,85300,2018-09-27 22:00:00,0.028384082263708556,0.044954907993628605,0.03978789967611957,0.03500019759747199
hour-085400,85400,2018-10-02 02:00:00,0.03731768038608132,0.08233248620064217,0.0384739407838432,0.02214653848562227
hour-085500,85500,2018-10-06 06:00:00,0.017171714101392368,0.0760092376834405,0.016580970355139064,0.01545083909774374
hour-085600,85600,2018-10-10 10:00:00,0.09440967855590839,0.1543622287225972,0.0922131530699972,0.1705871625060883
hour-085700,85700,2018-10-14 14:00:00,0.06362190036296127,0.05594231746821544,0.02847653385634819,0.02443959267838179
hour-085800,85800,2018-10-18 18:00:00,0.012904492081250883,0.11856578876100254,0.0410526839277517,0.04345273001045569
hour-085900,85900,2018-10-22 22:00:00,0.018006109416982146,0.029634729388466625,0.03089332152099391,0.024747915279930054
hour-086000,86000,2018-10-27 02:00:00,0.04761591228022867,0.10434208480684276,0.052763132444567436,0.04786583205955293
hour-086100,86100,2018-10-31 06:00:00,0.01631261233493332,0.07561019176717583,0.028701889839087974,0.024681694996323517
hour-086200,86200,2018-11-04 10:00:00,0.03577670371520606,0.04186830044682278,0.025161749875551948,0.07299581420325948
hour-086300,86300,2018-11-08 14:00:00,0.030621666263227928,0.036249808982011626,0.047947043792267635,0.010373377763517199
hour-086400,86400,2018-11-12 18:00:00,0.039565936646520035,0.06257879993288173,0.05784254724737124,0.029006706382410048
hour-086500,86500,2018-11-16 22:00:00,0.030948268057082985,0.03474306406440035,0.019585593333593682,0.010066570152676643
hour-086600,86600,2018-11-21 02:00:00,0.025114750274734927,0.1504498143603722,0.05039667104565342,0.05756698929053119
hour-086700,86700,2018-11-25 06:00:00,0.017542777935772816,0.040836324913832225,0.02562515669997991,0.08086224230262301
hour-086800,86800,2018-11-29 10:00:00,0.018083225049842985,0.06240123008679601,0.024838247082749645,0.03390734365726947
hour-086900,86900,2018-12-03 14:00:00,0.01626358332201175,0.02833668846116922,0.0160272981496125,0.015637927208268343
hour-087000,87000,2018-12-07 18:00:00,0.022232659934171905,0.04901809970422394,0.01640390708364828,0.020413022603857117
hour-087100,87100,2018-12-11 22:00:00,0.044134448057389995,0.07996379587095488,0.025452053410743802,0.030291434968306864
hour-087200,87200,2018-12-16 02:00:00,0.023896876189443875,0.04392351668770908,0.009408163645756657,0.011417616992462288
hour-087300,87300,2018-12-20 06:00:00,0.0777333900298745,0.062138130857789776,0.06152954986268376,0.11581242040056834
hour-087400,87400,2018-12-24 10:00:00,0.023285787112782237,0.07195250834182286,0.043700132346727524,0.0730724516693965
hour-087500,87500,2018-12-28 14:00:00,0.033882385284795175,0.04488209361153199,0.09393786406213069,0.05930727802879643
hour-087600,87600,2019-01-01 18:00:00,0.029476513338446097,0.037243289438399906,0.0662808275965946,0.02669306048267852
hour-087700,87700,2019-01-05 22:00:00,0.03345284709460738,0.12643833296928805,0.02270808988816889,0.024762147796937847
hour-087800,87800,2019-01-10 02:00:00,0.010498007435911106,0.03324442247677983,0.014391073972574584,0.01655785335089994
hour-087900,87900,2019-01-14 06:00:00,0.013302522840467765,0.040260834343856244,0.009699655207642668,0.006690861886359017
hour-088000,88000,2019-01-18 10:00:00,0.027687910452402643,0.06440515985711831,0.01939723761279393,0.01756372905170223
hour-088100,88100,2019-01-22 14:00:00,0.011393951271073004,0.05476581016271152,0.019319486930269282,0.010737867331591733
hour-088200,88200,2019-01-26 18:00:00,0.05387323437509165,0.11236215988790114,0.07496312797686784,0.15437049875331757
hour-088300,88300,2019-01-30 22:00:00,0.03316972029673685,0.03502116271180042,0.03860046151823621,0.059780070244914246
hour-088400,88400,2019-02-04 02:00:00,0.015392710783353861,0.02519482826313461,0.010657575303370082,0.011320918176883353
hour-088500,88500,2019-02-08 06:00:00,0.015482641826174497,0.07226911666675952,0.010625610688139468,0.010589483040034773
hour-088600,88600,2019-02-12 10:00:00,0.025452352782607088,0.035735428221745684,0.021546659884647462,0.017716273173885896
hour-088700,88700,2019-02-16 14:00:00,0.02542723658625821,0.07470299308733144,0.022275137991450818,0.029385980179865143
hour-088800,88800,2019-02-20 18:00:00,0.027735060032277336,0.11685874566213858,0.021176283778561816,0.01438502580204013
hour-088900,88900,2019-02-24 22:00:00,0.023672843190910432,0.06945462810762691,0.0687292959608604,0.039899234517773094
hour-089000,89000,2019-03-01 02:00:00,0.015714192294296932,0.059058181032999174,0.05005968009403534,0.01843953137806173
hour-089100,89100,2019-03-05 06:00:00,0.014861967285012637,0.07855564738586475,0.04578069881620209,0.05313461869977626
hour-089200,89200,2019-03-09 10:00:00,0.038868581013038805,0.04966495893782789,0.11498022721034404,0.0797511443580416
hour-089300,89300,2019-03-13 14:00:00,0.0478860601255373,0.05770424024623371,0.06552282429793041,0.04450937169393666
hour-089400,89400,2019-03-17 18:00:00,0.03455654434657154,0.2973080333434616,0.08684925970407403,0.026484953233634225
hour-089500,89500,2019-03-21 22:00:00,0.015819841504449064,0.058251995105521585,0.038735355368557996,0.06402097587102445
hour-089600,89600,2019-03-26 02:00:00,0.028492944253760668,0.06124126867560451,0.03041674020106912,0.09448311704049134
hour-089700,89700,2019-03-30 06:00:00,0.053414368482822085,0.07191085144243822,0.09248971560678282,0.11601464013352883
hour-089800,89800,2019-04-03 10:00:00,0.032674609898902286,0.06139246536509824,0.09285546388333799,0.11344464350850866
hour-089900,89900,2019-04-07 14:00:00,0.018679067801865956,0.03769062931445358,0.041761384982636165,0.028652030270123363
hour-090000,90000,2019-04-11 18:00:00,0.009905210216561974,0.030403924947872016,0.04711530487192305,0.035909119738174615
hour-090100,90100,2019-04-15 22:00:00,0.0336351013126878,0.06939091478895695,0.05934518272591778,0.10839573028098508
hour-090200,90200,2019-04-20 02:00:00,0.018936547090309213,0.0739814484815656,0.03018006907828873,0.035324919713392744
hour-090300,90300,2019-04-24 06:00:00,0.02098143256817606,0.06854252402419037,0.01727947977836503,0.017431545927023173
hour-090400,90400,2019-04-28 10:00:00,0.01704362316897014,0.051215917818303015,0.051327903785695975,0.024352519884863116
hour-090500,90500,2019-05-02 14:00:00,0.019489144429527473,0.0770116920768962,0.020362450857478415,0.031493308814794944
hour-090600,90600,2019-05-06 18:00:00,0.028336813742174085,0.09268083150460278,0.0284699378902065,0.030403218829522783
hour-090700,90700,2019-05-10 22:00:00,0.014092422250371387,0.04556981816338339,0.021031477331510937,0.019411605888730442
hour-090800,90800,2019-05-15 02:00:00,0.012135915156931795,0.06717819533312526,0.029770091728342052,0.03021522417005514
hour-090900,90900,2019-05-19 06:00:00,0.007410630555759921,0.021434550127498314,0.012439907981252395,0.025254065285899897
hour-091000,91000,2019-05-23 10:00:00,0.029098961122966685,0.05477822891027818,0.03725071384898807,0.05826084370322197
hour-091100,91100,2019-05-27 14:00:00,0.018275148986392254,0.05997194787349526,0.02656633461628441,0.02424515729242009
hour-091200,91200,2019-05-31 18:00:00,0.03142493818191352,0.04583831869720764,0.03534306846506365,0.023294219870304653
hour-091300,91300,2019-06-04 22:00:00,0.014419427181154864,0.09792741723372667,0.04551498514183107,0.03086200294354853
hour-091400,91400,2019-06-09 02:00:00,0.01274259907417097,0.032359895322999384,0.01146928867353744,0.03040901841241506
hour-091500,91500,2019-06-13 06:00:00,0.019662538409169487,0.045068522263923085,0.04483677213999502,0.029813418426597335
hour-091600,91600,2019-06-17 10:00:00,0.01794825113023615,0.15534331976328772,0.03039093966114897,0.02283249165052172
hour-091700,91700,2019-06-21 14:00:00,0.01884094570293096,0.045608599849541506,0.017534311340138577,0.011621908395930174
hour-091800,91800,2019-06-25 18:00:00,0.01518992513389769,0.11945003276192549,0.03177198441617721,0.052323685445356996
hour-091900,91900,2019-06-29 22:00:00,0.016032274020572636,0.02232185723159389,0.016132386199192206,0.031007168601988554
hour-092000,92000,2019-07-04 02:00:00,0.018093351009898607,0.06211781361436741,0.026183637196163935,0.015413488640045391
hour-092100,92100,2019-07-08 06:00:00,0.023054128479903027,0.02671654370454556,0.05411736365201686,0.028284241433997073
hour-092200,92200,2019-07-12 10:00:00,0.009920553627788195,0.0425778301584918,0.015241680493940186,0.01591665902135009
hour-092300,92300,2019-07-16 14:00:00,0.032120715409385964,0.06182115767421861,0.06357894973623068,0.03150541678904945
hour-092400,92400,2019-07-20 18:00:00,0.01606100032169657,0.04598577533395659,0.019148481220099663,0.049608883790066734
hour-092500,92500,2019-07-24 22:00:00,0.012500847501350177,0.04178359206521602,0.02094460595579566,0.013836280490588708
hour-092600,92600,2019-07-29 02:00:00,0.017258832013785707,0.03955668260624754,0.015673872181260696,0.018275258360242387
hour-092700,92700,2019-08-02 06:00:00,0.03520529823242815,0.043747627019993685,0.06247866968030899,0.034526402021425096
hour-092800,92800,2019-08-06 10:00:00,0.052667645566537906,0.09689492629795056,0.0627692348907861,0.08896961116105721
hour-092900,92900,2019-08-10 14:00:00,0.02450257413611446,0.06242458452428644,0.06885500916283376,0.0912537358479385
hour-093000,93000,2019-08-14 18:00:00,0.016968928358335293,0.02951698486344339,0.010614344688739544,0.018251310076551897
hour-093100,93100,2019-08-18 22:00:00,0.014961124046578879,0.02783356640062376,0.009692012136352648,0.03221319540756525
hour-093200,93200,2019-08-23 02:00:00,0.01730977054055936,0.03610755268539894,0.027768287854765632,0.03728074650602572
hour-093300,93300,2019-08-27 06:00:00,0.016582552335065073,0.031029989985531917,0.056072495875475074,0.02817491069423846
hour-093400,93400,2019-08-31 10:00:00,0.014580573810269006,0.12183913120035851,0.06347585447556361,0.03674332639918487
hour-093500,93500,2019-09-04 14:00:00,0.016173665620068292,0.04142769486589272,0.015315063730766222,0.012367176118929409
hour-093600,93600,2019-09-08 18:00:00,0.03422763920956548,0.04157541410464654,0.026790110320948867,0.024508274972015267
hour-093700,93700,2019-09-12 22:00:00,0.022879801405359067,0.029011661860367608,0.010854708124216331,0.009292723960940576
hour-093800,93800,2019-09-17 02:00:00,0.014659769223476003,0.042752861291724606,0.019193833630849522,0.01266628107747207
hour-093900,93900,2019-09-21 06:00:00,0.013839530520936767,0.023352836055771126,0.017332070652953446,0.023616852829584672
hour-094000,94000,2019-09-25 10:00:00,0.04015376331822235,0.0696419911714723,0.036773767453002,0.031780342306529694
hour-094100,94100,2019-09-29 14:00:00,0.053995088530523115,0.06451053905789558,0.04403356733936489,0.04428760945600605
hour-094200,94200,2019-10-03 18:00:00,0.016914670722754564,0.036293855597949856,0.012256833732913376,0.012451708972159735
hour-094300,94300,2019-10-07 22:00:00,0.019738159258845762,0.048693930924933675,0.029129588651984752,0.014564417274753072
hour-094400,94400,2019-10-12 02:00:00,0.013735528374685025,0.02833396302759946,0.021016768251844706,0.01695670084379844
hour-094500,94500,2019-10-16 06:00:00,0.020701382146980682,0.03343763720969852,0.017044744307325756,0.009306668187880238
hour-094600,94600,2019-10-20 10:00:00,0.01854413424822755,0.04748327114378689,0.023664830691847986,0.01654769603417721
hour-094700,94700,2019-10-24 14:00:00,0.014277916280482398,0.0746532269636647,0.01839434579604194,0.015951618037257614
hour-094800,94800,2019-10-28 18:00:00,0.019191000525245947,0.04741009145975908,0.02464769995207014,0.026891916176460525
hour-094900,94900,2019-11-01 22:00:00,0.03686574750961737,0.0900398491368738,0.0624075628214847,0.10394595785029731
hour-095000,95000,2019-11-06 02:00:00,0.01393600768068449,0.06024077898083976,0.03410705023095918,0.02487512636467267
hour-095100,95100,2019-11-10 06:00:00,0.018587052372384893,0.11282924914283399,0.023463868689492944,0.03915009343510097
hour-095200,95200,2019-11-14 10:00:00,0.023549453442073605,0.07522277089727976,0.03810608827382449,0.046530775175311935
hour-095300,95300,2019-11-18 14:00:00,0.021159378291707404,0.09449244944824509,0.043115757977702764,0.04803048051359166
hour-095400,95400,2019-11-22 18:00:00,0.02486595821070098,0.09509498228097728,0.05206995000271889,0.05988581132806486
hour-095500,95500,2019-11-26 22:00:00,0.016099420684950263,0.041193685607837136,0.01432585062190794,0.02268968101887182
hour-095600,95600,2019-12-01 02:00:00,0.01782647858456478,0.04410128084902986,0.028032433307688738,0.028306371015989696
hour-095700,95700,2019-12-05 06:00:00,0.02656003046523603,0.13172517507741155,0.03907731586233547,0.03496525830995324
hour-095800,95800,2019-12-09 10:00:00,0.017279600540899675,0.055149739997827615,0.02285243942550096,0.016351839546333704
hour-095900,95900,2019-12-13 14:00:00,0.015664691750761423,0.02139371709132357,0.024108454400919386,0.012172671109348642
hour-096000,96000,2019-12-17 18:00:00,0.01976840807672396,0.07404885939673553,0.033489000398842506,0.02275051151986733
hour-096100,96100,2019-12-21 22:00:00,0.015223210614123588,0.03295875504528607,0.020710143510801658,0.022334258187473595
hour-096200,96200,2019-12-26 02:00:00,0.013621913943649323,0.05053455697025917,0.018625547889449427,0.01948348845673296
hour-096300,96300,2019-12-30 06:00:00,0.024293406046341087,0.04478044747781427,0.02388639797623276,0.01421908440366778
hour-096400,96400,2020-01-03 10:00:00,0.027679106374461773,0.038961930336602696,0.016534081597811046,0.036935658325385645
hour-096500,96500,2020-01-07 14:00:00,0.02906907482872168,0.03624808248546376,0.026596633447904368,0.014375446219225266
hour-096600,96600,2020-01-11 18:00:00,0.02712367486734817,0.05980819879456921,0.03594814253312605,0.018357771040810347
hour-096700,96700,2020-01-15 22:00:00,0.02614614889342439,0.03012244825591865,0.06603434221742605,0.06578978990533205
hour-096800,96800,2020-01-20 02:00:00,0.024742681731197223,0.0421466884892785,0.042695039024463755,0.03188171084624689
hour-096900,96900,2020-01-24 06:00:00,0.03273443700285195,0.04575990966412734,0.017844453888062693,0.019374330699132847
hour-097000,97000,2020-01-28 10:00:00,0.021644693302783364,0.06070610105897394,0.018985222365484458,0.020319000937816318
hour-097100,97100,2020-02-01 14:00:00,0.007739756885442188,0.05023763804882822,0.02147695122116886,0.04069053064529703
hour-097200,97200,2020-02-05 18:00:00,0.011613337639893945,0.03938206595472491,0.023488539278206377,0.015104534409154472
hour-097300,97300,2020-02-09 22:00:00,0.020622031336647445,0.06334456252979882,0.033798382287692406,0.04845358094364922
hour-097400,97400,2020-02-14 02:00:00,0.039281811765562905,0.2661779475915874,0.10747669376104996,0.058976667699577295
hour-097500,97500,2020-02-18 06:00:00,0.009200252690957776,0.05199669252033561,0.017665615409699145,0.021938292424948193
hour-097600,97600,2020-02-22 10:00:00,0.015912042166653238,0.03168364676097809,0.023361242388147792,0.04116871165069629
hour-097700,97700,2020-02-26 14:00:00,0.01671974792842302,0.04676339589676275,0.014332683174082454,0.0056458325776235
hour-097800,97800,2020-03-01 18:00:00,0.00984317651828053,0.02727779911337251,0.024474095070641796,0.022716819613217202
hour-097900,97900,2020-03-05 22:00:00,0.02713487617211338,0.09331658432421934,0.027161150692225928,0.023349060261729896
hour-098000,98000,2020-03-10 02:00:00,0.02677358079550736,0.08005083121114627,0.017546328342124586,0.03891522670739113
hour-098100,98100,2020-03-14 06:00:00,0.016584895090836577,0.06671939232832881,0.03241461651388139,0.04437593853143425
hour-098200,98200,2020-03-18 10:00:00,0.008364210079201805,0.02839648419447547,0.021046340974469405,0.03618180420442195
hour-098300,98300,2020-03-22 14:00:00,0.008808490668068528,0.035786598133602875,0.01590442878392664,0.013951220523899108
hour-098400,98400,2020-03-26 18:00:00,0.026047513310510407,0.04224823154322321,0.02835214890352812,0.0269823252719094
hour-098500,98500,2020-03-30 22:00:00,0.04229331910886115,0.14507315355210976,0.023975245043084462,0.015220886251837889
hour-098600,98600,2020-04-04 02:00:00,0.034431624955031666,0.04735418436602326,0.08679591245249046,0.13270713706405457
hour-098700,98700,2020-04-08 06:00:00,0.010699159525399168,0.04808888852620572,0.06252222530264755,0.09139023555631309
hour-098800,98800,2020-04-12 10:00:00,0.018186559161850892,0.016874513327656198,0.010191321941285787,0.008388728613563804
hour-098900,98900,2020-04-16 14:00:00,0.011336467512506563,0.04609158873794328,0.01359623279358316,0.015159308845321542
hour-099000,99000,2020-04-20 18:00:00,0.013210258252313518,0.02389167587485931,0.014371724255609408,0.010762787789310065
hour-099100,99100,2020-04-24 22:00:00,0.02496733438056906,0.06091306343466668,0.02210601100120659,0.021329330818968165
hour-099200,99200,2020-04-29 02:00:00,0.011940529845213496,0.05837690280287163,0.029125844440904214,0.03298292537476493
hour-099300,99300,2020-05-03 06:00:00,0.008046229488423082,0.0319724663219834,0.009768952503199018,0.014654085045655218
hour-099400,99400,2020-05-07 10:00:00,0.012457623105103911,0.03212012524456775,0.011551935169541469,0.016641133469913916
hour-099500,99500,2020-05-11 14:00:00,0.022834426325600742,0.11769379228155327,0.018670359219009593,0.024670750908030538
hour-099600,99600,2020-05-15 18:00:00,0.012827764821743356,0.04864303471252246,0.019762071214635635,0.013781375465974745
hour-099700,99700,2020-05-19 22:00:00,0.03147493495697407,0.05142574273797659,0.027883261144402063,0.07431472704799806
hour-099800,99800,2020-05-24 02:00:00,0.017084193545559682,0.05029229781654302,0.01361175611546411,0.020546755327805963
hour-099900,99900,2020-05-28 06:00:00,0.003676576832351931,0.02639974586178069,0.01609078885409698,0.02566675003863525
hour-100000,100000,2020-06-01 10:00:00,0.010975058514909588,0.044141945228235634,0.036719332341406244,0.04267888190334203
hour-100100,100100,2020-06-05 14:00:00,0.005513993946119312,0.034988294812194794,0.019421303161913935,0.02011079066437997
hour-100200,100200,2020-06-09 18:00:00,0.014275127056698922,0.05500167240771583,0.009996144512759665,0.020475052183575843
hour-100300,100300,2020-06-13 22:00:00,0.008082202349093175,0.061769148707460475,0.02003294192492829,0.039703701985604016
hour-100400,100400,2020-06-18 02:00:00,0.009370912774839998,0.035944558920145545,0.012011472163094058,0.008524294772786817
hour-100500,100500,2020-06-22 06:00:00,0.013311527020698924,0.017987801589407132,0.007113388684462543,0.00805287504782604
hour-100600,100600,2020-06-26 10:00:00,0.010990553389964963,0.04361728658085549,0.009853929448097012,0.008518377021802706
hour-100700,100700,2020-06-30 14:00:00,0.015138046772690124,0.03584066262860957,0.03257052962785729,0.030375895495282183
hour-100800,100800,2020-07-04 18:00:00,0.014154497406080593,0.08790385417331767,0.03133914598791179,0.12812368972134755
hour-100900,100900,2020-07-08 22:00:00,0.009794820102606263,0.03556227308675992,0.018722819229660456,0.01344991675523108
hour-101000,101000,2020-07-13 02:00:00,0.006108856975314082,0.03883099032816348,0.012582062386611375,0.007738515739037824
hour-101100,101100,2020-07-17 06:00:00,0.014879829589117736,0.07726689514320509,0.029314134021704075,0.07588767387910743
hour-101200,101200,2020-07-21 10:00:00,0.02076256085205555,0.12735661775042859,0.02419640399069904,0.017516163044192457
hour-101300,101300,2020-07-25 14:00:00,0.027346725177485796,0.18113912725839695,0.04930487090519282,0.016590125281629727
hour-101400,101400,2020-07-29 18:00:00,0.03060254969522157,0.03869061357609554,0.015972088884578774,0.025298139669945676
hour-101500,101500,2020-08-02 22:00:00,0.005137246591641458,0.052268866785920624,0.010839127287610014,0.013378579712622133
hour-101600,101600,2020-08-07 02:00:00,0.008787274655035147,0.024435669994563182,0.0077123021334050655,0.007245156910156912
hour-101700,101700,2020-08-11 06:00:00,0.012525294929753156,0.07131663238720644,0.017347992679950328,0.02490195734582596
hour-101800,101800,2020-08-15 10:00:00,0.016511414417832663,0.02936196381391411,0.01626979211887406,0.00907437185825597
hour-101900,101900,2020-08-19 14:00:00,0.01744930307396833,0.05701122521729862,0.02116949600287589,0.010625641838351296
hour-102000,102000,2020-08-23 18:00:00,0.032243041705602514,0.06536795872887315,0.033235033977601434,0.02085269735869923
hour-102100,102100,2020-08-27 22:00:00,0.007901293587681308,0.0431769938025965,0.013475130246812858,0.024554548451069972
hour-102200,102200,2020-09-01 02:00:00,0.0207969934564258,0.029760437213778565,0.024148330801242547,0.04497757116502874
hour-102300,102300,2020-09-05 06:00:00,0.007114977035396954,0.01916996900598472,0.010731409149123662,0.008115535967523343
hour-102400,102400,2020-09-09 10:00:00,0.01616613374369187,0.027874953551352846,0.010426843347180553,0.0159990768731301
hour-102500,102500,2020-09-13 14:00:00,0.009241285033954954,0.055328342827046684,0.008985067024533522,0.005489678924390427
hour-102600,102600,2020-09-17 18:00:00,0.009785710625788214,0.07536736198500643,0.01816191787197153,0.026684090525380472
hour-102700,102700,2020-09-21 22:00:00,0.006886116762635966,0.09896986549337995,0.0482285203203836,0.02610606529662216
hour-102800,102800,2020-09-26 02:00:00,0.011432694327224841,0.030750649057210908,0.017991592816940804,0.02109270161142176
hour-102900,102900,2020-09-30 06:00:00,0.0066361077316066,0.037147576526872034,0.016534893592379037,0.010416930210822977
hour-103000,103000,2020-10-04 10:00:00,0.017389998346831536,0.04405232841824708,0.02163490118563196,0.017865010633453176
hour-103100,103100,2020-10-08 14:00:00,0.009725182948356937,0.05102994987652379,0.019470481939857183,0.01854332367628612
hour-103200,103200,2020-10-12 18:00:00,0.005125273512350774,0.02238897585322902,0.005703345342599452,0.006506285420127806
hour-103300,103300,2020-10-16 22:00:00,0.006945235639881221,0.027357746393727605,0.009517158492563656,0.010686417379817976
hour-103400,103400,2020-10-21 02:00:00,0.011026607418217725,0.03169144561674804,0.011971067813916221,0.010483235853340293
hour-103500,103500,2020-10-25 06:00:00,0.02010363118475572,0.0844743629694908,0.01202273660843975,0.017276248394735193
hour-103600,103600,2020-10-29 10:00:00,0.015357442403730643,0.04401987411094016,0.00980751622508987,0.009360128777716787
hour-103700,103700,2020-11-02 14:00:00,0.010025727118790273,0.07172411757367207,0.01641921248938989,0.019000612144755957
hour-103800,103800,2020-11-06 18:00:00,0.006043379799647393,0.034622702210130585,0.013996048580026415,0.006530040903119422
hour-103900,103900,2020-11-10 22:00:00,0.06646550359917278,0.10590525473917267,0.028058948277728965,0.07898733132368468
hour-104000,104000,2020-11-15 02:00:00,0.0168696041784957,0.15412905284608755,0.01911479512776059,0.039235666083225276
hour-104100,104100,2020-11-19 06:00:00,0.010068903855811492,0.046253832336509176,0.01427373955062046,0.015621398968741335
hour-104200,104200,2020-11-23 10:00:00,0.01950576078278027,0.0514975652869927,0.02610657842274537,0.036107703466286833
hour-104300,104300,2020-11-27 14:00:00,0.0073915336614035765,0.06854893795088127,0.034569045787452665,0.026038810357692094
hour-104400,104400,2020-12-01 18:00:00,0.008244171042897219,0.0446567760264919,0.03075057230149457,0.02593944777885246
hour-104500,104500,2020-12-05 22:00:00,0.011262278551378294,0.05250045316324289,0.01082274219975549,0.007701821201699736
hour-104600,104600,2020-12-10 02:00:00,0.01091477025454709,0.04175745609682,0.023609334344879215,0.012654993560370614
hour-104700,104700,2020-12-14 06:00:00,0.02720528277442925,0.11285601620527866,0.025741174665663218,0.018275520312178373
hour-104800,104800,2020-12-18 10:00:00,,,,
